[10:27:54] [main/DEBUG] [FML/]: Injecting tracing printstreams for STDOUT/STDERR.
[10:27:54] [main/INFO] [FML/]: Forge Mod Loader version 11.15.1.2318 for Minecraft 1.8.9 loading
[10:27:54] [main/INFO] [FML/]: Java is Java HotSpot(TM) 64-Bit Server VM, version 1.8.0_431, running on Windows 11:amd64:10.0, installed at C:\Program Files\Java\jre1.8.0_431
[10:27:54] [main/DEBUG] [FML/]: Java classpath at launch is C:/Users/tanavm/Documents/MultiMC/jars/NewLaunch.jar;C:/Users/tanavm/Documents/MultiMC/libraries/net/java/jinput/jinput/2.0.5/jinput-2.0.5.jar;C:/Users/tanavm/Documents/MultiMC/libraries/net/java/jutils/jutils/1.0.0/jutils-1.0.0.jar;C:/Users/tanavm/Documents/MultiMC/libraries/org/lwjgl/lwjgl/lwjgl/2.9.4-nightly-20150209/lwjgl-2.9.4-nightly-20150209.jar;C:/Users/tanavm/Documents/MultiMC/libraries/org/lwjgl/lwjgl/lwjgl_util/2.9.4-nightly-20150209/lwjgl_util-2.9.4-nightly-20150209.jar;C:/Users/tanavm/Documents/MultiMC/libraries/com/mojang/netty/1.8.8/netty-1.8.8.jar;C:/Users/tanavm/Documents/MultiMC/libraries/oshi-project/oshi-core/1.1/oshi-core-1.1.jar;C:/Users/tanavm/Documents/MultiMC/libraries/net/java/dev/jna/jna/3.4.0/jna-3.4.0.jar;C:/Users/tanavm/Documents/MultiMC/libraries/net/java/dev/jna/platform/3.4.0/platform-3.4.0.jar;C:/Users/tanavm/Documents/MultiMC/libraries/com/ibm/icu/icu4j-core-mojang/51.2/icu4j-core-mojang-51.2.jar;C:/Users/tanavm/Documents/MultiMC/libraries/net/sf/jopt-simple/jopt-simple/4.6/jopt-simple-4.6.jar;C:/Users/tanavm/Documents/MultiMC/libraries/com/paulscode/codecjorbis/20101023/codecjorbis-20101023.jar;C:/Users/tanavm/Documents/MultiMC/libraries/com/paulscode/codecwav/20101023/codecwav-20101023.jar;C:/Users/tanavm/Documents/MultiMC/libraries/com/paulscode/libraryjavasound/20101123/libraryjavasound-20101123.jar;C:/Users/tanavm/Documents/MultiMC/libraries/com/paulscode/librarylwjglopenal/20100824/librarylwjglopenal-20100824.jar;C:/Users/tanavm/Documents/MultiMC/libraries/com/paulscode/soundsystem/20120107/soundsystem-20120107.jar;C:/Users/tanavm/Documents/MultiMC/libraries/io/netty/netty-all/4.0.23.Final/netty-all-4.0.23.Final.jar;C:/Users/tanavm/Documents/MultiMC/libraries/com/google/guava/guava/17.0/guava-17.0.jar;C:/Users/tanavm/Documents/MultiMC/libraries/org/apache/commons/commons-lang3/3.3.2/commons-lang3-3.3.2.jar;C:/Users/tanavm/Documents/MultiMC/libraries/commons-io/commons-io/2.4/commons-io-2.4.jar;C:/Users/tanavm/Documents/MultiMC/libraries/commons-codec/commons-codec/1.9/commons-codec-1.9.jar;C:/Users/tanavm/Documents/MultiMC/libraries/com/google/code/gson/gson/2.2.4/gson-2.2.4.jar;C:/Users/tanavm/Documents/MultiMC/libraries/com/mojang/authlib/1.5.21/authlib-1.5.21.jar;C:/Users/tanavm/Documents/MultiMC/libraries/com/mojang/realms/1.7.59/realms-1.7.59.jar;C:/Users/tanavm/Documents/MultiMC/libraries/org/apache/commons/commons-compress/1.8.1/commons-compress-1.8.1.jar;C:/Users/tanavm/Documents/MultiMC/libraries/org/apache/httpcomponents/httpclient/4.3.3/httpclient-4.3.3.jar;C:/Users/tanavm/Documents/MultiMC/libraries/commons-logging/commons-logging/1.1.3/commons-logging-1.1.3.jar;C:/Users/tanavm/Documents/MultiMC/libraries/org/apache/httpcomponents/httpcore/4.3.2/httpcore-4.3.2.jar;C:/Users/tanavm/Documents/MultiMC/libraries/org/apache/logging/log4j/log4j-api/2.0-beta9-fixed/log4j-api-2.0-beta9-fixed.jar;C:/Users/tanavm/Documents/MultiMC/libraries/org/apache/logging/log4j/log4j-core/2.0-beta9-fixed/log4j-core-2.0-beta9-fixed.jar;C:/Users/tanavm/Documents/MultiMC/libraries/tv/twitch/twitch/6.5/twitch-6.5.jar;C:/Users/tanavm/Documents/MultiMC/libraries/net/minecraftforge/forge/1.8.9-11.15.1.2318-1.8.9/forge-1.8.9-11.15.1.2318-1.8.9-universal.jar;C:/Users/tanavm/Documents/MultiMC/libraries/net/minecraft/launchwrapper/1.12/launchwrapper-1.12.jar;C:/Users/tanavm/Documents/MultiMC/libraries/org/ow2/asm/asm-all/5.0.3/asm-all-5.0.3.jar;C:/Users/tanavm/Documents/MultiMC/libraries/jline/jline/2.13/jline-2.13.jar;C:/Users/tanavm/Documents/MultiMC/libraries/com/typesafe/akka/akka-actor_2.11/2.3.3/akka-actor_2.11-2.3.3.jar;C:/Users/tanavm/Documents/MultiMC/libraries/com/typesafe/config/1.2.1/config-1.2.1.jar;C:/Users/tanavm/Documents/MultiMC/libraries/org/scala-lang/scala-actors-migration_2.11/1.1.0/scala-actors-migration_2.11-1.1.0.jar;C:/Users/tanavm/Documents/MultiMC/libraries/org/scala-lang/scala-compiler/2.11.1/scala-compiler-2.11.1.jar;C:/Users/tanavm/Documents/MultiMC/libraries/org/scala-lang/plugins/scala-continuations-library_2.11/1.0.2/scala-continuations-library_2.11-1.0.2.jar;C:/Users/tanavm/Documents/MultiMC/libraries/org/scala-lang/plugins/scala-continuations-plugin_2.11.1/1.0.2/scala-continuations-plugin_2.11.1-1.0.2.jar;C:/Users/tanavm/Documents/MultiMC/libraries/org/scala-lang/scala-library/2.11.1/scala-library-2.11.1.jar;C:/Users/tanavm/Documents/MultiMC/libraries/org/scala-lang/scala-parser-combinators_2.11/1.0.1/scala-parser-combinators_2.11-1.0.1.jar;C:/Users/tanavm/Documents/MultiMC/libraries/org/scala-lang/scala-reflect/2.11.1/scala-reflect-2.11.1.jar;C:/Users/tanavm/Documents/MultiMC/libraries/org/scala-lang/scala-swing_2.11/1.0.1/scala-swing_2.11-1.0.1.jar;C:/Users/tanavm/Documents/MultiMC/libraries/org/scala-lang/scala-xml_2.11/1.0.2/scala-xml_2.11-1.0.2.jar;C:/Users/tanavm/Documents/MultiMC/libraries/lzma/lzma/0.0.1/lzma-0.0.1.jar;C:/Users/tanavm/Documents/MultiMC/libraries/java3d/vecmath/1.5.2/vecmath-1.5.2.jar;C:/Users/tanavm/Documents/MultiMC/libraries/net/sf/trove4j/trove4j/3.0.3/trove4j-3.0.3.jar;C:/Users/tanavm/Documents/MultiMC/libraries/com/mojang/minecraft/1.8.9/minecraft-1.8.9-client.jar
[10:27:54] [main/DEBUG] [FML/]: Java library path at launch is C:/Users/tanavm/Documents/MultiMC/instances/v1.8.9/natives
[10:27:54] [main/DEBUG] [FML/]: Enabling runtime deobfuscation
[10:27:54] [main/DEBUG] [FML/]: Instantiating coremod class FMLCorePlugin
[10:27:54] [main/DEBUG] [FML/]: Added access transformer class net.minecraftforge.fml.common.asm.transformers.AccessTransformer to enqueued access transformers
[10:27:54] [main/DEBUG] [FML/]: Enqueued coremod FMLCorePlugin
[10:27:54] [main/DEBUG] [FML/]: Instantiating coremod class FMLForgePlugin
[10:27:54] [main/DEBUG] [FML/]: Enqueued coremod FMLForgePlugin
[10:27:54] [main/DEBUG] [FML/]: All fundamental core mods are successfully located
[10:27:54] [main/DEBUG] [FML/]: Attempting to load commandline specified mods, relative to C:\Users\tanavm\Documents\MultiMC\instances\v1.8.9\.minecraft
[10:27:54] [main/DEBUG] [FML/]: Discovering coremods
[10:27:54] [main/DEBUG] [FML/]: Examining for coremod candidacy [1.8.9]bspkrsCore-universal-1.8.9.2.jar
[10:27:54] [main/DEBUG] [FML/]: Not found coremod data in [1.8.9]bspkrsCore-universal-1.8.9.2.jar
[10:27:54] [main/DEBUG] [FML/]: Examining for coremod candidacy [1.8.9]StatusEffectHUD-client-1.8.9.2.jar
[10:27:54] [main/DEBUG] [FML/]: Not found coremod data in [1.8.9]StatusEffectHUD-client-1.8.9.2.jar
[10:27:54] [main/DEBUG] [FML/]: Examining for coremod candidacy Block_Overlay_4.0.3.jar
[10:27:54] [main/TRACE] [FML/]: Found FMLCorePluginContainsFMLMod marker in Block_Overlay_4.0.3.jar, it will be examined later for regular @Mod instances
[10:27:54] [main/DEBUG] [FML/]: Instantiating coremod class LoadingPlugin
[10:27:54] [main/DEBUG] [FML/]: The coremod me.aycy.blockoverlay.asm.LoadingPlugin requested minecraft version 1.8.9 and minecraft is 1.8.9. It will be loaded.
[10:27:54] [main/DEBUG] [FML/]: Enqueued coremod LoadingPlugin
[10:27:54] [main/DEBUG] [FML/]: Examining for coremod candidacy Essential-Client-Mod-Forge-1.8.9.jar
[10:27:54] [main/INFO] [FML/]: Loading tweaker gg.essential.loader.stage0.EssentialSetupTweaker from Essential-Client-Mod-Forge-1.8.9.jar
[10:27:54] [main/DEBUG] [FML/]: Examining for coremod candidacy EvergreenHUD-1.8.9-forge-2.1.7.jar
[10:27:54] [main/INFO] [FML/]: Loading tweaker cc.polyfrost.oneconfig.loader.stage0.LaunchWrapperTweaker from EvergreenHUD-1.8.9-forge-2.1.7.jar
[10:27:54] [main/DEBUG] [FML/]: Examining for coremod candidacy Hytils Reborn-1.8.9-forge-1.7.3.jar
[10:27:54] [main/INFO] [FML/]: Loading tweaker cc.polyfrost.oneconfig.loader.stage0.LaunchWrapperTweaker from Hytils Reborn-1.8.9-forge-1.7.3.jar
[10:27:54] [main/DEBUG] [FML/]: Examining for coremod candidacy Keystrokes-1.8.9-forge-1.0.0.jar
[10:27:54] [main/INFO] [FML/]: Loading tweaker cc.polyfrost.oneconfig.loader.stage0.LaunchWrapperTweaker from Keystrokes-1.8.9-forge-1.0.0.jar
[10:27:54] [main/DEBUG] [FML/]: Examining for coremod candidacy MouseDelayFix-1.0.1.jar
[10:27:54] [main/TRACE] [FML/]: Adding MouseDelayFix-1.0.1.jar to the list of known coremods, it will not be examined again
[10:27:54] [main/DEBUG] [FML/]: Instantiating coremod class FMLLoadingPlugin
[10:27:54] [main/WARN] [FML/]: The coremod io.prplz.mousedelayfix.FMLLoadingPlugin does not have a MCVersion annotation, it may cause issues with this version of Minecraft
[10:27:54] [main/DEBUG] [FML/]: Enqueued coremod FMLLoadingPlugin
[10:27:54] [main/DEBUG] [FML/]: Examining for coremod candidacy PolyCrosshair-1.8.9-forge-1.0.3.jar
[10:27:54] [main/INFO] [FML/]: Loading tweaker cc.polyfrost.oneconfig.loader.stage0.LaunchWrapperTweaker from PolyCrosshair-1.8.9-forge-1.0.3.jar
[10:27:54] [main/DEBUG] [FML/]: Examining for coremod candidacy PolyPatcher-1.8.9-forge-1.10.1.jar
[10:27:54] [main/INFO] [FML/]: Loading tweaker cc.polyfrost.oneconfig.loader.stage0.LaunchWrapperTweaker from PolyPatcher-1.8.9-forge-1.10.1.jar
[10:27:54] [main/DEBUG] [FML/]: Examining for coremod candidacy PolySprint-1.8.9-forge-1.0.1.jar
[10:27:54] [main/INFO] [FML/]: Loading tweaker cc.polyfrost.oneconfig.loader.stage0.LaunchWrapperTweaker from PolySprint-1.8.9-forge-1.0.1.jar
[10:27:54] [main/DEBUG] [FML/]: Examining for coremod candidacy preview_OptiFine_1.8.9_HD_U_M6_pre2.jar
[10:27:54] [main/INFO] [FML/]: Loading tweaker optifine.OptiFineForgeTweaker from preview_OptiFine_1.8.9_HD_U_M6_pre2.jar
[10:27:54] [main/DEBUG] [FML/]: Examining for coremod candidacy Squeedometer-mc1.8.x-1.0.4.jar
[10:27:54] [main/DEBUG] [FML/]: Not found coremod data in Squeedometer-mc1.8.x-1.0.4.jar
[10:27:54] [main/DEBUG] [FML/]: Examining for coremod candidacy TimeChanger-2.2.1.jar
[10:27:54] [main/INFO] [FML/]: Loading tweaker org.spongepowered.asm.launch.MixinTweaker from TimeChanger-2.2.1.jar
[10:27:54] [main/DEBUG] [FML/]: Examining for coremod candidacy TNT-Time-Mod-Forge-1.8.9.jar
[10:27:54] [main/INFO] [FML/]: Loading tweaker gg.essential.loader.stage0.EssentialSetupTweaker from TNT-Time-Mod-Forge-1.8.9.jar
[10:27:54] [main/INFO] [LaunchWrapper/]: Loading tweak class name net.minecraftforge.fml.common.launcher.FMLInjectionAndSortingTweaker
[10:27:54] [main/INFO] [LaunchWrapper/]: Loading tweak class name gg.essential.loader.stage0.EssentialSetupTweaker
[10:27:54] [main/DEBUG] [gg.essential.loader.stage0.EssentialLoader/]: Found stage1 version 9: file:/C:/Users/tanavm/Documents/MultiMC/instances/v1.8.9/.minecraft/essential/loader/stage0/launchwrapper/stage1.jar
[10:27:54] [main/DEBUG] [gg.essential.loader.stage0.EssentialLoader/]: Found stage1 version 9: jar:file:/C:/Users/tanavm/Documents/MultiMC/instances/v1.8.9/.minecraft/mods/Essential-Client-Mod-Forge-1.8.9.jar!/gg/essential/loader/stage0/stage1.jar
[10:27:54] [main/DEBUG] [gg.essential.loader.stage0.EssentialLoader/]: Found stage1 version 2: jar:file:/C:/Users/tanavm/Documents/MultiMC/instances/v1.8.9/.minecraft/mods/TNT-Time-Mod-Forge-1.8.9.jar!/gg/essential/loader/stage0/stage1.jar
[10:27:54] [main/TRACE] [gg.essential.loader.stage1.EssentialLoaderBase/]: Reading properties file at jar:file:/C:/Users/tanavm/Documents/MultiMC/instances/v1.8.9/.minecraft/mods/Essential-Client-Mod-Forge-1.8.9.jar!/essential-loader-stage2.properties
[10:27:54] [main/INFO] [gg.essential.loader.stage1.EssentialLoaderBase/]: Starting Essential Loader (stage2) version 1.6.2 (04447d7f5abf361e4fe3d7d995d4d000) [stable]
[10:27:54] [main/TRACE] [gg.essential.loader.stage2.EssentialLoaderBase/]: Reading properties file at jar:file:/C:/Users/tanavm/Documents/MultiMC/instances/v1.8.9/.minecraft/mods/Essential-Client-Mod-Forge-1.8.9.jar!/essential-loader.properties
[10:27:54] [main/TRACE] [gg.essential.loader.stage2.EssentialLoaderBase/]: Checked property for Essential branch, was not supplied.
[10:27:54] [main/TRACE] [gg.essential.loader.stage2.EssentialLoaderBase/]: Checked environment for Essential branch, was not supplied.
[10:27:54] [main/TRACE] [gg.essential.loader.stage2.EssentialLoaderBase/]: Checked config for Essential branch, was not supplied.
[10:27:54] [main/TRACE] [gg.essential.loader.stage2.EssentialLoaderBase/]: Checked file for Essential branch, was not supplied.
[10:27:54] [main/DEBUG] [gg.essential.loader.stage2.EssentialLoaderBase/]: Essential branch set to "stable" via default.
[10:27:54] [main/DEBUG] [gg.essential.loader.stage2.EssentialLoader/]: Found ASM 5.0.3 loaded, we bundle 5.2
[10:27:54] [main/WARN] [gg.essential.loader.stage2.EssentialLoader/]: Found an old version of ASM (5.0.3). This may cause issues.
[10:27:54] [main/WARN] [gg.essential.loader.stage2.relaunch.Relaunch/]: 
[10:27:54] [main/WARN] [gg.essential.loader.stage2.relaunch.Relaunch/]: 
[10:27:54] [main/WARN] [gg.essential.loader.stage2.relaunch.Relaunch/]: 
[10:27:54] [main/WARN] [gg.essential.loader.stage2.relaunch.Relaunch/]: ==================================================================================
[10:27:54] [main/WARN] [gg.essential.loader.stage2.relaunch.Relaunch/]: Attempting re-launch to load the newer version instead.
[10:27:54] [main/WARN] [gg.essential.loader.stage2.relaunch.Relaunch/]: 
[10:27:54] [main/WARN] [gg.essential.loader.stage2.relaunch.Relaunch/]: If AND ONLY IF you know what you are doing, have fixed the issue manually and need
[10:27:54] [main/WARN] [gg.essential.loader.stage2.relaunch.Relaunch/]: to suppress this behavior (did you really fix it then?), you can set the
[10:27:54] [main/WARN] [gg.essential.loader.stage2.relaunch.Relaunch/]: "essential.loader.relaunch" system property to false.
[10:27:54] [main/WARN] [gg.essential.loader.stage2.relaunch.Relaunch/]: ==================================================================================
[10:27:54] [main/WARN] [gg.essential.loader.stage2.relaunch.Relaunch/]: 
[10:27:54] [main/WARN] [gg.essential.loader.stage2.relaunch.Relaunch/]: 
[10:27:54] [main/WARN] [gg.essential.loader.stage2.relaunch.Relaunch/]: 
[10:27:54] [main/DEBUG] [gg.essential.loader.stage2.relaunch.Relaunch/]: Re-launching with classpath:
[10:27:54] [main/DEBUG] [gg.essential.loader.stage2.relaunch.Relaunch/]:     file:/C:/Users/tanavm/Documents/MultiMC/instances/v1.8.9/.minecraft/essential/Essential%20(forge_1.8.9).processed.jar
[10:27:54] [main/DEBUG] [gg.essential.loader.stage2.relaunch.Relaunch/]:     file:/C:/Users/tanavm/Documents/MultiMC/jars/NewLaunch.jar
[10:27:54] [main/DEBUG] [gg.essential.loader.stage2.relaunch.Relaunch/]:     file:/C:/Users/tanavm/Documents/MultiMC/libraries/net/java/jinput/jinput/2.0.5/jinput-2.0.5.jar
[10:27:54] [main/DEBUG] [gg.essential.loader.stage2.relaunch.Relaunch/]:     file:/C:/Users/tanavm/Documents/MultiMC/libraries/net/java/jutils/jutils/1.0.0/jutils-1.0.0.jar
[10:27:54] [main/DEBUG] [gg.essential.loader.stage2.relaunch.Relaunch/]:     file:/C:/Users/tanavm/Documents/MultiMC/libraries/org/lwjgl/lwjgl/lwjgl/2.9.4-nightly-20150209/lwjgl-2.9.4-nightly-20150209.jar
[10:27:54] [main/DEBUG] [gg.essential.loader.stage2.relaunch.Relaunch/]:     file:/C:/Users/tanavm/Documents/MultiMC/libraries/org/lwjgl/lwjgl/lwjgl_util/2.9.4-nightly-20150209/lwjgl_util-2.9.4-nightly-20150209.jar
[10:27:54] [main/DEBUG] [gg.essential.loader.stage2.relaunch.Relaunch/]:     file:/C:/Users/tanavm/Documents/MultiMC/libraries/com/mojang/netty/1.8.8/netty-1.8.8.jar
[10:27:54] [main/DEBUG] [gg.essential.loader.stage2.relaunch.Relaunch/]:     file:/C:/Users/tanavm/Documents/MultiMC/libraries/oshi-project/oshi-core/1.1/oshi-core-1.1.jar
[10:27:54] [main/DEBUG] [gg.essential.loader.stage2.relaunch.Relaunch/]:     file:/C:/Users/tanavm/Documents/MultiMC/libraries/net/java/dev/jna/jna/3.4.0/jna-3.4.0.jar
[10:27:54] [main/DEBUG] [gg.essential.loader.stage2.relaunch.Relaunch/]:     file:/C:/Users/tanavm/Documents/MultiMC/libraries/net/java/dev/jna/platform/3.4.0/platform-3.4.0.jar
[10:27:54] [main/DEBUG] [gg.essential.loader.stage2.relaunch.Relaunch/]:     file:/C:/Users/tanavm/Documents/MultiMC/libraries/com/ibm/icu/icu4j-core-mojang/51.2/icu4j-core-mojang-51.2.jar
[10:27:54] [main/DEBUG] [gg.essential.loader.stage2.relaunch.Relaunch/]:     file:/C:/Users/tanavm/Documents/MultiMC/libraries/net/sf/jopt-simple/jopt-simple/4.6/jopt-simple-4.6.jar
[10:27:54] [main/DEBUG] [gg.essential.loader.stage2.relaunch.Relaunch/]:     file:/C:/Users/tanavm/Documents/MultiMC/libraries/com/paulscode/codecjorbis/20101023/codecjorbis-20101023.jar
[10:27:54] [main/DEBUG] [gg.essential.loader.stage2.relaunch.Relaunch/]:     file:/C:/Users/tanavm/Documents/MultiMC/libraries/com/paulscode/codecwav/20101023/codecwav-20101023.jar
[10:27:54] [main/DEBUG] [gg.essential.loader.stage2.relaunch.Relaunch/]:     file:/C:/Users/tanavm/Documents/MultiMC/libraries/com/paulscode/libraryjavasound/20101123/libraryjavasound-20101123.jar
[10:27:54] [main/DEBUG] [gg.essential.loader.stage2.relaunch.Relaunch/]:     file:/C:/Users/tanavm/Documents/MultiMC/libraries/com/paulscode/librarylwjglopenal/20100824/librarylwjglopenal-20100824.jar
[10:27:54] [main/DEBUG] [gg.essential.loader.stage2.relaunch.Relaunch/]:     file:/C:/Users/tanavm/Documents/MultiMC/libraries/com/paulscode/soundsystem/20120107/soundsystem-20120107.jar
[10:27:54] [main/DEBUG] [gg.essential.loader.stage2.relaunch.Relaunch/]:     file:/C:/Users/tanavm/Documents/MultiMC/libraries/io/netty/netty-all/4.0.23.Final/netty-all-4.0.23.Final.jar
[10:27:54] [main/DEBUG] [gg.essential.loader.stage2.relaunch.Relaunch/]:     file:/C:/Users/tanavm/Documents/MultiMC/libraries/com/google/guava/guava/17.0/guava-17.0.jar
[10:27:54] [main/DEBUG] [gg.essential.loader.stage2.relaunch.Relaunch/]:     file:/C:/Users/tanavm/Documents/MultiMC/libraries/org/apache/commons/commons-lang3/3.3.2/commons-lang3-3.3.2.jar
[10:27:54] [main/DEBUG] [gg.essential.loader.stage2.relaunch.Relaunch/]:     file:/C:/Users/tanavm/Documents/MultiMC/libraries/commons-io/commons-io/2.4/commons-io-2.4.jar
[10:27:54] [main/DEBUG] [gg.essential.loader.stage2.relaunch.Relaunch/]:     file:/C:/Users/tanavm/Documents/MultiMC/libraries/commons-codec/commons-codec/1.9/commons-codec-1.9.jar
[10:27:54] [main/DEBUG] [gg.essential.loader.stage2.relaunch.Relaunch/]:     file:/C:/Users/tanavm/Documents/MultiMC/libraries/com/google/code/gson/gson/2.2.4/gson-2.2.4.jar
[10:27:54] [main/DEBUG] [gg.essential.loader.stage2.relaunch.Relaunch/]:     file:/C:/Users/tanavm/Documents/MultiMC/libraries/com/mojang/authlib/1.5.21/authlib-1.5.21.jar
[10:27:54] [main/DEBUG] [gg.essential.loader.stage2.relaunch.Relaunch/]:     file:/C:/Users/tanavm/Documents/MultiMC/libraries/com/mojang/realms/1.7.59/realms-1.7.59.jar
[10:27:54] [main/DEBUG] [gg.essential.loader.stage2.relaunch.Relaunch/]:     file:/C:/Users/tanavm/Documents/MultiMC/libraries/org/apache/commons/commons-compress/1.8.1/commons-compress-1.8.1.jar
[10:27:54] [main/DEBUG] [gg.essential.loader.stage2.relaunch.Relaunch/]:     file:/C:/Users/tanavm/Documents/MultiMC/libraries/org/apache/httpcomponents/httpclient/4.3.3/httpclient-4.3.3.jar
[10:27:54] [main/DEBUG] [gg.essential.loader.stage2.relaunch.Relaunch/]:     file:/C:/Users/tanavm/Documents/MultiMC/libraries/commons-logging/commons-logging/1.1.3/commons-logging-1.1.3.jar
[10:27:54] [main/DEBUG] [gg.essential.loader.stage2.relaunch.Relaunch/]:     file:/C:/Users/tanavm/Documents/MultiMC/libraries/org/apache/httpcomponents/httpcore/4.3.2/httpcore-4.3.2.jar
[10:27:54] [main/DEBUG] [gg.essential.loader.stage2.relaunch.Relaunch/]:     file:/C:/Users/tanavm/Documents/MultiMC/libraries/org/apache/logging/log4j/log4j-api/2.0-beta9-fixed/log4j-api-2.0-beta9-fixed.jar
[10:27:54] [main/DEBUG] [gg.essential.loader.stage2.relaunch.Relaunch/]:     file:/C:/Users/tanavm/Documents/MultiMC/libraries/org/apache/logging/log4j/log4j-core/2.0-beta9-fixed/log4j-core-2.0-beta9-fixed.jar
[10:27:54] [main/DEBUG] [gg.essential.loader.stage2.relaunch.Relaunch/]:     file:/C:/Users/tanavm/Documents/MultiMC/libraries/tv/twitch/twitch/6.5/twitch-6.5.jar
[10:27:54] [main/DEBUG] [gg.essential.loader.stage2.relaunch.Relaunch/]:     file:/C:/Users/tanavm/Documents/MultiMC/libraries/net/minecraftforge/forge/1.8.9-11.15.1.2318-1.8.9/forge-1.8.9-11.15.1.2318-1.8.9-universal.jar
[10:27:54] [main/DEBUG] [gg.essential.loader.stage2.relaunch.Relaunch/]:     file:/C:/Users/tanavm/Documents/MultiMC/libraries/net/minecraft/launchwrapper/1.12/launchwrapper-1.12.jar
[10:27:54] [main/DEBUG] [gg.essential.loader.stage2.relaunch.Relaunch/]:     file:/C:/Users/tanavm/Documents/MultiMC/libraries/org/ow2/asm/asm-all/5.0.3/asm-all-5.0.3.jar
[10:27:54] [main/DEBUG] [gg.essential.loader.stage2.relaunch.Relaunch/]:     file:/C:/Users/tanavm/Documents/MultiMC/libraries/jline/jline/2.13/jline-2.13.jar
[10:27:54] [main/DEBUG] [gg.essential.loader.stage2.relaunch.Relaunch/]:     file:/C:/Users/tanavm/Documents/MultiMC/libraries/com/typesafe/akka/akka-actor_2.11/2.3.3/akka-actor_2.11-2.3.3.jar
[10:27:54] [main/DEBUG] [gg.essential.loader.stage2.relaunch.Relaunch/]:     file:/C:/Users/tanavm/Documents/MultiMC/libraries/com/typesafe/config/1.2.1/config-1.2.1.jar
[10:27:54] [main/DEBUG] [gg.essential.loader.stage2.relaunch.Relaunch/]:     file:/C:/Users/tanavm/Documents/MultiMC/libraries/org/scala-lang/scala-actors-migration_2.11/1.1.0/scala-actors-migration_2.11-1.1.0.jar
[10:27:54] [main/DEBUG] [gg.essential.loader.stage2.relaunch.Relaunch/]:     file:/C:/Users/tanavm/Documents/MultiMC/libraries/org/scala-lang/scala-compiler/2.11.1/scala-compiler-2.11.1.jar
[10:27:54] [main/DEBUG] [gg.essential.loader.stage2.relaunch.Relaunch/]:     file:/C:/Users/tanavm/Documents/MultiMC/libraries/org/scala-lang/plugins/scala-continuations-library_2.11/1.0.2/scala-continuations-library_2.11-1.0.2.jar
[10:27:54] [main/DEBUG] [gg.essential.loader.stage2.relaunch.Relaunch/]:     file:/C:/Users/tanavm/Documents/MultiMC/libraries/org/scala-lang/plugins/scala-continuations-plugin_2.11.1/1.0.2/scala-continuations-plugin_2.11.1-1.0.2.jar
[10:27:54] [main/DEBUG] [gg.essential.loader.stage2.relaunch.Relaunch/]:     file:/C:/Users/tanavm/Documents/MultiMC/libraries/org/scala-lang/scala-library/2.11.1/scala-library-2.11.1.jar
[10:27:54] [main/DEBUG] [gg.essential.loader.stage2.relaunch.Relaunch/]:     file:/C:/Users/tanavm/Documents/MultiMC/libraries/org/scala-lang/scala-parser-combinators_2.11/1.0.1/scala-parser-combinators_2.11-1.0.1.jar
[10:27:54] [main/DEBUG] [gg.essential.loader.stage2.relaunch.Relaunch/]:     file:/C:/Users/tanavm/Documents/MultiMC/libraries/org/scala-lang/scala-reflect/2.11.1/scala-reflect-2.11.1.jar
[10:27:54] [main/DEBUG] [gg.essential.loader.stage2.relaunch.Relaunch/]:     file:/C:/Users/tanavm/Documents/MultiMC/libraries/org/scala-lang/scala-swing_2.11/1.0.1/scala-swing_2.11-1.0.1.jar
[10:27:54] [main/DEBUG] [gg.essential.loader.stage2.relaunch.Relaunch/]:     file:/C:/Users/tanavm/Documents/MultiMC/libraries/org/scala-lang/scala-xml_2.11/1.0.2/scala-xml_2.11-1.0.2.jar
[10:27:54] [main/DEBUG] [gg.essential.loader.stage2.relaunch.Relaunch/]:     file:/C:/Users/tanavm/Documents/MultiMC/libraries/lzma/lzma/0.0.1/lzma-0.0.1.jar
[10:27:54] [main/DEBUG] [gg.essential.loader.stage2.relaunch.Relaunch/]:     file:/C:/Users/tanavm/Documents/MultiMC/libraries/java3d/vecmath/1.5.2/vecmath-1.5.2.jar
[10:27:54] [main/DEBUG] [gg.essential.loader.stage2.relaunch.Relaunch/]:     file:/C:/Users/tanavm/Documents/MultiMC/libraries/net/sf/trove4j/trove4j/3.0.3/trove4j-3.0.3.jar
[10:27:54] [main/DEBUG] [gg.essential.loader.stage2.relaunch.Relaunch/]:     file:/C:/Users/tanavm/Documents/MultiMC/libraries/com/mojang/minecraft/1.8.9/minecraft-1.8.9-client.jar
[10:27:54] [main/DEBUG] [gg.essential.loader.stage2.relaunch.Relaunch/]:     file:/C:/Users/tanavm/Documents/MultiMC/instances/v1.8.9/.minecraft/essential/loader/stage0/launchwrapper/stage1.jar
[10:27:54] [main/DEBUG] [gg.essential.loader.stage2.relaunch.Relaunch/]:     file:/C:/Users/tanavm/Documents/MultiMC/instances/v1.8.9/.minecraft/essential/loader/stage1/launchwrapper/stage2.forge_1.8.9.jar
[10:27:54] [main/INFO] [LaunchWrapper/]: Loading tweak class name net.minecraftforge.fml.common.launcher.FMLTweaker
[10:27:54] [main/INFO] [LaunchWrapper/]: Using primary tweak class name net.minecraftforge.fml.common.launcher.FMLTweaker
[10:27:54] [main/INFO] [LaunchWrapper/]: Calling tweak class net.minecraftforge.fml.common.launcher.FMLTweaker
[10:27:54] [main/DEBUG] [FML/]: Injecting tracing printstreams for STDOUT/STDERR.
[10:27:54] [main/INFO] [FML/]: Forge Mod Loader version 11.15.1.2318 for Minecraft 1.8.9 loading
[10:27:54] [main/INFO] [FML/]: Java is Java HotSpot(TM) 64-Bit Server VM, version 1.8.0_431, running on Windows 11:amd64:10.0, installed at C:\Program Files\Java\jre1.8.0_431
[10:27:54] [main/DEBUG] [FML/]: Java classpath at launch is C:/Users/tanavm/Documents/MultiMC/jars/NewLaunch.jar;C:/Users/tanavm/Documents/MultiMC/libraries/net/java/jinput/jinput/2.0.5/jinput-2.0.5.jar;C:/Users/tanavm/Documents/MultiMC/libraries/net/java/jutils/jutils/1.0.0/jutils-1.0.0.jar;C:/Users/tanavm/Documents/MultiMC/libraries/org/lwjgl/lwjgl/lwjgl/2.9.4-nightly-20150209/lwjgl-2.9.4-nightly-20150209.jar;C:/Users/tanavm/Documents/MultiMC/libraries/org/lwjgl/lwjgl/lwjgl_util/2.9.4-nightly-20150209/lwjgl_util-2.9.4-nightly-20150209.jar;C:/Users/tanavm/Documents/MultiMC/libraries/com/mojang/netty/1.8.8/netty-1.8.8.jar;C:/Users/tanavm/Documents/MultiMC/libraries/oshi-project/oshi-core/1.1/oshi-core-1.1.jar;C:/Users/tanavm/Documents/MultiMC/libraries/net/java/dev/jna/jna/3.4.0/jna-3.4.0.jar;C:/Users/tanavm/Documents/MultiMC/libraries/net/java/dev/jna/platform/3.4.0/platform-3.4.0.jar;C:/Users/tanavm/Documents/MultiMC/libraries/com/ibm/icu/icu4j-core-mojang/51.2/icu4j-core-mojang-51.2.jar;C:/Users/tanavm/Documents/MultiMC/libraries/net/sf/jopt-simple/jopt-simple/4.6/jopt-simple-4.6.jar;C:/Users/tanavm/Documents/MultiMC/libraries/com/paulscode/codecjorbis/20101023/codecjorbis-20101023.jar;C:/Users/tanavm/Documents/MultiMC/libraries/com/paulscode/codecwav/20101023/codecwav-20101023.jar;C:/Users/tanavm/Documents/MultiMC/libraries/com/paulscode/libraryjavasound/20101123/libraryjavasound-20101123.jar;C:/Users/tanavm/Documents/MultiMC/libraries/com/paulscode/librarylwjglopenal/20100824/librarylwjglopenal-20100824.jar;C:/Users/tanavm/Documents/MultiMC/libraries/com/paulscode/soundsystem/20120107/soundsystem-20120107.jar;C:/Users/tanavm/Documents/MultiMC/libraries/io/netty/netty-all/4.0.23.Final/netty-all-4.0.23.Final.jar;C:/Users/tanavm/Documents/MultiMC/libraries/com/google/guava/guava/17.0/guava-17.0.jar;C:/Users/tanavm/Documents/MultiMC/libraries/org/apache/commons/commons-lang3/3.3.2/commons-lang3-3.3.2.jar;C:/Users/tanavm/Documents/MultiMC/libraries/commons-io/commons-io/2.4/commons-io-2.4.jar;C:/Users/tanavm/Documents/MultiMC/libraries/commons-codec/commons-codec/1.9/commons-codec-1.9.jar;C:/Users/tanavm/Documents/MultiMC/libraries/com/google/code/gson/gson/2.2.4/gson-2.2.4.jar;C:/Users/tanavm/Documents/MultiMC/libraries/com/mojang/authlib/1.5.21/authlib-1.5.21.jar;C:/Users/tanavm/Documents/MultiMC/libraries/com/mojang/realms/1.7.59/realms-1.7.59.jar;C:/Users/tanavm/Documents/MultiMC/libraries/org/apache/commons/commons-compress/1.8.1/commons-compress-1.8.1.jar;C:/Users/tanavm/Documents/MultiMC/libraries/org/apache/httpcomponents/httpclient/4.3.3/httpclient-4.3.3.jar;C:/Users/tanavm/Documents/MultiMC/libraries/commons-logging/commons-logging/1.1.3/commons-logging-1.1.3.jar;C:/Users/tanavm/Documents/MultiMC/libraries/org/apache/httpcomponents/httpcore/4.3.2/httpcore-4.3.2.jar;C:/Users/tanavm/Documents/MultiMC/libraries/org/apache/logging/log4j/log4j-api/2.0-beta9-fixed/log4j-api-2.0-beta9-fixed.jar;C:/Users/tanavm/Documents/MultiMC/libraries/org/apache/logging/log4j/log4j-core/2.0-beta9-fixed/log4j-core-2.0-beta9-fixed.jar;C:/Users/tanavm/Documents/MultiMC/libraries/tv/twitch/twitch/6.5/twitch-6.5.jar;C:/Users/tanavm/Documents/MultiMC/libraries/net/minecraftforge/forge/1.8.9-11.15.1.2318-1.8.9/forge-1.8.9-11.15.1.2318-1.8.9-universal.jar;C:/Users/tanavm/Documents/MultiMC/libraries/net/minecraft/launchwrapper/1.12/launchwrapper-1.12.jar;C:/Users/tanavm/Documents/MultiMC/libraries/org/ow2/asm/asm-all/5.0.3/asm-all-5.0.3.jar;C:/Users/tanavm/Documents/MultiMC/libraries/jline/jline/2.13/jline-2.13.jar;C:/Users/tanavm/Documents/MultiMC/libraries/com/typesafe/akka/akka-actor_2.11/2.3.3/akka-actor_2.11-2.3.3.jar;C:/Users/tanavm/Documents/MultiMC/libraries/com/typesafe/config/1.2.1/config-1.2.1.jar;C:/Users/tanavm/Documents/MultiMC/libraries/org/scala-lang/scala-actors-migration_2.11/1.1.0/scala-actors-migration_2.11-1.1.0.jar;C:/Users/tanavm/Documents/MultiMC/libraries/org/scala-lang/scala-compiler/2.11.1/scala-compiler-2.11.1.jar;C:/Users/tanavm/Documents/MultiMC/libraries/org/scala-lang/plugins/scala-continuations-library_2.11/1.0.2/scala-continuations-library_2.11-1.0.2.jar;C:/Users/tanavm/Documents/MultiMC/libraries/org/scala-lang/plugins/scala-continuations-plugin_2.11.1/1.0.2/scala-continuations-plugin_2.11.1-1.0.2.jar;C:/Users/tanavm/Documents/MultiMC/libraries/org/scala-lang/scala-library/2.11.1/scala-library-2.11.1.jar;C:/Users/tanavm/Documents/MultiMC/libraries/org/scala-lang/scala-parser-combinators_2.11/1.0.1/scala-parser-combinators_2.11-1.0.1.jar;C:/Users/tanavm/Documents/MultiMC/libraries/org/scala-lang/scala-reflect/2.11.1/scala-reflect-2.11.1.jar;C:/Users/tanavm/Documents/MultiMC/libraries/org/scala-lang/scala-swing_2.11/1.0.1/scala-swing_2.11-1.0.1.jar;C:/Users/tanavm/Documents/MultiMC/libraries/org/scala-lang/scala-xml_2.11/1.0.2/scala-xml_2.11-1.0.2.jar;C:/Users/tanavm/Documents/MultiMC/libraries/lzma/lzma/0.0.1/lzma-0.0.1.jar;C:/Users/tanavm/Documents/MultiMC/libraries/java3d/vecmath/1.5.2/vecmath-1.5.2.jar;C:/Users/tanavm/Documents/MultiMC/libraries/net/sf/trove4j/trove4j/3.0.3/trove4j-3.0.3.jar;C:/Users/tanavm/Documents/MultiMC/libraries/com/mojang/minecraft/1.8.9/minecraft-1.8.9-client.jar
[10:27:54] [main/DEBUG] [FML/]: Java library path at launch is C:/Users/tanavm/Documents/MultiMC/instances/v1.8.9/natives
[10:27:54] [main/DEBUG] [FML/]: Enabling runtime deobfuscation
[10:27:54] [main/DEBUG] [FML/]: Instantiating coremod class FMLCorePlugin
[10:27:54] [main/DEBUG] [FML/]: Added access transformer class net.minecraftforge.fml.common.asm.transformers.AccessTransformer to enqueued access transformers
[10:27:54] [main/DEBUG] [FML/]: Enqueued coremod FMLCorePlugin
[10:27:54] [main/DEBUG] [FML/]: Instantiating coremod class FMLForgePlugin
[10:27:54] [main/DEBUG] [FML/]: Enqueued coremod FMLForgePlugin
[10:27:54] [main/DEBUG] [FML/]: All fundamental core mods are successfully located
[10:27:54] [main/DEBUG] [FML/]: Attempting to load commandline specified mods, relative to C:\Users\tanavm\Documents\MultiMC\instances\v1.8.9\.minecraft
[10:27:54] [main/DEBUG] [FML/]: Discovering coremods
[10:27:54] [main/DEBUG] [FML/]: Examining for coremod candidacy [1.8.9]bspkrsCore-universal-1.8.9.2.jar
[10:27:54] [main/DEBUG] [FML/]: Not found coremod data in [1.8.9]bspkrsCore-universal-1.8.9.2.jar
[10:27:54] [main/DEBUG] [FML/]: Examining for coremod candidacy [1.8.9]StatusEffectHUD-client-1.8.9.2.jar
[10:27:54] [main/DEBUG] [FML/]: Not found coremod data in [1.8.9]StatusEffectHUD-client-1.8.9.2.jar
[10:27:54] [main/DEBUG] [FML/]: Examining for coremod candidacy Block_Overlay_4.0.3.jar
[10:27:54] [main/TRACE] [FML/]: Found FMLCorePluginContainsFMLMod marker in Block_Overlay_4.0.3.jar, it will be examined later for regular @Mod instances
[10:27:54] [main/DEBUG] [FML/]: Instantiating coremod class LoadingPlugin
[10:27:54] [main/DEBUG] [FML/]: The coremod me.aycy.blockoverlay.asm.LoadingPlugin requested minecraft version 1.8.9 and minecraft is 1.8.9. It will be loaded.
[10:27:54] [main/DEBUG] [FML/]: Enqueued coremod LoadingPlugin
[10:27:54] [main/DEBUG] [FML/]: Examining for coremod candidacy Essential-Client-Mod-Forge-1.8.9.jar
[10:27:54] [main/INFO] [FML/]: Loading tweaker gg.essential.loader.stage0.EssentialSetupTweaker from Essential-Client-Mod-Forge-1.8.9.jar
[10:27:54] [main/DEBUG] [FML/]: Examining for coremod candidacy EvergreenHUD-1.8.9-forge-2.1.7.jar
[10:27:54] [main/INFO] [FML/]: Loading tweaker cc.polyfrost.oneconfig.loader.stage0.LaunchWrapperTweaker from EvergreenHUD-1.8.9-forge-2.1.7.jar
[10:27:54] [main/DEBUG] [FML/]: Examining for coremod candidacy Hytils Reborn-1.8.9-forge-1.7.3.jar
[10:27:54] [main/INFO] [FML/]: Loading tweaker cc.polyfrost.oneconfig.loader.stage0.LaunchWrapperTweaker from Hytils Reborn-1.8.9-forge-1.7.3.jar
[10:27:54] [main/DEBUG] [FML/]: Examining for coremod candidacy Keystrokes-1.8.9-forge-1.0.0.jar
[10:27:54] [main/INFO] [FML/]: Loading tweaker cc.polyfrost.oneconfig.loader.stage0.LaunchWrapperTweaker from Keystrokes-1.8.9-forge-1.0.0.jar
[10:27:54] [main/DEBUG] [FML/]: Examining for coremod candidacy MouseDelayFix-1.0.1.jar
[10:27:54] [main/TRACE] [FML/]: Adding MouseDelayFix-1.0.1.jar to the list of known coremods, it will not be examined again
[10:27:54] [main/DEBUG] [FML/]: Instantiating coremod class FMLLoadingPlugin
[10:27:54] [main/WARN] [FML/]: The coremod io.prplz.mousedelayfix.FMLLoadingPlugin does not have a MCVersion annotation, it may cause issues with this version of Minecraft
[10:27:54] [main/DEBUG] [FML/]: Enqueued coremod FMLLoadingPlugin
[10:27:54] [main/DEBUG] [FML/]: Examining for coremod candidacy PolyCrosshair-1.8.9-forge-1.0.3.jar
[10:27:54] [main/INFO] [FML/]: Loading tweaker cc.polyfrost.oneconfig.loader.stage0.LaunchWrapperTweaker from PolyCrosshair-1.8.9-forge-1.0.3.jar
[10:27:54] [main/DEBUG] [FML/]: Examining for coremod candidacy PolyPatcher-1.8.9-forge-1.10.1.jar
[10:27:54] [main/INFO] [FML/]: Loading tweaker cc.polyfrost.oneconfig.loader.stage0.LaunchWrapperTweaker from PolyPatcher-1.8.9-forge-1.10.1.jar
[10:27:54] [main/DEBUG] [FML/]: Examining for coremod candidacy PolySprint-1.8.9-forge-1.0.1.jar
[10:27:54] [main/INFO] [FML/]: Loading tweaker cc.polyfrost.oneconfig.loader.stage0.LaunchWrapperTweaker from PolySprint-1.8.9-forge-1.0.1.jar
[10:27:54] [main/DEBUG] [FML/]: Examining for coremod candidacy preview_OptiFine_1.8.9_HD_U_M6_pre2.jar
[10:27:54] [main/INFO] [FML/]: Loading tweaker optifine.OptiFineForgeTweaker from preview_OptiFine_1.8.9_HD_U_M6_pre2.jar
[10:27:54] [main/DEBUG] [FML/]: Examining for coremod candidacy Squeedometer-mc1.8.x-1.0.4.jar
[10:27:54] [main/DEBUG] [FML/]: Not found coremod data in Squeedometer-mc1.8.x-1.0.4.jar
[10:27:54] [main/DEBUG] [FML/]: Examining for coremod candidacy TimeChanger-2.2.1.jar
[10:27:54] [main/INFO] [FML/]: Loading tweaker org.spongepowered.asm.launch.MixinTweaker from TimeChanger-2.2.1.jar
[10:27:54] [main/DEBUG] [FML/]: Examining for coremod candidacy TNT-Time-Mod-Forge-1.8.9.jar
[10:27:54] [main/INFO] [FML/]: Loading tweaker gg.essential.loader.stage0.EssentialSetupTweaker from TNT-Time-Mod-Forge-1.8.9.jar
[10:27:54] [main/INFO] [LaunchWrapper/]: Loading tweak class name net.minecraftforge.fml.common.launcher.FMLInjectionAndSortingTweaker
[10:27:54] [main/INFO] [LaunchWrapper/]: Loading tweak class name gg.essential.loader.stage0.EssentialSetupTweaker
[10:27:54] [main/DEBUG] [gg.essential.loader.stage0.EssentialLoader/]: Found stage1 version 9: file:/C:/Users/tanavm/Documents/MultiMC/instances/v1.8.9/.minecraft/essential/loader/stage0/launchwrapper/stage1.jar
[10:27:54] [main/DEBUG] [gg.essential.loader.stage0.EssentialLoader/]: Found stage1 version 9: jar:file:/C:/Users/tanavm/Documents/MultiMC/instances/v1.8.9/.minecraft/mods/Essential-Client-Mod-Forge-1.8.9.jar!/gg/essential/loader/stage0/stage1.jar
[10:27:54] [main/DEBUG] [gg.essential.loader.stage0.EssentialLoader/]: Found stage1 version 2: jar:file:/C:/Users/tanavm/Documents/MultiMC/instances/v1.8.9/.minecraft/mods/TNT-Time-Mod-Forge-1.8.9.jar!/gg/essential/loader/stage0/stage1.jar
[10:27:54] [main/DEBUG] [gg.essential.loader.stage0.EssentialLoader/]: Found stage1 version 9: jar:file:/C:/Users/tanavm/Documents/MultiMC/instances/v1.8.9/.minecraft/mods/Essential-Client-Mod-Forge-1.8.9.jar!/gg/essential/loader/stage0/stage1.jar
[10:27:54] [main/DEBUG] [gg.essential.loader.stage0.EssentialLoader/]: Found stage1 version 2: jar:file:/C:/Users/tanavm/Documents/MultiMC/instances/v1.8.9/.minecraft/mods/TNT-Time-Mod-Forge-1.8.9.jar!/gg/essential/loader/stage0/stage1.jar
[10:27:54] [main/TRACE] [gg.essential.loader.stage1.EssentialLoaderBase/]: Reading properties file at jar:file:/C:/Users/tanavm/Documents/MultiMC/instances/v1.8.9/.minecraft/mods/Essential-Client-Mod-Forge-1.8.9.jar!/essential-loader-stage2.properties
[10:27:54] [main/TRACE] [gg.essential.loader.stage1.EssentialLoaderBase/]: Reading properties file at jar:file:/C:/Users/tanavm/Documents/MultiMC/instances/v1.8.9/.minecraft/mods/Essential-Client-Mod-Forge-1.8.9.jar!/essential-loader-stage2.properties
[10:27:54] [main/INFO] [gg.essential.loader.stage1.EssentialLoaderBase/]: Starting Essential Loader (stage2) version 1.6.2 (04447d7f5abf361e4fe3d7d995d4d000) [stable]
[10:27:54] [main/DEBUG] [gg.essential.loader.stage2.EssentialLoader/]: Found ASM null loaded, we bundle 5.2
[10:27:54] [main/DEBUG] [gg.essential.loader.stage2.EssentialLoader/]: Pre-loading kotlin from C:\Users\tanavm\Documents\MultiMC\instances\v1.8.9\.minecraft\essential\Essential (forge_1.8.9).processed.jar..
[10:27:54] [main/DEBUG] [gg.essential.loader.stage2.EssentialLoader/]: Done after 76199500ns.
[10:27:54] [main/DEBUG] [gg.essential.loader.stage2.EssentialLoader/]: Pre-loading kotlinx/coroutines from C:\Users\tanavm\Documents\MultiMC\instances\v1.8.9\.minecraft\essential\Essential (forge_1.8.9).processed.jar..
[10:27:54] [main/DEBUG] [gg.essential.loader.stage2.EssentialLoader/]: Done after 18000700ns.
[10:27:54] [main/DEBUG] [gg.essential.loader.stage2.EssentialLoader/]: Pre-loading gg/essential/universal from C:\Users\tanavm\Documents\MultiMC\instances\v1.8.9\.minecraft\essential\Essential (forge_1.8.9).processed.jar..
[10:27:54] [main/DEBUG] [gg.essential.loader.stage2.EssentialLoader/]: Done after 2239900ns.
[10:27:54] [main/DEBUG] [gg.essential.loader.stage2.EssentialLoader/]: Pre-loading gg/essential/elementa from C:\Users\tanavm\Documents\MultiMC\instances\v1.8.9\.minecraft\essential\Essential (forge_1.8.9).processed.jar..
[10:27:54] [main/DEBUG] [gg.essential.loader.stage2.EssentialLoader/]: Done after 20459000ns.
[10:27:54] [main/DEBUG] [gg.essential.loader.stage2.EssentialLoader/]: Pre-loading gg/essential/vigilance from C:\Users\tanavm\Documents\MultiMC\instances\v1.8.9\.minecraft\essential\Essential (forge_1.8.9).processed.jar..
[10:27:54] [main/DEBUG] [gg.essential.loader.stage2.EssentialLoader/]: Done after 9352100ns.
[10:27:54] [main/DEBUG] [gg.essential.loader.stage2.EssentialLoader/]: Pre-loading codes/som/anthony/koffee from C:\Users\tanavm\Documents\MultiMC\instances\v1.8.9\.minecraft\essential\Essential (forge_1.8.9).processed.jar..
[10:27:54] [main/DEBUG] [gg.essential.loader.stage2.EssentialLoader/]: Done after 1240600ns.
[10:27:54] [main/DEBUG] [gg.essential.loader.stage2.EssentialLoader/]: Pre-loading org/kodein from C:\Users\tanavm\Documents\MultiMC\instances\v1.8.9\.minecraft\essential\Essential (forge_1.8.9).processed.jar..
[10:27:54] [main/DEBUG] [gg.essential.loader.stage2.EssentialLoader/]: Done after 7330700ns.
[10:27:54] [main/DEBUG] [gg.essential.loader.stage2.EssentialLoader/]: Pre-loading org/spongepowered from C:\Users\tanavm\Documents\MultiMC\instances\v1.8.9\.minecraft\essential\Essential (forge_1.8.9).processed.jar..
[10:27:54] [main/DEBUG] [gg.essential.loader.stage2.EssentialLoader/]: Done after 11385000ns.
[10:27:55] [main/DEBUG] [FML/]: Instantiating coremod class FMLLoadingPlugin
[10:27:55] [main/DEBUG] [FML/]: The coremod club.sk1er.mods.tnttimer.forge.FMLLoadingPlugin requested minecraft version 1.8.9 and minecraft is 1.8.9. It will be loaded.
[10:27:55] [main/DEBUG] [FML/]: Enqueued coremod FMLLoadingPlugin
[10:27:55] [main/INFO] [LaunchWrapper/]: Loading tweak class name cc.polyfrost.oneconfig.loader.stage0.LaunchWrapperTweaker
[10:27:55] [main/INFO] [STDOUT/]: [cc.polyfrost.oneconfig.loader.stage0.OneConfigWrapperBase:addSSLStore:258]: Attempting to load Polyfrost certificate.
[10:27:55] [main/INFO] [STDOUT/]: [cc.polyfrost.oneconfig.loader.stage0.OneConfigWrapperBase:<init>:49]: OneConfig has detected the version 1.8.9. If this is false, report this at https://inv.wtf/polyfrost
[10:27:55] [main/INFO] [STDOUT/]: [cc.polyfrost.oneconfig.loader.OneConfigWrapperBase:<init>:49]: OneConfig has detected the version 1.8.9. If this is false, report this at https://inv.wtf/polyfrost
[10:27:55] [main/DEBUG] [mixin/]: Mixin bootstrap service org.spongepowered.asm.service.modlauncher.MixinServiceModLauncherBootstrap is not available: ModLauncher is not available
[10:27:55] [main/DEBUG] [mixin/]: MixinService [LaunchWrapper] was successfully booted in gg.essential.loader.stage2.relaunch.RelaunchClassLoader@53e211ee
[10:27:55] [main/INFO] [mixin/]: SpongePowered MIXIN Subsystem Version=0.8.4 Source=file:/C:/Users/tanavm/Documents/MultiMC/instances/v1.8.9/.minecraft/essential/Essential%20(forge_1.8.9).processed.jar Service=LaunchWrapper Env=CLIENT
[10:27:55] [main/DEBUG] [mixin/]: Error cleaning class output directory: .mixin.out
[10:27:55] [main/DEBUG] [mixin/]: Adding new mixin transformer proxy #1
[10:27:55] [main/DEBUG] [mixin/]: Initialising Mixin Platform Manager
[10:27:55] [main/DEBUG] [mixin/]: Adding mixin platform agents for container ContainerHandleURI(file:/C:/Users/tanavm/Documents/MultiMC/instances/v1.8.9/.minecraft/essential/Essential%20(forge_1.8.9).processed.jar)
[10:27:55] [main/DEBUG] [mixin/]: Instancing new MixinPlatformAgentFMLLegacy for ContainerHandleURI(file:/C:/Users/tanavm/Documents/MultiMC/instances/v1.8.9/.minecraft/essential/Essential%20(forge_1.8.9).processed.jar)
[10:27:55] [main/DEBUG] [mixin/]: MixinPlatformAgentFMLLegacy rejected container ContainerHandleURI(file:/C:/Users/tanavm/Documents/MultiMC/instances/v1.8.9/.minecraft/essential/Essential%20(forge_1.8.9).processed.jar)
[10:27:55] [main/DEBUG] [mixin/]: Instancing new MixinPlatformAgentLiteLoaderLegacy for ContainerHandleURI(file:/C:/Users/tanavm/Documents/MultiMC/instances/v1.8.9/.minecraft/essential/Essential%20(forge_1.8.9).processed.jar)
[10:27:55] [main/DEBUG] [mixin/]: MixinPlatformAgentLiteLoaderLegacy rejected container ContainerHandleURI(file:/C:/Users/tanavm/Documents/MultiMC/instances/v1.8.9/.minecraft/essential/Essential%20(forge_1.8.9).processed.jar)
[10:27:55] [main/DEBUG] [mixin/]: Instancing new MixinPlatformAgentDefault for ContainerHandleURI(file:/C:/Users/tanavm/Documents/MultiMC/instances/v1.8.9/.minecraft/essential/Essential%20(forge_1.8.9).processed.jar)
[10:27:55] [main/DEBUG] [mixin/]: MixinPlatformAgentDefault accepted container ContainerHandleURI(file:/C:/Users/tanavm/Documents/MultiMC/instances/v1.8.9/.minecraft/essential/Essential%20(forge_1.8.9).processed.jar)
[10:27:55] [main/DEBUG] [org.spongepowered.asm.service.mojang.MixinServiceLaunchWrapper/]: Scanning file:/C:/Users/tanavm/Documents/MultiMC/instances/v1.8.9/.minecraft/essential/Essential%20(forge_1.8.9).processed.jar for mixin tweaker
[10:27:55] [main/DEBUG] [org.spongepowered.asm.service.mojang.MixinServiceLaunchWrapper/]: Scanning file:/C:/Users/tanavm/Documents/MultiMC/jars/NewLaunch.jar for mixin tweaker
[10:27:55] [main/DEBUG] [org.spongepowered.asm.service.mojang.MixinServiceLaunchWrapper/]: Scanning file:/C:/Users/tanavm/Documents/MultiMC/libraries/net/java/jinput/jinput/2.0.5/jinput-2.0.5.jar for mixin tweaker
[10:27:55] [main/DEBUG] [org.spongepowered.asm.service.mojang.MixinServiceLaunchWrapper/]: Scanning file:/C:/Users/tanavm/Documents/MultiMC/libraries/net/java/jutils/jutils/1.0.0/jutils-1.0.0.jar for mixin tweaker
[10:27:55] [main/DEBUG] [org.spongepowered.asm.service.mojang.MixinServiceLaunchWrapper/]: Scanning file:/C:/Users/tanavm/Documents/MultiMC/libraries/org/lwjgl/lwjgl/lwjgl/2.9.4-nightly-20150209/lwjgl-2.9.4-nightly-20150209.jar for mixin tweaker
[10:27:55] [main/DEBUG] [org.spongepowered.asm.service.mojang.MixinServiceLaunchWrapper/]: Scanning file:/C:/Users/tanavm/Documents/MultiMC/libraries/org/lwjgl/lwjgl/lwjgl_util/2.9.4-nightly-20150209/lwjgl_util-2.9.4-nightly-20150209.jar for mixin tweaker
[10:27:55] [main/DEBUG] [org.spongepowered.asm.service.mojang.MixinServiceLaunchWrapper/]: Scanning file:/C:/Users/tanavm/Documents/MultiMC/libraries/com/mojang/netty/1.8.8/netty-1.8.8.jar for mixin tweaker
[10:27:55] [main/DEBUG] [org.spongepowered.asm.service.mojang.MixinServiceLaunchWrapper/]: Scanning file:/C:/Users/tanavm/Documents/MultiMC/libraries/oshi-project/oshi-core/1.1/oshi-core-1.1.jar for mixin tweaker
[10:27:55] [main/DEBUG] [org.spongepowered.asm.service.mojang.MixinServiceLaunchWrapper/]: Scanning file:/C:/Users/tanavm/Documents/MultiMC/libraries/net/java/dev/jna/jna/3.4.0/jna-3.4.0.jar for mixin tweaker
[10:27:55] [main/DEBUG] [org.spongepowered.asm.service.mojang.MixinServiceLaunchWrapper/]: Scanning file:/C:/Users/tanavm/Documents/MultiMC/libraries/net/java/dev/jna/platform/3.4.0/platform-3.4.0.jar for mixin tweaker
[10:27:55] [main/DEBUG] [org.spongepowered.asm.service.mojang.MixinServiceLaunchWrapper/]: Scanning file:/C:/Users/tanavm/Documents/MultiMC/libraries/com/ibm/icu/icu4j-core-mojang/51.2/icu4j-core-mojang-51.2.jar for mixin tweaker
[10:27:55] [main/DEBUG] [org.spongepowered.asm.service.mojang.MixinServiceLaunchWrapper/]: Scanning file:/C:/Users/tanavm/Documents/MultiMC/libraries/net/sf/jopt-simple/jopt-simple/4.6/jopt-simple-4.6.jar for mixin tweaker
[10:27:55] [main/DEBUG] [org.spongepowered.asm.service.mojang.MixinServiceLaunchWrapper/]: Scanning file:/C:/Users/tanavm/Documents/MultiMC/libraries/com/paulscode/codecjorbis/20101023/codecjorbis-20101023.jar for mixin tweaker
[10:27:55] [main/DEBUG] [org.spongepowered.asm.service.mojang.MixinServiceLaunchWrapper/]: Scanning file:/C:/Users/tanavm/Documents/MultiMC/libraries/com/paulscode/codecwav/20101023/codecwav-20101023.jar for mixin tweaker
[10:27:55] [main/DEBUG] [org.spongepowered.asm.service.mojang.MixinServiceLaunchWrapper/]: Scanning file:/C:/Users/tanavm/Documents/MultiMC/libraries/com/paulscode/libraryjavasound/20101123/libraryjavasound-20101123.jar for mixin tweaker
[10:27:55] [main/DEBUG] [org.spongepowered.asm.service.mojang.MixinServiceLaunchWrapper/]: Scanning file:/C:/Users/tanavm/Documents/MultiMC/libraries/com/paulscode/librarylwjglopenal/20100824/librarylwjglopenal-20100824.jar for mixin tweaker
[10:27:55] [main/DEBUG] [org.spongepowered.asm.service.mojang.MixinServiceLaunchWrapper/]: Scanning file:/C:/Users/tanavm/Documents/MultiMC/libraries/com/paulscode/soundsystem/20120107/soundsystem-20120107.jar for mixin tweaker
[10:27:55] [main/DEBUG] [org.spongepowered.asm.service.mojang.MixinServiceLaunchWrapper/]: Scanning file:/C:/Users/tanavm/Documents/MultiMC/libraries/io/netty/netty-all/4.0.23.Final/netty-all-4.0.23.Final.jar for mixin tweaker
[10:27:55] [main/DEBUG] [org.spongepowered.asm.service.mojang.MixinServiceLaunchWrapper/]: Scanning file:/C:/Users/tanavm/Documents/MultiMC/libraries/com/google/guava/guava/17.0/guava-17.0.jar for mixin tweaker
[10:27:55] [main/DEBUG] [org.spongepowered.asm.service.mojang.MixinServiceLaunchWrapper/]: Scanning file:/C:/Users/tanavm/Documents/MultiMC/libraries/org/apache/commons/commons-lang3/3.3.2/commons-lang3-3.3.2.jar for mixin tweaker
[10:27:55] [main/DEBUG] [org.spongepowered.asm.service.mojang.MixinServiceLaunchWrapper/]: Scanning file:/C:/Users/tanavm/Documents/MultiMC/libraries/commons-io/commons-io/2.4/commons-io-2.4.jar for mixin tweaker
[10:27:55] [main/DEBUG] [org.spongepowered.asm.service.mojang.MixinServiceLaunchWrapper/]: Scanning file:/C:/Users/tanavm/Documents/MultiMC/libraries/commons-codec/commons-codec/1.9/commons-codec-1.9.jar for mixin tweaker
[10:27:55] [main/DEBUG] [org.spongepowered.asm.service.mojang.MixinServiceLaunchWrapper/]: Scanning file:/C:/Users/tanavm/Documents/MultiMC/libraries/com/google/code/gson/gson/2.2.4/gson-2.2.4.jar for mixin tweaker
[10:27:55] [main/DEBUG] [org.spongepowered.asm.service.mojang.MixinServiceLaunchWrapper/]: Scanning file:/C:/Users/tanavm/Documents/MultiMC/libraries/com/mojang/authlib/1.5.21/authlib-1.5.21.jar for mixin tweaker
[10:27:55] [main/DEBUG] [org.spongepowered.asm.service.mojang.MixinServiceLaunchWrapper/]: Scanning file:/C:/Users/tanavm/Documents/MultiMC/libraries/com/mojang/realms/1.7.59/realms-1.7.59.jar for mixin tweaker
[10:27:55] [main/DEBUG] [org.spongepowered.asm.service.mojang.MixinServiceLaunchWrapper/]: Scanning file:/C:/Users/tanavm/Documents/MultiMC/libraries/org/apache/commons/commons-compress/1.8.1/commons-compress-1.8.1.jar for mixin tweaker
[10:27:55] [main/DEBUG] [org.spongepowered.asm.service.mojang.MixinServiceLaunchWrapper/]: Scanning file:/C:/Users/tanavm/Documents/MultiMC/libraries/org/apache/httpcomponents/httpclient/4.3.3/httpclient-4.3.3.jar for mixin tweaker
[10:27:55] [main/DEBUG] [org.spongepowered.asm.service.mojang.MixinServiceLaunchWrapper/]: Scanning file:/C:/Users/tanavm/Documents/MultiMC/libraries/commons-logging/commons-logging/1.1.3/commons-logging-1.1.3.jar for mixin tweaker
[10:27:55] [main/DEBUG] [org.spongepowered.asm.service.mojang.MixinServiceLaunchWrapper/]: Scanning file:/C:/Users/tanavm/Documents/MultiMC/libraries/org/apache/httpcomponents/httpcore/4.3.2/httpcore-4.3.2.jar for mixin tweaker
[10:27:55] [main/DEBUG] [org.spongepowered.asm.service.mojang.MixinServiceLaunchWrapper/]: Scanning file:/C:/Users/tanavm/Documents/MultiMC/libraries/org/apache/logging/log4j/log4j-api/2.0-beta9-fixed/log4j-api-2.0-beta9-fixed.jar for mixin tweaker
[10:27:55] [main/DEBUG] [org.spongepowered.asm.service.mojang.MixinServiceLaunchWrapper/]: Scanning file:/C:/Users/tanavm/Documents/MultiMC/libraries/org/apache/logging/log4j/log4j-core/2.0-beta9-fixed/log4j-core-2.0-beta9-fixed.jar for mixin tweaker
[10:27:55] [main/DEBUG] [org.spongepowered.asm.service.mojang.MixinServiceLaunchWrapper/]: Scanning file:/C:/Users/tanavm/Documents/MultiMC/libraries/tv/twitch/twitch/6.5/twitch-6.5.jar for mixin tweaker
[10:27:55] [main/DEBUG] [org.spongepowered.asm.service.mojang.MixinServiceLaunchWrapper/]: Scanning file:/C:/Users/tanavm/Documents/MultiMC/libraries/net/minecraftforge/forge/1.8.9-11.15.1.2318-1.8.9/forge-1.8.9-11.15.1.2318-1.8.9-universal.jar for mixin tweaker
[10:27:55] [main/DEBUG] [org.spongepowered.asm.service.mojang.MixinServiceLaunchWrapper/]: Scanning file:/C:/Users/tanavm/Documents/MultiMC/libraries/net/minecraft/launchwrapper/1.12/launchwrapper-1.12.jar for mixin tweaker
[10:27:55] [main/DEBUG] [org.spongepowered.asm.service.mojang.MixinServiceLaunchWrapper/]: Scanning file:/C:/Users/tanavm/Documents/MultiMC/libraries/org/ow2/asm/asm-all/5.0.3/asm-all-5.0.3.jar for mixin tweaker
[10:27:55] [main/DEBUG] [org.spongepowered.asm.service.mojang.MixinServiceLaunchWrapper/]: Scanning file:/C:/Users/tanavm/Documents/MultiMC/libraries/jline/jline/2.13/jline-2.13.jar for mixin tweaker
[10:27:55] [main/DEBUG] [org.spongepowered.asm.service.mojang.MixinServiceLaunchWrapper/]: Scanning file:/C:/Users/tanavm/Documents/MultiMC/libraries/com/typesafe/akka/akka-actor_2.11/2.3.3/akka-actor_2.11-2.3.3.jar for mixin tweaker
[10:27:55] [main/DEBUG] [org.spongepowered.asm.service.mojang.MixinServiceLaunchWrapper/]: Scanning file:/C:/Users/tanavm/Documents/MultiMC/libraries/com/typesafe/config/1.2.1/config-1.2.1.jar for mixin tweaker
[10:27:55] [main/DEBUG] [org.spongepowered.asm.service.mojang.MixinServiceLaunchWrapper/]: Scanning file:/C:/Users/tanavm/Documents/MultiMC/libraries/org/scala-lang/scala-actors-migration_2.11/1.1.0/scala-actors-migration_2.11-1.1.0.jar for mixin tweaker
[10:27:55] [main/DEBUG] [org.spongepowered.asm.service.mojang.MixinServiceLaunchWrapper/]: Scanning file:/C:/Users/tanavm/Documents/MultiMC/libraries/org/scala-lang/scala-compiler/2.11.1/scala-compiler-2.11.1.jar for mixin tweaker
[10:27:55] [main/DEBUG] [org.spongepowered.asm.service.mojang.MixinServiceLaunchWrapper/]: Scanning file:/C:/Users/tanavm/Documents/MultiMC/libraries/org/scala-lang/plugins/scala-continuations-library_2.11/1.0.2/scala-continuations-library_2.11-1.0.2.jar for mixin tweaker
[10:27:55] [main/DEBUG] [org.spongepowered.asm.service.mojang.MixinServiceLaunchWrapper/]: Scanning file:/C:/Users/tanavm/Documents/MultiMC/libraries/org/scala-lang/plugins/scala-continuations-plugin_2.11.1/1.0.2/scala-continuations-plugin_2.11.1-1.0.2.jar for mixin tweaker
[10:27:55] [main/DEBUG] [org.spongepowered.asm.service.mojang.MixinServiceLaunchWrapper/]: Scanning file:/C:/Users/tanavm/Documents/MultiMC/libraries/org/scala-lang/scala-library/2.11.1/scala-library-2.11.1.jar for mixin tweaker
[10:27:55] [main/DEBUG] [org.spongepowered.asm.service.mojang.MixinServiceLaunchWrapper/]: Scanning file:/C:/Users/tanavm/Documents/MultiMC/libraries/org/scala-lang/scala-parser-combinators_2.11/1.0.1/scala-parser-combinators_2.11-1.0.1.jar for mixin tweaker
[10:27:55] [main/DEBUG] [org.spongepowered.asm.service.mojang.MixinServiceLaunchWrapper/]: Scanning file:/C:/Users/tanavm/Documents/MultiMC/libraries/org/scala-lang/scala-reflect/2.11.1/scala-reflect-2.11.1.jar for mixin tweaker
[10:27:55] [main/DEBUG] [org.spongepowered.asm.service.mojang.MixinServiceLaunchWrapper/]: Scanning file:/C:/Users/tanavm/Documents/MultiMC/libraries/org/scala-lang/scala-swing_2.11/1.0.1/scala-swing_2.11-1.0.1.jar for mixin tweaker
[10:27:55] [main/DEBUG] [org.spongepowered.asm.service.mojang.MixinServiceLaunchWrapper/]: Scanning file:/C:/Users/tanavm/Documents/MultiMC/libraries/org/scala-lang/scala-xml_2.11/1.0.2/scala-xml_2.11-1.0.2.jar for mixin tweaker
[10:27:55] [main/DEBUG] [org.spongepowered.asm.service.mojang.MixinServiceLaunchWrapper/]: Scanning file:/C:/Users/tanavm/Documents/MultiMC/libraries/lzma/lzma/0.0.1/lzma-0.0.1.jar for mixin tweaker
[10:27:55] [main/DEBUG] [org.spongepowered.asm.service.mojang.MixinServiceLaunchWrapper/]: Scanning file:/C:/Users/tanavm/Documents/MultiMC/libraries/java3d/vecmath/1.5.2/vecmath-1.5.2.jar for mixin tweaker
[10:27:55] [main/DEBUG] [org.spongepowered.asm.service.mojang.MixinServiceLaunchWrapper/]: Scanning file:/C:/Users/tanavm/Documents/MultiMC/libraries/net/sf/trove4j/trove4j/3.0.3/trove4j-3.0.3.jar for mixin tweaker
[10:27:55] [main/DEBUG] [org.spongepowered.asm.service.mojang.MixinServiceLaunchWrapper/]: Scanning file:/C:/Users/tanavm/Documents/MultiMC/libraries/com/mojang/minecraft/1.8.9/minecraft-1.8.9-client.jar for mixin tweaker
[10:27:55] [main/DEBUG] [org.spongepowered.asm.service.mojang.MixinServiceLaunchWrapper/]: Scanning file:/C:/Users/tanavm/Documents/MultiMC/instances/v1.8.9/.minecraft/essential/loader/stage0/launchwrapper/stage1.jar for mixin tweaker
[10:27:55] [main/DEBUG] [org.spongepowered.asm.service.mojang.MixinServiceLaunchWrapper/]: Scanning file:/C:/Users/tanavm/Documents/MultiMC/instances/v1.8.9/.minecraft/essential/loader/stage1/launchwrapper/stage2.forge_1.8.9.jar for mixin tweaker
[10:27:55] [main/DEBUG] [org.spongepowered.asm.service.mojang.MixinServiceLaunchWrapper/]: Scanning file:/C:/Users/tanavm/Documents/MultiMC/instances/v1.8.9/.minecraft/mods/Block_Overlay_4.0.3.jar for mixin tweaker
[10:27:55] [main/DEBUG] [org.spongepowered.asm.service.mojang.MixinServiceLaunchWrapper/]: Scanning file:/C:/Users/tanavm/Documents/MultiMC/instances/v1.8.9/.minecraft/mods/Essential-Client-Mod-Forge-1.8.9.jar for mixin tweaker
[10:27:55] [main/DEBUG] [org.spongepowered.asm.service.mojang.MixinServiceLaunchWrapper/]: Scanning file:/C:/Users/tanavm/Documents/MultiMC/instances/v1.8.9/.minecraft/mods/EvergreenHUD-1.8.9-forge-2.1.7.jar for mixin tweaker
[10:27:55] [main/DEBUG] [org.spongepowered.asm.service.mojang.MixinServiceLaunchWrapper/]: Scanning file:/C:/Users/tanavm/Documents/MultiMC/instances/v1.8.9/.minecraft/mods/Hytils%20Reborn-1.8.9-forge-1.7.3.jar for mixin tweaker
[10:27:55] [main/DEBUG] [org.spongepowered.asm.service.mojang.MixinServiceLaunchWrapper/]: Scanning file:/C:/Users/tanavm/Documents/MultiMC/instances/v1.8.9/.minecraft/mods/Keystrokes-1.8.9-forge-1.0.0.jar for mixin tweaker
[10:27:55] [main/DEBUG] [org.spongepowered.asm.service.mojang.MixinServiceLaunchWrapper/]: Scanning file:/C:/Users/tanavm/Documents/MultiMC/instances/v1.8.9/.minecraft/mods/MouseDelayFix-1.0.1.jar for mixin tweaker
[10:27:55] [main/DEBUG] [org.spongepowered.asm.service.mojang.MixinServiceLaunchWrapper/]: Scanning file:/C:/Users/tanavm/Documents/MultiMC/instances/v1.8.9/.minecraft/mods/PolyCrosshair-1.8.9-forge-1.0.3.jar for mixin tweaker
[10:27:55] [main/DEBUG] [org.spongepowered.asm.service.mojang.MixinServiceLaunchWrapper/]: Scanning file:/C:/Users/tanavm/Documents/MultiMC/instances/v1.8.9/.minecraft/mods/PolyPatcher-1.8.9-forge-1.10.1.jar for mixin tweaker
[10:27:55] [main/DEBUG] [org.spongepowered.asm.service.mojang.MixinServiceLaunchWrapper/]: Scanning file:/C:/Users/tanavm/Documents/MultiMC/instances/v1.8.9/.minecraft/mods/PolySprint-1.8.9-forge-1.0.1.jar for mixin tweaker
[10:27:55] [main/DEBUG] [org.spongepowered.asm.service.mojang.MixinServiceLaunchWrapper/]: Scanning file:/C:/Users/tanavm/Documents/MultiMC/instances/v1.8.9/.minecraft/mods/preview_OptiFine_1.8.9_HD_U_M6_pre2.jar for mixin tweaker
[10:27:55] [main/DEBUG] [org.spongepowered.asm.service.mojang.MixinServiceLaunchWrapper/]: Scanning file:/C:/Users/tanavm/Documents/MultiMC/instances/v1.8.9/.minecraft/mods/TimeChanger-2.2.1.jar for mixin tweaker
[10:27:55] [main/DEBUG] [org.spongepowered.asm.service.mojang.MixinServiceLaunchWrapper/]: Scanning file:/C:/Users/tanavm/Documents/MultiMC/instances/v1.8.9/.minecraft/mods/TNT-Time-Mod-Forge-1.8.9.jar for mixin tweaker
[10:27:55] [main/DEBUG] [org.spongepowered.asm.service.mojang.MixinServiceLaunchWrapper/]: Scanning file:/C:/Users/tanavm/Documents/MultiMC/instances/v1.8.9/.minecraft/essential/loader/stage0/launchwrapper/stage1.jar for mixin tweaker
[10:27:55] [main/DEBUG] [org.spongepowered.asm.service.mojang.MixinServiceLaunchWrapper/]: Scanning file:/C:/Users/tanavm/Documents/MultiMC/instances/v1.8.9/.minecraft/essential/loader/stage1/launchwrapper/stage2.forge_1.8.9.jar for mixin tweaker
[10:27:55] [main/DEBUG] [org.spongepowered.asm.service.mojang.MixinServiceLaunchWrapper/]: Scanning file:/C:/Users/tanavm/Documents/MultiMC/instances/v1.8.9/.minecraft/./OneConfig/launchwrapper/OneConfig-Loader.jar for mixin tweaker
[10:27:55] [main/DEBUG] [org.spongepowered.asm.service.mojang.MixinServiceLaunchWrapper/]: Scanning file:/C:/Users/tanavm/Documents/MultiMC/instances/v1.8.9/.minecraft/./OneConfig/OneConfig%20(1.8.9-forge).jar for mixin tweaker
[10:27:55] [main/DEBUG] [mixin/]: Adding agents for Mixin Container ContainerHandleURI(file:/C:/Users/tanavm/Documents/MultiMC/instances/v1.8.9/.minecraft/mods/TimeChanger-2.2.1.jar)
[10:27:55] [main/DEBUG] [mixin/]: Adding mixin platform agents for container ContainerHandleURI(file:/C:/Users/tanavm/Documents/MultiMC/instances/v1.8.9/.minecraft/mods/TimeChanger-2.2.1.jar)
[10:27:55] [main/DEBUG] [mixin/]: Instancing new MixinPlatformAgentFMLLegacy for ContainerHandleURI(file:/C:/Users/tanavm/Documents/MultiMC/instances/v1.8.9/.minecraft/mods/TimeChanger-2.2.1.jar)
[10:27:55] [main/DEBUG] [mixin/]: ForceLoadAsMod was specified for TimeChanger-2.2.1.jar, attempting force-load
[10:27:55] [main/DEBUG] [mixin/]: Adding TimeChanger-2.2.1.jar to reparseable coremod collection
[10:27:55] [main/DEBUG] [mixin/]: TimeChanger-2.2.1.jar has core plugin ${mod_group}.${mod_id}.core.CoreMod. Injecting it into FML for co-initialisation:
[10:27:55] [main/DEBUG] [FML/]: Instantiating coremod class CoreMod
[10:27:55] [main/ERROR] [FML/]: Coremod CoreMod: Unable to class load the plugin ${mod_group}.${mod_id}.core.CoreMod
java.lang.ClassNotFoundException: ${mod_group}.${mod_id}.core.CoreMod
	at java.net.URLClassLoader.findClass(Unknown Source) ~[?:1.8.0_431]
	at net.minecraft.launchwrapper.LaunchClassLoader.findClass(LaunchClassLoader.java:117) ~[launchwrapper-1.12.jar:?]
	at java.lang.ClassLoader.loadClass(Unknown Source) ~[?:1.8.0_431]
	at java.lang.ClassLoader.loadClass(Unknown Source) ~[?:1.8.0_431]
	at java.lang.Class.forName0(Native Method) ~[?:1.8.0_431]
	at java.lang.Class.forName(Unknown Source) ~[?:1.8.0_431]
	at net.minecraftforge.fml.relauncher.CoreModManager.loadCoreMod(CoreModManager.java:536) [forge-1.8.9-11.15.1.2318-1.8.9-universal.jar:?]
	at sun.reflect.NativeMethodAccessorImpl.invoke0(Native Method) ~[?:1.8.0_431]
	at sun.reflect.NativeMethodAccessorImpl.invoke(Unknown Source) ~[?:1.8.0_431]
	at sun.reflect.DelegatingMethodAccessorImpl.invoke(Unknown Source) ~[?:1.8.0_431]
	at java.lang.reflect.Method.invoke(Unknown Source) ~[?:1.8.0_431]
	at org.spongepowered.asm.launch.platform.MixinPlatformAgentFMLLegacy.injectCorePlugin(MixinPlatformAgentFMLLegacy.java:241) [Essential%20(forge_1.8.9).processed.jar:?]
	at org.spongepowered.asm.launch.platform.MixinPlatformAgentFMLLegacy.initFMLCoreMod(MixinPlatformAgentFMLLegacy.java:168) [Essential%20(forge_1.8.9).processed.jar:?]
	at org.spongepowered.asm.launch.platform.MixinPlatformAgentFMLLegacy.accept(MixinPlatformAgentFMLLegacy.java:154) [Essential%20(forge_1.8.9).processed.jar:?]
	at org.spongepowered.asm.launch.platform.MixinContainer.<init>(MixinContainer.java:74) [Essential%20(forge_1.8.9).processed.jar:?]
	at org.spongepowered.asm.launch.platform.MixinPlatformManager.createContainerFor(MixinPlatformManager.java:142) [Essential%20(forge_1.8.9).processed.jar:?]
	at org.spongepowered.asm.launch.platform.MixinPlatformManager.addContainer(MixinPlatformManager.java:134) [Essential%20(forge_1.8.9).processed.jar:?]
	at org.spongepowered.asm.launch.platform.MixinPlatformManager.scanForContainers(MixinPlatformManager.java:219) [Essential%20(forge_1.8.9).processed.jar:?]
	at org.spongepowered.asm.launch.platform.MixinPlatformManager.init(MixinPlatformManager.java:106) [Essential%20(forge_1.8.9).processed.jar:?]
	at org.spongepowered.asm.launch.MixinBootstrap.getPlatform(MixinBootstrap.java:118) [Essential%20(forge_1.8.9).processed.jar:?]
	at org.spongepowered.asm.launch.MixinBootstrap.start(MixinBootstrap.java:166) [Essential%20(forge_1.8.9).processed.jar:?]
	at org.spongepowered.asm.launch.MixinTweaker.<init>(MixinTweaker.java:46) [Essential%20(forge_1.8.9).processed.jar:?]
	at sun.reflect.NativeConstructorAccessorImpl.newInstance0(Native Method) [?:1.8.0_431]
	at sun.reflect.NativeConstructorAccessorImpl.newInstance(Unknown Source) [?:1.8.0_431]
	at sun.reflect.DelegatingConstructorAccessorImpl.newInstance(Unknown Source) [?:1.8.0_431]
	at java.lang.reflect.Constructor.newInstance(Unknown Source) [?:1.8.0_431]
	at java.lang.Class.newInstance(Unknown Source) [?:1.8.0_431]
	at cc.polyfrost.oneconfig.internal.plugin.asm.OneConfigTweaker.initMixinTweaker(OneConfigTweaker.java:198) [OneConfigTweaker.class:?]
	at cc.polyfrost.oneconfig.internal.plugin.asm.OneConfigTweaker.injectMixinTweaker(OneConfigTweaker.java:177) [OneConfigTweaker.class:?]
	at cc.polyfrost.oneconfig.internal.plugin.asm.OneConfigTweaker.<init>(OneConfigTweaker.java:60) [OneConfigTweaker.class:?]
	at sun.reflect.NativeConstructorAccessorImpl.newInstance0(Native Method) [?:1.8.0_431]
	at sun.reflect.NativeConstructorAccessorImpl.newInstance(Unknown Source) [?:1.8.0_431]
	at sun.reflect.DelegatingConstructorAccessorImpl.newInstance(Unknown Source) [?:1.8.0_431]
	at java.lang.reflect.Constructor.newInstance(Unknown Source) [?:1.8.0_431]
	at java.lang.Class.newInstance(Unknown Source) [?:1.8.0_431]
	at cc.polyfrost.oneconfig.loader.OneConfigLoader.getNextInstance(OneConfigLoader.java:107) [OneConfigLoader.class:?]
	at cc.polyfrost.oneconfig.loader.OneConfigWrapperBase.<init>(OneConfigWrapperBase.java:82) [OneConfigWrapperBase.class:?]
	at cc.polyfrost.oneconfig.loader.OneConfigLoaderBase.<init>(OneConfigLoaderBase.java:40) [OneConfigLoaderBase.class:?]
	at cc.polyfrost.oneconfig.loader.OneConfigLoader.<init>(OneConfigLoader.java:22) [OneConfigLoader.class:?]
	at sun.reflect.NativeConstructorAccessorImpl.newInstance0(Native Method) [?:1.8.0_431]
	at sun.reflect.NativeConstructorAccessorImpl.newInstance(Unknown Source) [?:1.8.0_431]
	at sun.reflect.DelegatingConstructorAccessorImpl.newInstance(Unknown Source) [?:1.8.0_431]
	at java.lang.reflect.Constructor.newInstance(Unknown Source) [?:1.8.0_431]
	at java.lang.Class.newInstance(Unknown Source) [?:1.8.0_431]
	at cc.polyfrost.oneconfig.loader.stage0.LaunchWrapperTweaker.getNextInstance(LaunchWrapperTweaker.java:85) [EvergreenHUD-1.8.9-forge-2.1.7.jar:?]
	at cc.polyfrost.oneconfig.loader.stage0.OneConfigWrapperBase.<init>(OneConfigWrapperBase.java:82) [EvergreenHUD-1.8.9-forge-2.1.7.jar:?]
	at cc.polyfrost.oneconfig.loader.stage0.LaunchWrapperTweaker.<init>(LaunchWrapperTweaker.java:26) [EvergreenHUD-1.8.9-forge-2.1.7.jar:?]
	at sun.reflect.NativeConstructorAccessorImpl.newInstance0(Native Method) [?:1.8.0_431]
	at sun.reflect.NativeConstructorAccessorImpl.newInstance(Unknown Source) [?:1.8.0_431]
	at sun.reflect.DelegatingConstructorAccessorImpl.newInstance(Unknown Source) [?:1.8.0_431]
	at java.lang.reflect.Constructor.newInstance(Unknown Source) [?:1.8.0_431]
	at java.lang.Class.newInstance(Unknown Source) [?:1.8.0_431]
	at net.minecraft.launchwrapper.Launch.launch(Launch.java:98) [launchwrapper-1.12.jar:?]
	at net.minecraft.launchwrapper.Launch.main(Launch.java:28) [launchwrapper-1.12.jar:?]
	at sun.reflect.NativeMethodAccessorImpl.invoke0(Native Method) ~[?:1.8.0_431]
	at sun.reflect.NativeMethodAccessorImpl.invoke(Unknown Source) ~[?:1.8.0_431]
	at sun.reflect.DelegatingMethodAccessorImpl.invoke(Unknown Source) ~[?:1.8.0_431]
	at java.lang.reflect.Method.invoke(Unknown Source) ~[?:1.8.0_431]
	at gg.essential.loader.stage2.relaunch.Relaunch.relaunch(Relaunch.java:124) [stage2.forge_1.8.9.jar:?]
	at gg.essential.loader.stage2.EssentialLoader.preloadEssential(EssentialLoader.java:220) [stage2.forge_1.8.9.jar:?]
	at gg.essential.loader.stage2.EssentialLoader.loadPlatform(EssentialLoader.java:116) [stage2.forge_1.8.9.jar:?]
	at gg.essential.loader.stage2.EssentialLoaderBase.load(EssentialLoaderBase.java:148) [stage2.forge_1.8.9.jar:?]
	at sun.reflect.NativeMethodAccessorImpl.invoke0(Native Method) ~[?:1.8.0_431]
	at sun.reflect.NativeMethodAccessorImpl.invoke(Unknown Source) ~[?:1.8.0_431]
	at sun.reflect.DelegatingMethodAccessorImpl.invoke(Unknown Source) ~[?:1.8.0_431]
	at java.lang.reflect.Method.invoke(Unknown Source) ~[?:1.8.0_431]
	at gg.essential.loader.stage1.EssentialLoaderBase.load(EssentialLoaderBase.java:293) [stage1.jar:9]
	at gg.essential.loader.stage1.EssentialSetupTweaker.<init>(EssentialSetupTweaker.java:44) [stage1.jar:9]
	at sun.reflect.NativeConstructorAccessorImpl.newInstance0(Native Method) [?:1.8.0_431]
	at sun.reflect.NativeConstructorAccessorImpl.newInstance(Unknown Source) [?:1.8.0_431]
	at sun.reflect.DelegatingConstructorAccessorImpl.newInstance(Unknown Source) [?:1.8.0_431]
	at java.lang.reflect.Constructor.newInstance(Unknown Source) [?:1.8.0_431]
	at gg.essential.loader.stage0.EssentialSetupTweaker.loadStage1(EssentialSetupTweaker.java:53) [Essential-Client-Mod-Forge-1.8.9.jar:?]
	at gg.essential.loader.stage0.EssentialSetupTweaker.<init>(EssentialSetupTweaker.java:26) [Essential-Client-Mod-Forge-1.8.9.jar:?]
	at sun.reflect.NativeConstructorAccessorImpl.newInstance0(Native Method) [?:1.8.0_431]
	at sun.reflect.NativeConstructorAccessorImpl.newInstance(Unknown Source) [?:1.8.0_431]
	at sun.reflect.DelegatingConstructorAccessorImpl.newInstance(Unknown Source) [?:1.8.0_431]
	at java.lang.reflect.Constructor.newInstance(Unknown Source) [?:1.8.0_431]
	at java.lang.Class.newInstance(Unknown Source) [?:1.8.0_431]
	at net.minecraft.launchwrapper.Launch.launch(Launch.java:98) [launchwrapper-1.12.jar:?]
	at net.minecraft.launchwrapper.Launch.main(Launch.java:28) [launchwrapper-1.12.jar:?]
	at sun.reflect.NativeMethodAccessorImpl.invoke0(Native Method) ~[?:1.8.0_431]
	at sun.reflect.NativeMethodAccessorImpl.invoke(Unknown Source) ~[?:1.8.0_431]
	at sun.reflect.DelegatingMethodAccessorImpl.invoke(Unknown Source) ~[?:1.8.0_431]
	at java.lang.reflect.Method.invoke(Unknown Source) ~[?:1.8.0_431]
	at org.multimc.onesix.OneSixLauncher.launchWithMainClass(OneSixLauncher.java:243) [NewLaunch.jar:?]
	at org.multimc.onesix.OneSixLauncher.launch(OneSixLauncher.java:278) [NewLaunch.jar:?]
	at org.multimc.EntryPoint.listen(EntryPoint.java:143) [NewLaunch.jar:?]
	at org.multimc.EntryPoint.main(EntryPoint.java:34) [NewLaunch.jar:?]
[10:27:55] [main/DEBUG] [mixin/]: Core plugin ${mod_group}.${mod_id}.core.CoreMod could not be loaded.
[10:27:55] [main/DEBUG] [mixin/]: MixinPlatformAgentFMLLegacy rejected container ContainerHandleURI(file:/C:/Users/tanavm/Documents/MultiMC/instances/v1.8.9/.minecraft/mods/TimeChanger-2.2.1.jar)
[10:27:55] [main/DEBUG] [mixin/]: Instancing new MixinPlatformAgentLiteLoaderLegacy for ContainerHandleURI(file:/C:/Users/tanavm/Documents/MultiMC/instances/v1.8.9/.minecraft/mods/TimeChanger-2.2.1.jar)
[10:27:55] [main/DEBUG] [mixin/]: MixinPlatformAgentLiteLoaderLegacy rejected container ContainerHandleURI(file:/C:/Users/tanavm/Documents/MultiMC/instances/v1.8.9/.minecraft/mods/TimeChanger-2.2.1.jar)
[10:27:55] [main/DEBUG] [mixin/]: Instancing new MixinPlatformAgentDefault for ContainerHandleURI(file:/C:/Users/tanavm/Documents/MultiMC/instances/v1.8.9/.minecraft/mods/TimeChanger-2.2.1.jar)
[10:27:55] [main/DEBUG] [mixin/]: MixinPlatformAgentDefault accepted container ContainerHandleURI(file:/C:/Users/tanavm/Documents/MultiMC/instances/v1.8.9/.minecraft/mods/TimeChanger-2.2.1.jar)
[10:27:55] [main/DEBUG] [mixin/]: Preparing mixins for MixinEnvironment[PREINIT]
[10:27:55] [main/DEBUG] [mixin/]: Adding mixin platform agents for container ContainerHandleURI(file:/C:/Users/tanavm/Documents/MultiMC/instances/v1.8.9/.minecraft/mods/EvergreenHUD-1.8.9-forge-2.1.7.jar)
[10:27:55] [main/DEBUG] [mixin/]: Instancing new MixinPlatformAgentFMLLegacy for ContainerHandleURI(file:/C:/Users/tanavm/Documents/MultiMC/instances/v1.8.9/.minecraft/mods/EvergreenHUD-1.8.9-forge-2.1.7.jar)
[10:27:55] [main/DEBUG] [mixin/]: ForceLoadAsMod was specified for EvergreenHUD-1.8.9-forge-2.1.7.jar, attempting force-load
[10:27:55] [main/DEBUG] [mixin/]: MixinPlatformAgentFMLLegacy rejected container ContainerHandleURI(file:/C:/Users/tanavm/Documents/MultiMC/instances/v1.8.9/.minecraft/mods/EvergreenHUD-1.8.9-forge-2.1.7.jar)
[10:27:55] [main/DEBUG] [mixin/]: Instancing new MixinPlatformAgentLiteLoaderLegacy for ContainerHandleURI(file:/C:/Users/tanavm/Documents/MultiMC/instances/v1.8.9/.minecraft/mods/EvergreenHUD-1.8.9-forge-2.1.7.jar)
[10:27:55] [main/DEBUG] [mixin/]: MixinPlatformAgentLiteLoaderLegacy rejected container ContainerHandleURI(file:/C:/Users/tanavm/Documents/MultiMC/instances/v1.8.9/.minecraft/mods/EvergreenHUD-1.8.9-forge-2.1.7.jar)
[10:27:55] [main/DEBUG] [mixin/]: Instancing new MixinPlatformAgentDefault for ContainerHandleURI(file:/C:/Users/tanavm/Documents/MultiMC/instances/v1.8.9/.minecraft/mods/EvergreenHUD-1.8.9-forge-2.1.7.jar)
[10:27:55] [main/DEBUG] [mixin/]: MixinPlatformAgentDefault accepted container ContainerHandleURI(file:/C:/Users/tanavm/Documents/MultiMC/instances/v1.8.9/.minecraft/mods/EvergreenHUD-1.8.9-forge-2.1.7.jar)
[10:27:55] [main/DEBUG] [mixin/]: Adding mixin platform agents for container ContainerHandleURI(file:/C:/Users/tanavm/Documents/MultiMC/instances/v1.8.9/.minecraft/mods/Hytils%20Reborn-1.8.9-forge-1.7.3.jar)
[10:27:55] [main/DEBUG] [mixin/]: Instancing new MixinPlatformAgentFMLLegacy for ContainerHandleURI(file:/C:/Users/tanavm/Documents/MultiMC/instances/v1.8.9/.minecraft/mods/Hytils%20Reborn-1.8.9-forge-1.7.3.jar)
[10:27:55] [main/DEBUG] [mixin/]: ForceLoadAsMod was specified for Hytils Reborn-1.8.9-forge-1.7.3.jar, attempting force-load
[10:27:55] [main/DEBUG] [mixin/]: MixinPlatformAgentFMLLegacy rejected container ContainerHandleURI(file:/C:/Users/tanavm/Documents/MultiMC/instances/v1.8.9/.minecraft/mods/Hytils%20Reborn-1.8.9-forge-1.7.3.jar)
[10:27:55] [main/DEBUG] [mixin/]: Instancing new MixinPlatformAgentLiteLoaderLegacy for ContainerHandleURI(file:/C:/Users/tanavm/Documents/MultiMC/instances/v1.8.9/.minecraft/mods/Hytils%20Reborn-1.8.9-forge-1.7.3.jar)
[10:27:55] [main/DEBUG] [mixin/]: MixinPlatformAgentLiteLoaderLegacy rejected container ContainerHandleURI(file:/C:/Users/tanavm/Documents/MultiMC/instances/v1.8.9/.minecraft/mods/Hytils%20Reborn-1.8.9-forge-1.7.3.jar)
[10:27:55] [main/DEBUG] [mixin/]: Instancing new MixinPlatformAgentDefault for ContainerHandleURI(file:/C:/Users/tanavm/Documents/MultiMC/instances/v1.8.9/.minecraft/mods/Hytils%20Reborn-1.8.9-forge-1.7.3.jar)
[10:27:55] [main/DEBUG] [mixin/]: MixinPlatformAgentDefault accepted container ContainerHandleURI(file:/C:/Users/tanavm/Documents/MultiMC/instances/v1.8.9/.minecraft/mods/Hytils%20Reborn-1.8.9-forge-1.7.3.jar)
[10:27:55] [main/DEBUG] [mixin/]: Adding mixin platform agents for container ContainerHandleURI(file:/C:/Users/tanavm/Documents/MultiMC/instances/v1.8.9/.minecraft/mods/PolyCrosshair-1.8.9-forge-1.0.3.jar)
[10:27:55] [main/DEBUG] [mixin/]: Instancing new MixinPlatformAgentFMLLegacy for ContainerHandleURI(file:/C:/Users/tanavm/Documents/MultiMC/instances/v1.8.9/.minecraft/mods/PolyCrosshair-1.8.9-forge-1.0.3.jar)
[10:27:55] [main/DEBUG] [mixin/]: ForceLoadAsMod was specified for PolyCrosshair-1.8.9-forge-1.0.3.jar, attempting force-load
[10:27:55] [main/DEBUG] [mixin/]: MixinPlatformAgentFMLLegacy rejected container ContainerHandleURI(file:/C:/Users/tanavm/Documents/MultiMC/instances/v1.8.9/.minecraft/mods/PolyCrosshair-1.8.9-forge-1.0.3.jar)
[10:27:55] [main/DEBUG] [mixin/]: Instancing new MixinPlatformAgentLiteLoaderLegacy for ContainerHandleURI(file:/C:/Users/tanavm/Documents/MultiMC/instances/v1.8.9/.minecraft/mods/PolyCrosshair-1.8.9-forge-1.0.3.jar)
[10:27:55] [main/DEBUG] [mixin/]: MixinPlatformAgentLiteLoaderLegacy rejected container ContainerHandleURI(file:/C:/Users/tanavm/Documents/MultiMC/instances/v1.8.9/.minecraft/mods/PolyCrosshair-1.8.9-forge-1.0.3.jar)
[10:27:55] [main/DEBUG] [mixin/]: Instancing new MixinPlatformAgentDefault for ContainerHandleURI(file:/C:/Users/tanavm/Documents/MultiMC/instances/v1.8.9/.minecraft/mods/PolyCrosshair-1.8.9-forge-1.0.3.jar)
[10:27:55] [main/DEBUG] [mixin/]: MixinPlatformAgentDefault accepted container ContainerHandleURI(file:/C:/Users/tanavm/Documents/MultiMC/instances/v1.8.9/.minecraft/mods/PolyCrosshair-1.8.9-forge-1.0.3.jar)
[10:27:55] [main/DEBUG] [mixin/]: Adding mixin platform agents for container ContainerHandleURI(file:/C:/Users/tanavm/Documents/MultiMC/instances/v1.8.9/.minecraft/mods/PolyPatcher-1.8.9-forge-1.10.1.jar)
[10:27:55] [main/DEBUG] [mixin/]: Instancing new MixinPlatformAgentFMLLegacy for ContainerHandleURI(file:/C:/Users/tanavm/Documents/MultiMC/instances/v1.8.9/.minecraft/mods/PolyPatcher-1.8.9-forge-1.10.1.jar)
[10:27:55] [main/DEBUG] [mixin/]: ForceLoadAsMod was specified for PolyPatcher-1.8.9-forge-1.10.1.jar, attempting force-load
[10:27:55] [main/DEBUG] [mixin/]: PolyPatcher-1.8.9-forge-1.10.1.jar has core plugin club.sk1er.patcher.tweaker.PatcherTweaker. Injecting it into FML for co-initialisation:
[10:27:55] [main/DEBUG] [FML/]: Instantiating coremod class PatcherTweaker
[10:27:55] [main/DEBUG] [FML/]: The coremod club.sk1er.patcher.tweaker.PatcherTweaker requested minecraft version 1.8.9 and minecraft is 1.8.9. It will be loaded.
[10:27:55] [main/DEBUG] [FML/]: Instantiating coremod class ModTweaker
[10:27:55] [main/DEBUG] [FML/]: The coremod club.sk1er.patcher.tweaker.other.ModTweaker requested minecraft version 1.8.9 and minecraft is 1.8.9. It will be loaded.
[10:27:55] [main/DEBUG] [FML/]: Enqueued coremod ModTweaker
[10:27:55] [main/DEBUG] [FML/]: Enqueued coremod PatcherTweaker
[10:27:55] [main/DEBUG] [mixin/]: MixinPlatformAgentFMLLegacy accepted container ContainerHandleURI(file:/C:/Users/tanavm/Documents/MultiMC/instances/v1.8.9/.minecraft/mods/PolyPatcher-1.8.9-forge-1.10.1.jar)
[10:27:55] [main/DEBUG] [mixin/]: Instancing new MixinPlatformAgentLiteLoaderLegacy for ContainerHandleURI(file:/C:/Users/tanavm/Documents/MultiMC/instances/v1.8.9/.minecraft/mods/PolyPatcher-1.8.9-forge-1.10.1.jar)
[10:27:55] [main/DEBUG] [mixin/]: MixinPlatformAgentLiteLoaderLegacy rejected container ContainerHandleURI(file:/C:/Users/tanavm/Documents/MultiMC/instances/v1.8.9/.minecraft/mods/PolyPatcher-1.8.9-forge-1.10.1.jar)
[10:27:55] [main/DEBUG] [mixin/]: Instancing new MixinPlatformAgentDefault for ContainerHandleURI(file:/C:/Users/tanavm/Documents/MultiMC/instances/v1.8.9/.minecraft/mods/PolyPatcher-1.8.9-forge-1.10.1.jar)
[10:27:55] [main/DEBUG] [mixin/]: MixinPlatformAgentDefault accepted container ContainerHandleURI(file:/C:/Users/tanavm/Documents/MultiMC/instances/v1.8.9/.minecraft/mods/PolyPatcher-1.8.9-forge-1.10.1.jar)
[10:27:55] [main/DEBUG] [mixin/]: Adding mixin platform agents for container ContainerHandleURI(file:/C:/Users/tanavm/Documents/MultiMC/instances/v1.8.9/.minecraft/mods/PolySprint-1.8.9-forge-1.0.1.jar)
[10:27:55] [main/DEBUG] [mixin/]: Instancing new MixinPlatformAgentFMLLegacy for ContainerHandleURI(file:/C:/Users/tanavm/Documents/MultiMC/instances/v1.8.9/.minecraft/mods/PolySprint-1.8.9-forge-1.0.1.jar)
[10:27:55] [main/DEBUG] [mixin/]: ForceLoadAsMod was specified for PolySprint-1.8.9-forge-1.0.1.jar, attempting force-load
[10:27:55] [main/DEBUG] [mixin/]: MixinPlatformAgentFMLLegacy rejected container ContainerHandleURI(file:/C:/Users/tanavm/Documents/MultiMC/instances/v1.8.9/.minecraft/mods/PolySprint-1.8.9-forge-1.0.1.jar)
[10:27:55] [main/DEBUG] [mixin/]: Instancing new MixinPlatformAgentLiteLoaderLegacy for ContainerHandleURI(file:/C:/Users/tanavm/Documents/MultiMC/instances/v1.8.9/.minecraft/mods/PolySprint-1.8.9-forge-1.0.1.jar)
[10:27:55] [main/DEBUG] [mixin/]: MixinPlatformAgentLiteLoaderLegacy rejected container ContainerHandleURI(file:/C:/Users/tanavm/Documents/MultiMC/instances/v1.8.9/.minecraft/mods/PolySprint-1.8.9-forge-1.0.1.jar)
[10:27:55] [main/DEBUG] [mixin/]: Instancing new MixinPlatformAgentDefault for ContainerHandleURI(file:/C:/Users/tanavm/Documents/MultiMC/instances/v1.8.9/.minecraft/mods/PolySprint-1.8.9-forge-1.0.1.jar)
[10:27:55] [main/DEBUG] [mixin/]: MixinPlatformAgentDefault accepted container ContainerHandleURI(file:/C:/Users/tanavm/Documents/MultiMC/instances/v1.8.9/.minecraft/mods/PolySprint-1.8.9-forge-1.0.1.jar)
[10:27:55] [main/WARN] [mixin/]: MixinEnvironment::addTransformerExclusion is deprecated!
[10:27:55] [main/INFO] [STDOUT/]: [cc.polyfrost.oneconfig.loader.OneConfigLoaderBase:<init>:44]: OneConfig has detected the version 1.8.9. If this is false, report this at https://inv.wtf/polyfrost
[10:27:55] [main/WARN] [mixin/]: MixinEnvironment::addTransformerExclusion is deprecated!
[10:27:55] [main/WARN] [LaunchWrapper/]: Tweak class name cc.polyfrost.oneconfig.loader.stage0.LaunchWrapperTweaker has already been visited -- skipping
[10:27:55] [main/WARN] [LaunchWrapper/]: Tweak class name cc.polyfrost.oneconfig.loader.stage0.LaunchWrapperTweaker has already been visited -- skipping
[10:27:55] [main/WARN] [LaunchWrapper/]: Tweak class name cc.polyfrost.oneconfig.loader.stage0.LaunchWrapperTweaker has already been visited -- skipping
[10:27:55] [main/WARN] [LaunchWrapper/]: Tweak class name cc.polyfrost.oneconfig.loader.stage0.LaunchWrapperTweaker has already been visited -- skipping
[10:27:55] [main/WARN] [LaunchWrapper/]: Tweak class name cc.polyfrost.oneconfig.loader.stage0.LaunchWrapperTweaker has already been visited -- skipping
[10:27:55] [main/INFO] [LaunchWrapper/]: Loading tweak class name optifine.OptiFineForgeTweaker
[10:27:55] [main/INFO] [LaunchWrapper/]: Loading tweak class name org.spongepowered.asm.launch.MixinTweaker
[10:27:55] [main/WARN] [LaunchWrapper/]: Tweak class name gg.essential.loader.stage0.EssentialSetupTweaker has already been visited -- skipping
[10:27:55] [main/INFO] [LaunchWrapper/]: Loading tweak class name net.minecraftforge.fml.common.launcher.FMLDeobfTweaker
[10:27:55] [main/INFO] [LaunchWrapper/]: Calling tweak class net.minecraftforge.fml.common.launcher.FMLInjectionAndSortingTweaker
[10:27:55] [main/INFO] [LaunchWrapper/]: Calling tweak class net.minecraftforge.fml.common.launcher.FMLInjectionAndSortingTweaker
[10:27:55] [main/INFO] [LaunchWrapper/]: Calling tweak class optifine.OptiFineForgeTweaker
[10:27:55] [main/INFO] [STDOUT/]: [optifine.OptiFineForgeTweaker:dbg:56]: OptiFineForgeTweaker: acceptOptions
[10:27:55] [main/INFO] [STDOUT/]: [optifine.OptiFineForgeTweaker:dbg:56]: OptiFineForgeTweaker: injectIntoClassLoader
[10:27:55] [main/INFO] [STDOUT/]: [optifine.OptiFineClassTransformer:dbg:242]: OptiFine ClassTransformer
[10:27:55] [main/INFO] [STDOUT/]: [optifine.OptiFineClassTransformer:dbg:242]: OptiFine ZIP file: C:\Users\tanavm\Documents\MultiMC\instances\v1.8.9\.minecraft\mods\preview_OptiFine_1.8.9_HD_U_M6_pre2.jar
[10:27:55] [main/INFO] [LaunchWrapper/]: Calling tweak class net.minecraftforge.fml.relauncher.CoreModManager$FMLPluginWrapper
[10:27:55] [main/DEBUG] [FML/]: Injecting coremod FMLCorePlugin {net.minecraftforge.fml.relauncher.FMLCorePlugin} class transformers
[10:27:55] [main/TRACE] [FML/]: Registering transformer net.minecraftforge.fml.common.asm.transformers.BlamingTransformer
[10:27:55] [main/TRACE] [FML/]: Registering transformer net.minecraftforge.fml.common.asm.transformers.SideTransformer
[10:27:55] [main/TRACE] [FML/]: Registering transformer net.minecraftforge.fml.common.asm.transformers.EventSubscriptionTransformer
[10:27:55] [main/TRACE] [FML/]: Registering transformer net.minecraftforge.fml.common.asm.transformers.EventSubscriberTransformer
[10:27:55] [main/DEBUG] [FML/]: Injection complete
[10:27:55] [main/DEBUG] [FML/]: Running coremod plugin for FMLCorePlugin {net.minecraftforge.fml.relauncher.FMLCorePlugin}
[10:27:55] [main/DEBUG] [FML/]: Running coremod plugin FMLCorePlugin
[10:27:55] [main/DEBUG] [FML/]: Read 825 binary patches
[10:27:55] [main/DEBUG] [FML/]: Loading deobfuscation resource /deobfuscation_data-1.8.9.lzma with 27891 records
[10:27:55] [main/INFO] [FML/]: Found valid fingerprint for Minecraft. Certificate fingerprint cd99959656f753dc28d863b46769f7f8fbaefcfc
[10:27:55] [main/ERROR] [FML/]: FML appears to be missing any signature data. This is not a good thing
[10:27:55] [main/DEBUG] [FML/]: Coremod plugin class FMLCorePlugin run successfully
[10:27:55] [main/INFO] [LaunchWrapper/]: Calling tweak class net.minecraftforge.fml.relauncher.CoreModManager$FMLPluginWrapper
[10:27:55] [main/DEBUG] [FML/]: Injecting coremod FMLForgePlugin {net.minecraftforge.classloading.FMLForgePlugin} class transformers
[10:27:55] [main/DEBUG] [FML/]: Injection complete
[10:27:55] [main/DEBUG] [FML/]: Running coremod plugin for FMLForgePlugin {net.minecraftforge.classloading.FMLForgePlugin}
[10:27:55] [main/DEBUG] [FML/]: Running coremod plugin FMLForgePlugin
[10:27:55] [main/DEBUG] [FML/]: Coremod plugin class FMLForgePlugin run successfully
[10:27:55] [main/INFO] [LaunchWrapper/]: Calling tweak class net.minecraftforge.fml.relauncher.CoreModManager$FMLPluginWrapper
[10:27:55] [main/DEBUG] [FML/]: Injecting coremod LoadingPlugin {me.aycy.blockoverlay.asm.LoadingPlugin} class transformers
[10:27:55] [main/TRACE] [FML/]: Registering transformer me.aycy.blockoverlay.asm.Transformer
[10:27:55] [main/DEBUG] [FML/]: Injection complete
[10:27:55] [main/DEBUG] [FML/]: Running coremod plugin for LoadingPlugin {me.aycy.blockoverlay.asm.LoadingPlugin}
[10:27:55] [main/DEBUG] [FML/]: Running coremod plugin LoadingPlugin
[10:27:55] [main/DEBUG] [FML/]: Coremod plugin class LoadingPlugin run successfully
[10:27:55] [main/INFO] [LaunchWrapper/]: Calling tweak class net.minecraftforge.fml.relauncher.CoreModManager$FMLPluginWrapper
[10:27:55] [main/DEBUG] [FML/]: Injecting coremod FMLLoadingPlugin {io.prplz.mousedelayfix.FMLLoadingPlugin} class transformers
[10:27:55] [main/TRACE] [FML/]: Registering transformer io.prplz.mousedelayfix.ClassTransformer
[10:27:55] [main/DEBUG] [FML/]: Injection complete
[10:27:55] [main/DEBUG] [FML/]: Running coremod plugin for FMLLoadingPlugin {io.prplz.mousedelayfix.FMLLoadingPlugin}
[10:27:55] [main/DEBUG] [FML/]: Running coremod plugin FMLLoadingPlugin
[10:27:55] [main/DEBUG] [FML/]: Coremod plugin class FMLLoadingPlugin run successfully
[10:27:55] [main/INFO] [LaunchWrapper/]: Calling tweak class net.minecraftforge.fml.relauncher.CoreModManager$FMLPluginWrapper
[10:27:55] [main/DEBUG] [FML/]: Injecting coremod FMLLoadingPlugin {club.sk1er.mods.tnttimer.forge.FMLLoadingPlugin} class transformers
[10:27:55] [main/TRACE] [FML/]: Registering transformer club.sk1er.mods.tnttimer.forge.ClassTransformer
[10:27:55] [main/DEBUG] [FML/]: Injection complete
[10:27:55] [main/DEBUG] [FML/]: Running coremod plugin for FMLLoadingPlugin {club.sk1er.mods.tnttimer.forge.FMLLoadingPlugin}
[10:27:55] [main/DEBUG] [FML/]: Running coremod plugin FMLLoadingPlugin
[10:27:55] [main/DEBUG] [FML/]: Coremod plugin class FMLLoadingPlugin run successfully
[10:27:55] [main/INFO] [LaunchWrapper/]: Calling tweak class gg.essential.loader.stage0.EssentialSetupTweaker
[10:27:55] [main/DEBUG] [gg.essential.loader.stage2.EssentialLoader/]: Found Mixin 0.8.4 loaded, we bundle 0.8.4
[10:27:55] [main/INFO] [mixin/]: Compatibility level set to JAVA_8
[10:27:55] [main/DEBUG] [gg.essential.main.Bootstrap/]: Replacing LaunchClassLoader.transformers list with a copy-on-write list
[10:27:55] [main/DEBUG] [mixin/]: Checking for additional mixins for MixinEnvironment[PREINIT]
[10:27:55] [main/INFO] [LaunchWrapper/]: Calling tweak class cc.polyfrost.oneconfig.loader.stage0.LaunchWrapperTweaker
[10:27:55] [main/DEBUG] [mixin/]: Checking for additional mixins for MixinEnvironment[PREINIT]
[10:27:55] [main/INFO] [LaunchWrapper/]: Calling tweak class org.spongepowered.asm.launch.MixinTweaker
[10:27:55] [main/DEBUG] [mixin/]: Processing prepare() for PlatformAgent[MixinPlatformAgentDefault:ContainerHandleURI(file:/C:/Users/tanavm/Documents/MultiMC/instances/v1.8.9/.minecraft/essential/Essential%20(forge_1.8.9).processed.jar)]
[10:27:55] [main/DEBUG] [mixin/]: Processing prepare() for PlatformAgent[MixinPlatformAgentDefault:ContainerHandleURI(file:/C:/Users/tanavm/Documents/MultiMC/instances/v1.8.9/.minecraft/mods/TimeChanger-2.2.1.jar)]
[10:27:55] [main/DEBUG] [mixin/]: Registering mixin config: mixins.timechanger.json
[10:27:55] [main/ERROR] [mixin/]: Mixin config mixins.timechanger.json does not specify "minVersion" property
[10:27:55] [main/DEBUG] [mixin/]: Processing prepare() for PlatformAgent[MixinPlatformAgentDefault:ContainerHandleURI(file:/C:/Users/tanavm/Documents/MultiMC/instances/v1.8.9/.minecraft/mods/EvergreenHUD-1.8.9-forge-2.1.7.jar)]
[10:27:55] [main/DEBUG] [mixin/]: Registering mixin config: mixins.evergreenhud.json
[10:27:55] [main/DEBUG] [mixin/]: Processing prepare() for PlatformAgent[MixinPlatformAgentDefault:ContainerHandleURI(file:/C:/Users/tanavm/Documents/MultiMC/instances/v1.8.9/.minecraft/mods/Hytils%20Reborn-1.8.9-forge-1.7.3.jar)]
[10:27:55] [main/DEBUG] [mixin/]: Registering mixin config: mixins.hytils.json
[10:27:55] [main/DEBUG] [mixin/]: Processing prepare() for PlatformAgent[MixinPlatformAgentDefault:ContainerHandleURI(file:/C:/Users/tanavm/Documents/MultiMC/instances/v1.8.9/.minecraft/mods/PolyCrosshair-1.8.9-forge-1.0.3.jar)]
[10:27:55] [main/DEBUG] [mixin/]: Registering mixin config: mixins.polycrosshair.json
[10:27:55] [main/DEBUG] [mixin/]: Processing prepare() for PlatformAgent[MixinPlatformAgentFMLLegacy:ContainerHandleURI(file:/C:/Users/tanavm/Documents/MultiMC/instances/v1.8.9/.minecraft/mods/PolyPatcher-1.8.9-forge-1.10.1.jar)]
[10:27:55] [main/DEBUG] [mixin/]: Processing prepare() for PlatformAgent[MixinPlatformAgentDefault:ContainerHandleURI(file:/C:/Users/tanavm/Documents/MultiMC/instances/v1.8.9/.minecraft/mods/PolyPatcher-1.8.9-forge-1.10.1.jar)]
[10:27:55] [main/DEBUG] [mixin/]: Registering mixin config: mixins.patcher.json
[10:27:55] [main/DEBUG] [mixin/]: Processing prepare() for PlatformAgent[MixinPlatformAgentDefault:ContainerHandleURI(file:/C:/Users/tanavm/Documents/MultiMC/instances/v1.8.9/.minecraft/mods/PolySprint-1.8.9-forge-1.0.1.jar)]
[10:27:55] [main/DEBUG] [mixin/]: Registering mixin config: mixins.polysprint.json
[10:27:55] [main/ERROR] [mixin/]: Mixin config mixins.polysprint.json does not specify "minVersion" property
[10:27:55] [main/DEBUG] [mixin/]: Creating FML remapper adapter: org.spongepowered.asm.bridge.RemapperAdapterFML
[10:27:55] [main/DEBUG] [mixin/]: Checking for additional mixins for MixinEnvironment[PREINIT]
[10:27:55] [main/INFO] [mixin/]: Initialised Mixin FML Remapper Adapter with net.minecraftforge.fml.common.asm.transformers.deobf.FMLDeobfuscatingRemapper@3fdbb7ee
[10:27:55] [main/DEBUG] [mixin/]: Processing launch tasks for PlatformAgent[MixinPlatformAgentDefault:ContainerHandleURI(file:/C:/Users/tanavm/Documents/MultiMC/instances/v1.8.9/.minecraft/essential/Essential%20(forge_1.8.9).processed.jar)]
[10:27:55] [main/DEBUG] [org.spongepowered.asm.service.mojang.MixinServiceLaunchWrapper/]: Scanning file:/C:/Users/tanavm/Documents/MultiMC/instances/v1.8.9/.minecraft/essential/Essential%20(forge_1.8.9).processed.jar for mixin tweaker
[10:27:55] [main/DEBUG] [org.spongepowered.asm.service.mojang.MixinServiceLaunchWrapper/]: Scanning file:/C:/Users/tanavm/Documents/MultiMC/jars/NewLaunch.jar for mixin tweaker
[10:27:55] [main/DEBUG] [org.spongepowered.asm.service.mojang.MixinServiceLaunchWrapper/]: Scanning file:/C:/Users/tanavm/Documents/MultiMC/libraries/net/java/jinput/jinput/2.0.5/jinput-2.0.5.jar for mixin tweaker
[10:27:55] [main/DEBUG] [org.spongepowered.asm.service.mojang.MixinServiceLaunchWrapper/]: Scanning file:/C:/Users/tanavm/Documents/MultiMC/libraries/net/java/jutils/jutils/1.0.0/jutils-1.0.0.jar for mixin tweaker
[10:27:55] [main/DEBUG] [org.spongepowered.asm.service.mojang.MixinServiceLaunchWrapper/]: Scanning file:/C:/Users/tanavm/Documents/MultiMC/libraries/org/lwjgl/lwjgl/lwjgl/2.9.4-nightly-20150209/lwjgl-2.9.4-nightly-20150209.jar for mixin tweaker
[10:27:55] [main/DEBUG] [org.spongepowered.asm.service.mojang.MixinServiceLaunchWrapper/]: Scanning file:/C:/Users/tanavm/Documents/MultiMC/libraries/org/lwjgl/lwjgl/lwjgl_util/2.9.4-nightly-20150209/lwjgl_util-2.9.4-nightly-20150209.jar for mixin tweaker
[10:27:55] [main/DEBUG] [org.spongepowered.asm.service.mojang.MixinServiceLaunchWrapper/]: Scanning file:/C:/Users/tanavm/Documents/MultiMC/libraries/com/mojang/netty/1.8.8/netty-1.8.8.jar for mixin tweaker
[10:27:55] [main/DEBUG] [org.spongepowered.asm.service.mojang.MixinServiceLaunchWrapper/]: Scanning file:/C:/Users/tanavm/Documents/MultiMC/libraries/oshi-project/oshi-core/1.1/oshi-core-1.1.jar for mixin tweaker
[10:27:55] [main/DEBUG] [org.spongepowered.asm.service.mojang.MixinServiceLaunchWrapper/]: Scanning file:/C:/Users/tanavm/Documents/MultiMC/libraries/net/java/dev/jna/jna/3.4.0/jna-3.4.0.jar for mixin tweaker
[10:27:55] [main/DEBUG] [org.spongepowered.asm.service.mojang.MixinServiceLaunchWrapper/]: Scanning file:/C:/Users/tanavm/Documents/MultiMC/libraries/net/java/dev/jna/platform/3.4.0/platform-3.4.0.jar for mixin tweaker
[10:27:55] [main/DEBUG] [org.spongepowered.asm.service.mojang.MixinServiceLaunchWrapper/]: Scanning file:/C:/Users/tanavm/Documents/MultiMC/libraries/com/ibm/icu/icu4j-core-mojang/51.2/icu4j-core-mojang-51.2.jar for mixin tweaker
[10:27:55] [main/DEBUG] [org.spongepowered.asm.service.mojang.MixinServiceLaunchWrapper/]: Scanning file:/C:/Users/tanavm/Documents/MultiMC/libraries/net/sf/jopt-simple/jopt-simple/4.6/jopt-simple-4.6.jar for mixin tweaker
[10:27:55] [main/DEBUG] [org.spongepowered.asm.service.mojang.MixinServiceLaunchWrapper/]: Scanning file:/C:/Users/tanavm/Documents/MultiMC/libraries/com/paulscode/codecjorbis/20101023/codecjorbis-20101023.jar for mixin tweaker
[10:27:55] [main/DEBUG] [org.spongepowered.asm.service.mojang.MixinServiceLaunchWrapper/]: Scanning file:/C:/Users/tanavm/Documents/MultiMC/libraries/com/paulscode/codecwav/20101023/codecwav-20101023.jar for mixin tweaker
[10:27:55] [main/DEBUG] [org.spongepowered.asm.service.mojang.MixinServiceLaunchWrapper/]: Scanning file:/C:/Users/tanavm/Documents/MultiMC/libraries/com/paulscode/libraryjavasound/20101123/libraryjavasound-20101123.jar for mixin tweaker
[10:27:55] [main/DEBUG] [org.spongepowered.asm.service.mojang.MixinServiceLaunchWrapper/]: Scanning file:/C:/Users/tanavm/Documents/MultiMC/libraries/com/paulscode/librarylwjglopenal/20100824/librarylwjglopenal-20100824.jar for mixin tweaker
[10:27:55] [main/DEBUG] [org.spongepowered.asm.service.mojang.MixinServiceLaunchWrapper/]: Scanning file:/C:/Users/tanavm/Documents/MultiMC/libraries/com/paulscode/soundsystem/20120107/soundsystem-20120107.jar for mixin tweaker
[10:27:55] [main/DEBUG] [org.spongepowered.asm.service.mojang.MixinServiceLaunchWrapper/]: Scanning file:/C:/Users/tanavm/Documents/MultiMC/libraries/io/netty/netty-all/4.0.23.Final/netty-all-4.0.23.Final.jar for mixin tweaker
[10:27:55] [main/DEBUG] [org.spongepowered.asm.service.mojang.MixinServiceLaunchWrapper/]: Scanning file:/C:/Users/tanavm/Documents/MultiMC/libraries/com/google/guava/guava/17.0/guava-17.0.jar for mixin tweaker
[10:27:55] [main/DEBUG] [org.spongepowered.asm.service.mojang.MixinServiceLaunchWrapper/]: Scanning file:/C:/Users/tanavm/Documents/MultiMC/libraries/org/apache/commons/commons-lang3/3.3.2/commons-lang3-3.3.2.jar for mixin tweaker
[10:27:55] [main/DEBUG] [org.spongepowered.asm.service.mojang.MixinServiceLaunchWrapper/]: Scanning file:/C:/Users/tanavm/Documents/MultiMC/libraries/commons-io/commons-io/2.4/commons-io-2.4.jar for mixin tweaker
[10:27:55] [main/DEBUG] [org.spongepowered.asm.service.mojang.MixinServiceLaunchWrapper/]: Scanning file:/C:/Users/tanavm/Documents/MultiMC/libraries/commons-codec/commons-codec/1.9/commons-codec-1.9.jar for mixin tweaker
[10:27:55] [main/DEBUG] [org.spongepowered.asm.service.mojang.MixinServiceLaunchWrapper/]: Scanning file:/C:/Users/tanavm/Documents/MultiMC/libraries/com/google/code/gson/gson/2.2.4/gson-2.2.4.jar for mixin tweaker
[10:27:55] [main/DEBUG] [org.spongepowered.asm.service.mojang.MixinServiceLaunchWrapper/]: Scanning file:/C:/Users/tanavm/Documents/MultiMC/libraries/com/mojang/authlib/1.5.21/authlib-1.5.21.jar for mixin tweaker
[10:27:55] [main/DEBUG] [org.spongepowered.asm.service.mojang.MixinServiceLaunchWrapper/]: Scanning file:/C:/Users/tanavm/Documents/MultiMC/libraries/com/mojang/realms/1.7.59/realms-1.7.59.jar for mixin tweaker
[10:27:55] [main/DEBUG] [org.spongepowered.asm.service.mojang.MixinServiceLaunchWrapper/]: Scanning file:/C:/Users/tanavm/Documents/MultiMC/libraries/org/apache/commons/commons-compress/1.8.1/commons-compress-1.8.1.jar for mixin tweaker
[10:27:55] [main/DEBUG] [org.spongepowered.asm.service.mojang.MixinServiceLaunchWrapper/]: Scanning file:/C:/Users/tanavm/Documents/MultiMC/libraries/org/apache/httpcomponents/httpclient/4.3.3/httpclient-4.3.3.jar for mixin tweaker
[10:27:55] [main/DEBUG] [org.spongepowered.asm.service.mojang.MixinServiceLaunchWrapper/]: Scanning file:/C:/Users/tanavm/Documents/MultiMC/libraries/commons-logging/commons-logging/1.1.3/commons-logging-1.1.3.jar for mixin tweaker
[10:27:55] [main/DEBUG] [org.spongepowered.asm.service.mojang.MixinServiceLaunchWrapper/]: Scanning file:/C:/Users/tanavm/Documents/MultiMC/libraries/org/apache/httpcomponents/httpcore/4.3.2/httpcore-4.3.2.jar for mixin tweaker
[10:27:55] [main/DEBUG] [org.spongepowered.asm.service.mojang.MixinServiceLaunchWrapper/]: Scanning file:/C:/Users/tanavm/Documents/MultiMC/libraries/org/apache/logging/log4j/log4j-api/2.0-beta9-fixed/log4j-api-2.0-beta9-fixed.jar for mixin tweaker
[10:27:55] [main/DEBUG] [org.spongepowered.asm.service.mojang.MixinServiceLaunchWrapper/]: Scanning file:/C:/Users/tanavm/Documents/MultiMC/libraries/org/apache/logging/log4j/log4j-core/2.0-beta9-fixed/log4j-core-2.0-beta9-fixed.jar for mixin tweaker
[10:27:55] [main/DEBUG] [org.spongepowered.asm.service.mojang.MixinServiceLaunchWrapper/]: Scanning file:/C:/Users/tanavm/Documents/MultiMC/libraries/tv/twitch/twitch/6.5/twitch-6.5.jar for mixin tweaker
[10:27:55] [main/DEBUG] [org.spongepowered.asm.service.mojang.MixinServiceLaunchWrapper/]: Scanning file:/C:/Users/tanavm/Documents/MultiMC/libraries/net/minecraftforge/forge/1.8.9-11.15.1.2318-1.8.9/forge-1.8.9-11.15.1.2318-1.8.9-universal.jar for mixin tweaker
[10:27:55] [main/DEBUG] [org.spongepowered.asm.service.mojang.MixinServiceLaunchWrapper/]: Scanning file:/C:/Users/tanavm/Documents/MultiMC/libraries/net/minecraft/launchwrapper/1.12/launchwrapper-1.12.jar for mixin tweaker
[10:27:55] [main/DEBUG] [org.spongepowered.asm.service.mojang.MixinServiceLaunchWrapper/]: Scanning file:/C:/Users/tanavm/Documents/MultiMC/libraries/org/ow2/asm/asm-all/5.0.3/asm-all-5.0.3.jar for mixin tweaker
[10:27:55] [main/DEBUG] [org.spongepowered.asm.service.mojang.MixinServiceLaunchWrapper/]: Scanning file:/C:/Users/tanavm/Documents/MultiMC/libraries/jline/jline/2.13/jline-2.13.jar for mixin tweaker
[10:27:55] [main/DEBUG] [org.spongepowered.asm.service.mojang.MixinServiceLaunchWrapper/]: Scanning file:/C:/Users/tanavm/Documents/MultiMC/libraries/com/typesafe/akka/akka-actor_2.11/2.3.3/akka-actor_2.11-2.3.3.jar for mixin tweaker
[10:27:55] [main/DEBUG] [org.spongepowered.asm.service.mojang.MixinServiceLaunchWrapper/]: Scanning file:/C:/Users/tanavm/Documents/MultiMC/libraries/com/typesafe/config/1.2.1/config-1.2.1.jar for mixin tweaker
[10:27:55] [main/DEBUG] [org.spongepowered.asm.service.mojang.MixinServiceLaunchWrapper/]: Scanning file:/C:/Users/tanavm/Documents/MultiMC/libraries/org/scala-lang/scala-actors-migration_2.11/1.1.0/scala-actors-migration_2.11-1.1.0.jar for mixin tweaker
[10:27:55] [main/DEBUG] [org.spongepowered.asm.service.mojang.MixinServiceLaunchWrapper/]: Scanning file:/C:/Users/tanavm/Documents/MultiMC/libraries/org/scala-lang/scala-compiler/2.11.1/scala-compiler-2.11.1.jar for mixin tweaker
[10:27:55] [main/DEBUG] [org.spongepowered.asm.service.mojang.MixinServiceLaunchWrapper/]: Scanning file:/C:/Users/tanavm/Documents/MultiMC/libraries/org/scala-lang/plugins/scala-continuations-library_2.11/1.0.2/scala-continuations-library_2.11-1.0.2.jar for mixin tweaker
[10:27:55] [main/DEBUG] [org.spongepowered.asm.service.mojang.MixinServiceLaunchWrapper/]: Scanning file:/C:/Users/tanavm/Documents/MultiMC/libraries/org/scala-lang/plugins/scala-continuations-plugin_2.11.1/1.0.2/scala-continuations-plugin_2.11.1-1.0.2.jar for mixin tweaker
[10:27:55] [main/DEBUG] [org.spongepowered.asm.service.mojang.MixinServiceLaunchWrapper/]: Scanning file:/C:/Users/tanavm/Documents/MultiMC/libraries/org/scala-lang/scala-library/2.11.1/scala-library-2.11.1.jar for mixin tweaker
[10:27:55] [main/DEBUG] [org.spongepowered.asm.service.mojang.MixinServiceLaunchWrapper/]: Scanning file:/C:/Users/tanavm/Documents/MultiMC/libraries/org/scala-lang/scala-parser-combinators_2.11/1.0.1/scala-parser-combinators_2.11-1.0.1.jar for mixin tweaker
[10:27:55] [main/DEBUG] [org.spongepowered.asm.service.mojang.MixinServiceLaunchWrapper/]: Scanning file:/C:/Users/tanavm/Documents/MultiMC/libraries/org/scala-lang/scala-reflect/2.11.1/scala-reflect-2.11.1.jar for mixin tweaker
[10:27:55] [main/DEBUG] [org.spongepowered.asm.service.mojang.MixinServiceLaunchWrapper/]: Scanning file:/C:/Users/tanavm/Documents/MultiMC/libraries/org/scala-lang/scala-swing_2.11/1.0.1/scala-swing_2.11-1.0.1.jar for mixin tweaker
[10:27:55] [main/DEBUG] [org.spongepowered.asm.service.mojang.MixinServiceLaunchWrapper/]: Scanning file:/C:/Users/tanavm/Documents/MultiMC/libraries/org/scala-lang/scala-xml_2.11/1.0.2/scala-xml_2.11-1.0.2.jar for mixin tweaker
[10:27:55] [main/DEBUG] [org.spongepowered.asm.service.mojang.MixinServiceLaunchWrapper/]: Scanning file:/C:/Users/tanavm/Documents/MultiMC/libraries/lzma/lzma/0.0.1/lzma-0.0.1.jar for mixin tweaker
[10:27:55] [main/DEBUG] [org.spongepowered.asm.service.mojang.MixinServiceLaunchWrapper/]: Scanning file:/C:/Users/tanavm/Documents/MultiMC/libraries/java3d/vecmath/1.5.2/vecmath-1.5.2.jar for mixin tweaker
[10:27:55] [main/DEBUG] [org.spongepowered.asm.service.mojang.MixinServiceLaunchWrapper/]: Scanning file:/C:/Users/tanavm/Documents/MultiMC/libraries/net/sf/trove4j/trove4j/3.0.3/trove4j-3.0.3.jar for mixin tweaker
[10:27:55] [main/DEBUG] [org.spongepowered.asm.service.mojang.MixinServiceLaunchWrapper/]: Scanning file:/C:/Users/tanavm/Documents/MultiMC/libraries/com/mojang/minecraft/1.8.9/minecraft-1.8.9-client.jar for mixin tweaker
[10:27:55] [main/DEBUG] [org.spongepowered.asm.service.mojang.MixinServiceLaunchWrapper/]: Scanning file:/C:/Users/tanavm/Documents/MultiMC/instances/v1.8.9/.minecraft/essential/loader/stage0/launchwrapper/stage1.jar for mixin tweaker
[10:27:55] [main/DEBUG] [org.spongepowered.asm.service.mojang.MixinServiceLaunchWrapper/]: Scanning file:/C:/Users/tanavm/Documents/MultiMC/instances/v1.8.9/.minecraft/essential/loader/stage1/launchwrapper/stage2.forge_1.8.9.jar for mixin tweaker
[10:27:55] [main/DEBUG] [org.spongepowered.asm.service.mojang.MixinServiceLaunchWrapper/]: Scanning file:/C:/Users/tanavm/Documents/MultiMC/instances/v1.8.9/.minecraft/mods/Block_Overlay_4.0.3.jar for mixin tweaker
[10:27:55] [main/DEBUG] [org.spongepowered.asm.service.mojang.MixinServiceLaunchWrapper/]: Scanning file:/C:/Users/tanavm/Documents/MultiMC/instances/v1.8.9/.minecraft/mods/Essential-Client-Mod-Forge-1.8.9.jar for mixin tweaker
[10:27:55] [main/DEBUG] [org.spongepowered.asm.service.mojang.MixinServiceLaunchWrapper/]: Scanning file:/C:/Users/tanavm/Documents/MultiMC/instances/v1.8.9/.minecraft/mods/EvergreenHUD-1.8.9-forge-2.1.7.jar for mixin tweaker
[10:27:55] [main/DEBUG] [org.spongepowered.asm.service.mojang.MixinServiceLaunchWrapper/]: Scanning file:/C:/Users/tanavm/Documents/MultiMC/instances/v1.8.9/.minecraft/mods/Hytils%20Reborn-1.8.9-forge-1.7.3.jar for mixin tweaker
[10:27:55] [main/DEBUG] [org.spongepowered.asm.service.mojang.MixinServiceLaunchWrapper/]: Scanning file:/C:/Users/tanavm/Documents/MultiMC/instances/v1.8.9/.minecraft/mods/Keystrokes-1.8.9-forge-1.0.0.jar for mixin tweaker
[10:27:55] [main/DEBUG] [org.spongepowered.asm.service.mojang.MixinServiceLaunchWrapper/]: Scanning file:/C:/Users/tanavm/Documents/MultiMC/instances/v1.8.9/.minecraft/mods/MouseDelayFix-1.0.1.jar for mixin tweaker
[10:27:55] [main/DEBUG] [org.spongepowered.asm.service.mojang.MixinServiceLaunchWrapper/]: Scanning file:/C:/Users/tanavm/Documents/MultiMC/instances/v1.8.9/.minecraft/mods/PolyCrosshair-1.8.9-forge-1.0.3.jar for mixin tweaker
[10:27:55] [main/DEBUG] [org.spongepowered.asm.service.mojang.MixinServiceLaunchWrapper/]: Scanning file:/C:/Users/tanavm/Documents/MultiMC/instances/v1.8.9/.minecraft/mods/PolyPatcher-1.8.9-forge-1.10.1.jar for mixin tweaker
[10:27:55] [main/DEBUG] [org.spongepowered.asm.service.mojang.MixinServiceLaunchWrapper/]: Scanning file:/C:/Users/tanavm/Documents/MultiMC/instances/v1.8.9/.minecraft/mods/PolySprint-1.8.9-forge-1.0.1.jar for mixin tweaker
[10:27:55] [main/DEBUG] [org.spongepowered.asm.service.mojang.MixinServiceLaunchWrapper/]: Scanning file:/C:/Users/tanavm/Documents/MultiMC/instances/v1.8.9/.minecraft/mods/preview_OptiFine_1.8.9_HD_U_M6_pre2.jar for mixin tweaker
[10:27:55] [main/DEBUG] [org.spongepowered.asm.service.mojang.MixinServiceLaunchWrapper/]: Scanning file:/C:/Users/tanavm/Documents/MultiMC/instances/v1.8.9/.minecraft/mods/TimeChanger-2.2.1.jar for mixin tweaker
[10:27:55] [main/DEBUG] [org.spongepowered.asm.service.mojang.MixinServiceLaunchWrapper/]: Scanning file:/C:/Users/tanavm/Documents/MultiMC/instances/v1.8.9/.minecraft/mods/TNT-Time-Mod-Forge-1.8.9.jar for mixin tweaker
[10:27:55] [main/DEBUG] [org.spongepowered.asm.service.mojang.MixinServiceLaunchWrapper/]: Scanning file:/C:/Users/tanavm/Documents/MultiMC/instances/v1.8.9/.minecraft/essential/loader/stage0/launchwrapper/stage1.jar for mixin tweaker
[10:27:55] [main/DEBUG] [org.spongepowered.asm.service.mojang.MixinServiceLaunchWrapper/]: Scanning file:/C:/Users/tanavm/Documents/MultiMC/instances/v1.8.9/.minecraft/essential/loader/stage1/launchwrapper/stage2.forge_1.8.9.jar for mixin tweaker
[10:27:55] [main/DEBUG] [org.spongepowered.asm.service.mojang.MixinServiceLaunchWrapper/]: Scanning file:/C:/Users/tanavm/Documents/MultiMC/instances/v1.8.9/.minecraft/./OneConfig/launchwrapper/OneConfig-Loader.jar for mixin tweaker
[10:27:55] [main/DEBUG] [org.spongepowered.asm.service.mojang.MixinServiceLaunchWrapper/]: Scanning file:/C:/Users/tanavm/Documents/MultiMC/instances/v1.8.9/.minecraft/./OneConfig/OneConfig%20(1.8.9-forge).jar for mixin tweaker
[10:27:55] [main/DEBUG] [org.spongepowered.asm.service.mojang.MixinServiceLaunchWrapper/]: Scanning asmgen:/ for mixin tweaker
[10:27:55] [main/DEBUG] [mixin/]: Adding agents for Mixin Container ContainerHandleURI(file:/C:/Users/tanavm/Documents/MultiMC/instances/v1.8.9/.minecraft/mods/TimeChanger-2.2.1.jar)
[10:27:55] [main/DEBUG] [mixin/]: inject() running with 7 agents
[10:27:55] [main/DEBUG] [mixin/]: Processing inject() for PlatformAgent[MixinPlatformAgentDefault:ContainerHandleURI(file:/C:/Users/tanavm/Documents/MultiMC/instances/v1.8.9/.minecraft/essential/Essential%20(forge_1.8.9).processed.jar)]
[10:27:55] [main/DEBUG] [mixin/]: Processing inject() for PlatformAgent[MixinPlatformAgentDefault:ContainerHandleURI(file:/C:/Users/tanavm/Documents/MultiMC/instances/v1.8.9/.minecraft/mods/TimeChanger-2.2.1.jar)]
[10:27:55] [main/DEBUG] [mixin/]: Processing inject() for PlatformAgent[MixinPlatformAgentDefault:ContainerHandleURI(file:/C:/Users/tanavm/Documents/MultiMC/instances/v1.8.9/.minecraft/mods/EvergreenHUD-1.8.9-forge-2.1.7.jar)]
[10:27:55] [main/DEBUG] [mixin/]: Processing inject() for PlatformAgent[MixinPlatformAgentDefault:ContainerHandleURI(file:/C:/Users/tanavm/Documents/MultiMC/instances/v1.8.9/.minecraft/mods/Hytils%20Reborn-1.8.9-forge-1.7.3.jar)]
[10:27:55] [main/DEBUG] [mixin/]: Processing inject() for PlatformAgent[MixinPlatformAgentDefault:ContainerHandleURI(file:/C:/Users/tanavm/Documents/MultiMC/instances/v1.8.9/.minecraft/mods/PolyCrosshair-1.8.9-forge-1.0.3.jar)]
[10:27:55] [main/DEBUG] [mixin/]: Processing inject() for PlatformAgent[MixinPlatformAgentFMLLegacy:ContainerHandleURI(file:/C:/Users/tanavm/Documents/MultiMC/instances/v1.8.9/.minecraft/mods/PolyPatcher-1.8.9-forge-1.10.1.jar)]
[10:27:55] [main/DEBUG] [mixin/]: FML agent is co-initiralising coremod instance PatcherTweaker {[]} for ContainerHandleURI(file:/C:/Users/tanavm/Documents/MultiMC/instances/v1.8.9/.minecraft/mods/PolyPatcher-1.8.9-forge-1.10.1.jar)
[10:27:55] [main/DEBUG] [FML/]: Injecting coremod PatcherTweaker {club.sk1er.patcher.tweaker.PatcherTweaker} class transformers
[10:27:55] [main/TRACE] [FML/]: Registering transformer club.sk1er.patcher.tweaker.ClassTransformer
[10:27:55] [main/WARN] [mixin/]: MixinEnvironment::addTransformerExclusion is deprecated!
[10:27:56] [main/DEBUG] [FML/]: Injection complete
[10:27:56] [main/DEBUG] [FML/]: Running coremod plugin for PatcherTweaker {club.sk1er.patcher.tweaker.PatcherTweaker}
[10:27:56] [main/DEBUG] [FML/]: Running coremod plugin PatcherTweaker
[10:27:56] [main/DEBUG] [FML/]: Coremod plugin class PatcherTweaker run successfully
[10:27:56] [main/DEBUG] [mixin/]: Processing inject() for PlatformAgent[MixinPlatformAgentDefault:ContainerHandleURI(file:/C:/Users/tanavm/Documents/MultiMC/instances/v1.8.9/.minecraft/mods/PolyPatcher-1.8.9-forge-1.10.1.jar)]
[10:27:56] [main/DEBUG] [mixin/]: Processing inject() for PlatformAgent[MixinPlatformAgentDefault:ContainerHandleURI(file:/C:/Users/tanavm/Documents/MultiMC/instances/v1.8.9/.minecraft/mods/PolySprint-1.8.9-forge-1.0.1.jar)]
[10:27:56] [main/INFO] [LaunchWrapper/]: Calling tweak class net.minecraftforge.fml.common.launcher.FMLDeobfTweaker
[10:27:56] [main/DEBUG] [FML/]: Loaded 165 rules from AccessTransformer config file forge_at.cfg
[10:27:56] [main/DEBUG] [FML/]: Loaded 10 rules from AccessTransformer mod jar file C:\Users\tanavm\Documents\MultiMC\instances\v1.8.9\.minecraft\mods\PolyPatcher-1.8.9-forge-1.10.1.jar!META-INF/patcher18_at.cfg

[10:27:56] [main/DEBUG] [mixin/]: Adding new mixin transformer proxy #2
[10:27:56] [main/DEBUG] [FML/]: Validating minecraft
[10:27:56] [main/DEBUG] [mixin/]: Preparing mixins for MixinEnvironment[INIT]
[10:27:56] [main/DEBUG] [mixin/]: Selecting config mixins.essential.init.json
[10:27:56] [main/DEBUG] [MixinExtras|Service/]: gg.essential.lib.mixinextras.service.MixinExtrasServiceImpl(version=0.3.5) is taking over from null
[10:27:56] [main/DEBUG] [mixin/]: Registering new injector for @Inject with org.spongepowered.asm.mixin.injection.struct.CallbackInjectionInfo
[10:27:56] [main/DEBUG] [mixin/]: Registering new injector for @ModifyArg with org.spongepowered.asm.mixin.injection.struct.ModifyArgInjectionInfo
[10:27:56] [main/DEBUG] [mixin/]: Registering new injector for @ModifyArgs with org.spongepowered.asm.mixin.injection.struct.ModifyArgsInjectionInfo
[10:27:56] [main/DEBUG] [mixin/]: Registering new injector for @Redirect with org.spongepowered.asm.mixin.injection.struct.RedirectInjectionInfo
[10:27:56] [main/DEBUG] [mixin/]: Registering new injector for @ModifyVariable with org.spongepowered.asm.mixin.injection.struct.ModifyVariableInjectionInfo
[10:27:56] [main/DEBUG] [mixin/]: Registering new injector for @ModifyConstant with org.spongepowered.asm.mixin.injection.struct.ModifyConstantInjectionInfo
[10:27:56] [main/DEBUG] [mixin/]: Preparing mixins.essential.init.json (1)
[10:27:56] [main/DEBUG] [org.spongepowered.asm.service.mojang.MixinServiceLaunchWrapper/]: Found name transformer: net.minecraftforge.fml.common.asm.transformers.DeobfuscationTransformer
[10:27:56] [main/DEBUG] [org.spongepowered.asm.service.mojang.MixinServiceLaunchWrapper/]: Rebuilding transformer delegation list:
[10:27:56] [main/DEBUG] [org.spongepowered.asm.service.mojang.MixinServiceLaunchWrapper/]: Found name transformer: net.minecraftforge.fml.common.asm.transformers.DeobfuscationTransformer
[10:27:56] [main/DEBUG] [org.spongepowered.asm.service.mojang.MixinServiceLaunchWrapper/]:   Adding:    net.minecraftforge.fml.common.asm.transformers.PatchingTransformer
[10:27:56] [main/DEBUG] [org.spongepowered.asm.service.mojang.MixinServiceLaunchWrapper/]:   Adding:    gg.essential.mixincompat.BundledAsmTransformer
[10:27:56] [main/DEBUG] [org.spongepowered.asm.service.mojang.MixinServiceLaunchWrapper/]:   Excluding: org.spongepowered.asm.mixin.transformer.Proxy
[10:27:56] [main/DEBUG] [org.spongepowered.asm.service.mojang.MixinServiceLaunchWrapper/]:   Adding:    optifine.OptiFineClassTransformer
[10:27:56] [main/DEBUG] [org.spongepowered.asm.service.mojang.MixinServiceLaunchWrapper/]:   Adding:    $wrapper.net.minecraftforge.fml.common.asm.transformers.BlamingTransformer
[10:27:56] [main/DEBUG] [org.spongepowered.asm.service.mojang.MixinServiceLaunchWrapper/]:   Adding:    $wrapper.net.minecraftforge.fml.common.asm.transformers.SideTransformer
[10:27:56] [main/DEBUG] [org.spongepowered.asm.service.mojang.MixinServiceLaunchWrapper/]:   Excluding: $wrapper.net.minecraftforge.fml.common.asm.transformers.EventSubscriptionTransformer
[10:27:56] [main/DEBUG] [org.spongepowered.asm.service.mojang.MixinServiceLaunchWrapper/]:   Adding:    $wrapper.net.minecraftforge.fml.common.asm.transformers.EventSubscriberTransformer
[10:27:56] [main/DEBUG] [org.spongepowered.asm.service.mojang.MixinServiceLaunchWrapper/]:   Adding:    $wrapper.me.aycy.blockoverlay.asm.Transformer
[10:27:56] [main/DEBUG] [org.spongepowered.asm.service.mojang.MixinServiceLaunchWrapper/]:   Adding:    $wrapper.io.prplz.mousedelayfix.ClassTransformer
[10:27:56] [main/DEBUG] [org.spongepowered.asm.service.mojang.MixinServiceLaunchWrapper/]:   Adding:    $wrapper.club.sk1er.mods.tnttimer.forge.ClassTransformer
[10:27:56] [main/DEBUG] [org.spongepowered.asm.service.mojang.MixinServiceLaunchWrapper/]:   Adding:    gg.essential.asm.compat.PhosphorTransformer
[10:27:56] [main/DEBUG] [org.spongepowered.asm.service.mojang.MixinServiceLaunchWrapper/]:   Adding:    cc.polyfrost.oneconfig.internal.plugin.asm.ClassTransformer
[10:27:56] [main/DEBUG] [org.spongepowered.asm.service.mojang.MixinServiceLaunchWrapper/]:   Excluding: $wrapper.club.sk1er.patcher.tweaker.ClassTransformer
[10:27:56] [main/DEBUG] [org.spongepowered.asm.service.mojang.MixinServiceLaunchWrapper/]:   Adding:    net.minecraftforge.fml.common.asm.transformers.DeobfuscationTransformer
[10:27:56] [main/DEBUG] [org.spongepowered.asm.service.mojang.MixinServiceLaunchWrapper/]:   Adding:    net.minecraftforge.fml.common.asm.transformers.AccessTransformer
[10:27:56] [main/DEBUG] [org.spongepowered.asm.service.mojang.MixinServiceLaunchWrapper/]:   Adding:    net.minecraftforge.fml.common.asm.transformers.ModAccessTransformer
[10:27:56] [main/DEBUG] [org.spongepowered.asm.service.mojang.MixinServiceLaunchWrapper/]:   Adding:    net.minecraftforge.fml.common.asm.transformers.ItemStackTransformer
[10:27:56] [main/DEBUG] [org.spongepowered.asm.service.mojang.MixinServiceLaunchWrapper/]:   Excluding: org.spongepowered.asm.mixin.transformer.Proxy
[10:27:56] [main/DEBUG] [org.spongepowered.asm.service.mojang.MixinServiceLaunchWrapper/]: Transformer delegation list created with 15 entries
[10:27:56] [main/TRACE] [mixin/]: Added class metadata for net/minecraftforge/fml/common/Loader to metadata cache
[10:27:56] [main/INFO] [MixinExtras|Service/]: Initializing MixinExtras via gg.essential.lib.mixinextras.service.MixinExtrasServiceImpl(version=0.3.5).
[10:27:56] [main/DEBUG] [mixin/]: Registering new injector for @SugarWrapper with gg.essential.lib.mixinextras.sugar.impl.SugarWrapperInjectionInfo
[10:27:56] [main/DEBUG] [mixin/]: Registering new injector for @FactoryRedirectWrapper with gg.essential.lib.mixinextras.wrapper.factory.FactoryRedirectWrapperInjectionInfo
[10:27:56] [main/DEBUG] [mixin/]: Mixing Mixin_MixIntoNonCoremods from mixins.essential.init.json into net.minecraftforge.fml.common.Loader
[10:27:56] [main/TRACE] [mixin/]: Added class metadata for java/util/List to metadata cache
[10:27:56] [main/TRACE] [mixin/]: Added class metadata for java/util/Iterator to metadata cache
[10:27:56] [main/TRACE] [mixin/]: Added class metadata for net/minecraftforge/fml/common/ModContainer to metadata cache
[10:27:56] [main/TRACE] [mixin/]: Added class metadata for net/minecraftforge/fml/common/ModClassLoader to metadata cache
[10:27:56] [main/TRACE] [mixin/]: Added class metadata for java/lang/RuntimeException to metadata cache
[10:27:56] [main/TRACE] [mixin/]: Added class metadata for java/lang/Exception to metadata cache
[10:27:56] [main/TRACE] [mixin/]: Added class metadata for java/lang/Throwable to metadata cache
[10:27:56] [main/TRACE] [mixin/]: Added class metadata for java/io/Serializable to metadata cache
[10:27:56] [main/TRACE] [mixin/]: Added class metadata for org/spongepowered/asm/mixin/Mixins to metadata cache
[10:27:56] [main/TRACE] [mixin/]: Added class metadata for java/lang/Class to metadata cache
[10:27:56] [main/TRACE] [mixin/]: Added class metadata for java/lang/reflect/AnnotatedElement to metadata cache
[10:27:56] [main/TRACE] [mixin/]: Added class metadata for java/lang/reflect/GenericDeclaration to metadata cache
[10:27:56] [main/TRACE] [mixin/]: Added class metadata for java/lang/reflect/Type to metadata cache
[10:27:56] [main/TRACE] [mixin/]: Added class metadata for java/lang/reflect/Field to metadata cache
[10:27:56] [main/TRACE] [mixin/]: Added class metadata for java/lang/reflect/AccessibleObject to metadata cache
[10:27:56] [main/TRACE] [mixin/]: Added class metadata for java/lang/reflect/Method to metadata cache
[10:27:56] [main/TRACE] [mixin/]: Added class metadata for java/lang/reflect/Executable to metadata cache
[10:27:56] [main/TRACE] [mixin/]: Added class metadata for org/spongepowered/asm/mixin/MixinEnvironment to metadata cache
[10:27:56] [main/TRACE] [mixin/]: Added class metadata for org/spongepowered/asm/util/ITokenProvider to metadata cache
[10:27:56] [main/TRACE] [mixin/]: Added class metadata for java/lang/UnsupportedOperationException to metadata cache
[10:27:56] [main/TRACE] [mixin/]: Added class metadata for java/net/MalformedURLException to metadata cache
[10:27:56] [main/TRACE] [mixin/]: Added class metadata for org/spongepowered/asm/mixin/injection/callback/CallbackInfo to metadata cache
[10:27:56] [main/TRACE] [mixin/]: Added class metadata for org/spongepowered/asm/mixin/transformer/ext/Extensions to metadata cache
[10:27:56] [main/TRACE] [mixin/]: Added class metadata for net/minecraftforge/fml/common/toposort/ModSorter to metadata cache
[10:27:56] [main/TRACE] [mixin/]: Added class metadata for com/google/common/collect/ImmutableList to metadata cache
[10:27:56] [main/TRACE] [mixin/]: Added class metadata for com/google/common/collect/ImmutableCollection to metadata cache
[10:27:56] [main/TRACE] [mixin/]: Added class metadata for java/util/AbstractCollection to metadata cache
[10:27:56] [main/TRACE] [mixin/]: Added class metadata for java/util/Properties to metadata cache
[10:27:56] [main/TRACE] [mixin/]: Added class metadata for java/util/Hashtable to metadata cache
[10:27:56] [main/TRACE] [mixin/]: Added class metadata for java/util/Dictionary to metadata cache
[10:27:56] [main/TRACE] [mixin/]: Added class metadata for java/lang/NoSuchMethodException to metadata cache
[10:27:56] [main/TRACE] [mixin/]: Added class metadata for java/lang/ReflectiveOperationException to metadata cache
[10:27:56] [main/DEBUG] [FML/]: Minecraft validated, launching...
[10:27:56] [main/INFO] [LaunchWrapper/]: Calling tweak class net.minecraftforge.fml.relauncher.CoreModManager$FMLPluginWrapper
[10:27:56] [main/DEBUG] [FML/]: Injecting coremod ModTweaker {club.sk1er.patcher.tweaker.other.ModTweaker} class transformers
[10:27:56] [main/TRACE] [FML/]: Registering transformer club.sk1er.patcher.tweaker.other.ModClassTransformer
[10:27:56] [main/WARN] [mixin/]: MixinEnvironment::addTransformerExclusion is deprecated!
[10:27:56] [main/DEBUG] [FML/]: Injection complete
[10:27:56] [main/DEBUG] [FML/]: Running coremod plugin for ModTweaker {club.sk1er.patcher.tweaker.other.ModTweaker}
[10:27:56] [main/DEBUG] [FML/]: Running coremod plugin ModTweaker
[10:27:56] [main/DEBUG] [FML/]: Coremod plugin class ModTweaker run successfully
[10:27:56] [main/INFO] [LaunchWrapper/]: Loading tweak class name net.minecraftforge.fml.common.launcher.TerminalTweaker
[10:27:56] [main/INFO] [LaunchWrapper/]: Loading tweak class name gg.essential.asm.compat.betterfps.tweaker.BetterFpsWrappingTweaker
[10:27:56] [main/INFO] [LaunchWrapper/]: Loading tweak class name org.spongepowered.asm.mixin.EnvironmentStateTweaker
[10:27:56] [main/INFO] [LaunchWrapper/]: Calling tweak class net.minecraftforge.fml.common.launcher.TerminalTweaker
[10:27:56] [main/INFO] [LaunchWrapper/]: Calling tweak class gg.essential.asm.compat.betterfps.tweaker.BetterFpsWrappingTweaker
[10:27:56] [main/INFO] [LaunchWrapper/]: Calling tweak class org.spongepowered.asm.mixin.EnvironmentStateTweaker
[10:27:56] [main/INFO] [STDOUT/]: [optifine.OptiFineForgeTweaker:dbg:56]: OptiFineForgeTweaker: getLaunchArguments
[10:27:56] [main/DEBUG] [mixin/]: Adding new mixin transformer proxy #3
[10:27:56] [main/DEBUG] [mixin/]: Ending MixinEnvironment[INIT], applied 1 mixins
[10:27:56] [main/DEBUG] [mixin/]: Preparing mixins for MixinEnvironment[DEFAULT]
[10:27:56] [main/DEBUG] [mixin/]: Selecting config mixins.essential.json
[10:27:56] [main/INFO] [Essential Logger - Plugin/]: Starting Essential v1.3.5.11 (#c76e773d16) [stable]
[10:27:56] [main/DEBUG] [mixin/]: Selecting config mixins.oneconfig.json
[10:27:56] [main/DEBUG] [gg.essential.mixincompat.BundledAsmTransformer/]: Found reference to legacy mixin asm in "cc.polyfrost.oneconfig.internal.plugin.OneConfigMixinPlugin", remapping to upstream package..
[10:27:56] [main/DEBUG] [mixin/]: Selecting config mixins.timechanger.json
[10:27:56] [main/DEBUG] [mixin/]: Selecting config mixins.evergreenhud.json
[10:27:56] [main/DEBUG] [mixin/]: Selecting config mixins.hytils.json
[10:27:56] [main/DEBUG] [gg.essential.mixincompat.BundledAsmTransformer/]: Found reference to legacy mixin asm in "org.polyfrost.hytils.forge.HytilsMixinPlugin", remapping to upstream package..
[10:27:56] [main/INFO] [STDOUT/]: [org.polyfrost.hytils.forge.HytilsMixinPlugin:onLoad:43]: OptiFine detected, applying OptiFine compat mixin.
[10:27:56] [main/DEBUG] [mixin/]: Selecting config mixins.polycrosshair.json
[10:27:56] [main/DEBUG] [mixin/]: Selecting config mixins.patcher.json
[10:27:56] [main/DEBUG] [gg.essential.mixincompat.BundledAsmTransformer/]: Found reference to legacy mixin asm in "club.sk1er.patcher.mixins.plugin.PatcherMixinPlugin", remapping to upstream package..
[10:27:56] [main/WARN] [mixin/]: MixinEnvironment::addTransformerExclusion is deprecated!
[10:27:56] [main/DEBUG] [mixin/]: Selecting config mixins.polysprint.json
[10:27:56] [main/DEBUG] [gg.essential.mixincompat.BundledAsmTransformer/]: Found reference to legacy mixin asm in "org.polyfrost.polysprint.tweaker.MixinPlugin", remapping to upstream package..
[10:27:56] [main/DEBUG] [mixin/]: Preparing mixins.essential.json (226)
[10:27:56] [main/DEBUG] [org.spongepowered.asm.service.mojang.MixinServiceLaunchWrapper/]: Rebuilding transformer delegation list:
[10:27:56] [main/DEBUG] [org.spongepowered.asm.service.mojang.MixinServiceLaunchWrapper/]: Found name transformer: net.minecraftforge.fml.common.asm.transformers.DeobfuscationTransformer
[10:27:56] [main/DEBUG] [org.spongepowered.asm.service.mojang.MixinServiceLaunchWrapper/]:   Adding:    net.minecraftforge.fml.common.asm.transformers.PatchingTransformer
[10:27:56] [main/DEBUG] [org.spongepowered.asm.service.mojang.MixinServiceLaunchWrapper/]:   Adding:    gg.essential.mixincompat.BundledAsmTransformer
[10:27:56] [main/DEBUG] [org.spongepowered.asm.service.mojang.MixinServiceLaunchWrapper/]:   Excluding: org.spongepowered.asm.mixin.transformer.Proxy
[10:27:56] [main/DEBUG] [org.spongepowered.asm.service.mojang.MixinServiceLaunchWrapper/]:   Adding:    optifine.OptiFineClassTransformer
[10:27:56] [main/DEBUG] [org.spongepowered.asm.service.mojang.MixinServiceLaunchWrapper/]:   Adding:    $wrapper.net.minecraftforge.fml.common.asm.transformers.BlamingTransformer
[10:27:56] [main/DEBUG] [org.spongepowered.asm.service.mojang.MixinServiceLaunchWrapper/]:   Adding:    $wrapper.net.minecraftforge.fml.common.asm.transformers.SideTransformer
[10:27:56] [main/DEBUG] [org.spongepowered.asm.service.mojang.MixinServiceLaunchWrapper/]:   Excluding: $wrapper.net.minecraftforge.fml.common.asm.transformers.EventSubscriptionTransformer
[10:27:56] [main/DEBUG] [org.spongepowered.asm.service.mojang.MixinServiceLaunchWrapper/]:   Adding:    $wrapper.net.minecraftforge.fml.common.asm.transformers.EventSubscriberTransformer
[10:27:56] [main/DEBUG] [org.spongepowered.asm.service.mojang.MixinServiceLaunchWrapper/]:   Adding:    $wrapper.me.aycy.blockoverlay.asm.Transformer
[10:27:56] [main/DEBUG] [org.spongepowered.asm.service.mojang.MixinServiceLaunchWrapper/]:   Adding:    $wrapper.io.prplz.mousedelayfix.ClassTransformer
[10:27:56] [main/DEBUG] [org.spongepowered.asm.service.mojang.MixinServiceLaunchWrapper/]:   Adding:    $wrapper.club.sk1er.mods.tnttimer.forge.ClassTransformer
[10:27:56] [main/DEBUG] [org.spongepowered.asm.service.mojang.MixinServiceLaunchWrapper/]:   Adding:    gg.essential.asm.compat.PhosphorTransformer
[10:27:56] [main/DEBUG] [org.spongepowered.asm.service.mojang.MixinServiceLaunchWrapper/]:   Adding:    cc.polyfrost.oneconfig.internal.plugin.asm.ClassTransformer
[10:27:56] [main/DEBUG] [org.spongepowered.asm.service.mojang.MixinServiceLaunchWrapper/]:   Excluding: $wrapper.club.sk1er.patcher.tweaker.ClassTransformer
[10:27:56] [main/DEBUG] [org.spongepowered.asm.service.mojang.MixinServiceLaunchWrapper/]:   Adding:    net.minecraftforge.fml.common.asm.transformers.DeobfuscationTransformer
[10:27:56] [main/DEBUG] [org.spongepowered.asm.service.mojang.MixinServiceLaunchWrapper/]:   Adding:    net.minecraftforge.fml.common.asm.transformers.AccessTransformer
[10:27:56] [main/DEBUG] [org.spongepowered.asm.service.mojang.MixinServiceLaunchWrapper/]:   Adding:    net.minecraftforge.fml.common.asm.transformers.ModAccessTransformer
[10:27:56] [main/DEBUG] [org.spongepowered.asm.service.mojang.MixinServiceLaunchWrapper/]:   Adding:    net.minecraftforge.fml.common.asm.transformers.ItemStackTransformer
[10:27:56] [main/DEBUG] [org.spongepowered.asm.service.mojang.MixinServiceLaunchWrapper/]:   Excluding: org.spongepowered.asm.mixin.transformer.Proxy
[10:27:56] [main/DEBUG] [org.spongepowered.asm.service.mojang.MixinServiceLaunchWrapper/]:   Excluding: $wrapper.club.sk1er.patcher.tweaker.other.ModClassTransformer
[10:27:56] [main/DEBUG] [org.spongepowered.asm.service.mojang.MixinServiceLaunchWrapper/]:   Excluding: net.minecraftforge.fml.common.asm.transformers.TerminalTransformer
[10:27:56] [main/DEBUG] [org.spongepowered.asm.service.mojang.MixinServiceLaunchWrapper/]:   Excluding: org.spongepowered.asm.mixin.transformer.Proxy
[10:27:56] [main/DEBUG] [org.spongepowered.asm.service.mojang.MixinServiceLaunchWrapper/]: Transformer delegation list created with 15 entries
[10:27:56] [main/TRACE] [mixin/]: Added class metadata for net/minecraft/client/Minecraft to metadata cache
[10:27:56] [main/TRACE] [mixin/]: Added class metadata for net/minecraft/client/gui/GuiScreen to metadata cache
[10:27:56] [main/TRACE] [mixin/]: Added class metadata for net/minecraft/client/entity/AbstractClientPlayer to metadata cache
[10:27:56] [main/TRACE] [mixin/]: Added class metadata for net/minecraft/client/gui/GuiMultiplayer to metadata cache
[10:27:56] [main/TRACE] [mixin/]: Added class metadata for net/minecraft/client/gui/GuiDisconnected to metadata cache
[10:27:56] [main/TRACE] [mixin/]: Added class metadata for net/minecraft/client/gui/GuiNewChat to metadata cache
[10:27:56] [main/TRACE] [mixin/]: Added class metadata for net/minecraft/client/gui/GuiSlot to metadata cache
[10:27:56] [main/TRACE] [mixin/]: Added class metadata for net/minecraft/client/gui/GuiListExtended to metadata cache
[10:27:56] [main/TRACE] [mixin/]: Added class metadata for net/minecraft/client/gui/ServerSelectionList to metadata cache
[10:27:56] [main/TRACE] [mixin/]: Added class metadata for net/minecraft/client/gui/inventory/GuiInventory to metadata cache
[10:27:56] [main/TRACE] [mixin/]: Added class metadata for net/minecraft/client/gui/GuiTextField to metadata cache
[10:27:56] [main/TRACE] [mixin/]: Added class metadata for net/minecraft/client/gui/GuiShareToLan to metadata cache
[10:27:56] [main/TRACE] [mixin/]: Added class metadata for net/minecraft/client/gui/GuiChat to metadata cache
[10:27:56] [main/TRACE] [mixin/]: Added class metadata for net/minecraft/client/gui/GuiMainMenu to metadata cache
[10:27:56] [main/TRACE] [mixin/]: Added class metadata for net/minecraft/client/gui/GuiPlayerTabOverlay to metadata cache
[10:27:56] [main/TRACE] [mixin/]: Added class metadata for net/minecraft/client/gui/ScaledResolution to metadata cache
[10:27:56] [main/TRACE] [mixin/]: Added class metadata for net/minecraft/client/gui/ServerListEntryLanScan to metadata cache
[10:27:56] [main/TRACE] [mixin/]: Added class metadata for net/minecraft/client/gui/ServerListEntryNormal to metadata cache
[10:27:56] [main/TRACE] [mixin/]: Added class metadata for net/minecraft/client/model/ModelBase to metadata cache
[10:27:56] [main/TRACE] [mixin/]: Added class metadata for net/minecraft/client/model/ModelPlayer to metadata cache
[10:27:56] [main/TRACE] [mixin/]: Added class metadata for net/minecraft/client/model/ModelRenderer to metadata cache
[10:27:56] [main/TRACE] [mixin/]: Added class metadata for net/minecraft/client/multiplayer/GuiConnecting to metadata cache
[10:27:56] [main/TRACE] [mixin/]: Added class metadata for net/minecraft/client/multiplayer/ServerData to metadata cache
[10:27:56] [main/TRACE] [mixin/]: Added class metadata for net/minecraft/network/play/client/C01PacketChatMessage to metadata cache
[10:27:56] [main/TRACE] [mixin/]: Added class metadata for net/minecraft/client/network/NetHandlerPlayClient to metadata cache
[10:27:56] [main/TRACE] [mixin/]: Added class metadata for net/minecraft/network/NetworkManager to metadata cache
[10:27:56] [main/TRACE] [mixin/]: Added class metadata for net/minecraft/client/network/OldServerPinger$1 to metadata cache
[10:27:56] [main/TRACE] [mixin/]: Added class metadata for net/minecraft/client/network/NetworkPlayerInfo to metadata cache
[10:27:56] [main/TRACE] [mixin/]: Added class metadata for net/minecraft/client/network/OldServerPinger to metadata cache
[10:27:56] [main/TRACE] [mixin/]: Added class metadata for net/minecraft/client/settings/GameSettings to metadata cache
[10:27:56] [main/TRACE] [mixin/]: Added class metadata for net/minecraft/client/settings/KeyBinding to metadata cache
[10:27:56] [main/TRACE] [mixin/]: Added class metadata for net/minecraft/client/renderer/ItemRenderer to metadata cache
[10:27:56] [main/TRACE] [mixin/]: Added class metadata for net/minecraft/client/renderer/ThreadDownloadImageData to metadata cache
[10:27:56] [main/TRACE] [mixin/]: Added class metadata for net/minecraft/client/model/ModelBiped to metadata cache
[10:27:56] [main/TRACE] [mixin/]: Added class metadata for net/minecraft/client/renderer/entity/layers/LayerCape to metadata cache
[10:27:56] [main/TRACE] [mixin/]: Added class metadata for net/minecraft/client/renderer/entity/RenderManager to metadata cache
[10:27:56] [main/TRACE] [mixin/]: Added class metadata for net/minecraft/client/renderer/entity/layers/LayerHeldItem to metadata cache
[10:27:56] [main/TRACE] [mixin/]: Added class metadata for net/minecraft/client/renderer/entity/Render to metadata cache
[10:27:56] [main/TRACE] [mixin/]: Added class metadata for net/minecraft/client/renderer/entity/layers/LayerArmorBase to metadata cache
[10:27:56] [main/TRACE] [mixin/]: Added class metadata for net/minecraft/client/renderer/entity/layers/LayerCustomHead to metadata cache
[10:27:56] [main/TRACE] [mixin/]: Added class metadata for net/minecraft/client/renderer/RenderGlobal to metadata cache
[10:27:56] [main/TRACE] [mixin/]: Added class metadata for net/minecraft/client/renderer/entity/RendererLivingEntity to metadata cache
[10:27:56] [main/TRACE] [mixin/]: Added class metadata for net/minecraft/client/renderer/entity/RenderPlayer to metadata cache
[10:27:56] [main/TRACE] [mixin/]: Added class metadata for net/minecraft/client/resources/SkinManager to metadata cache
[10:27:56] [main/TRACE] [mixin/]: Added class metadata for net/minecraft/client/renderer/WorldRenderer to metadata cache
[10:27:56] [main/TRACE] [mixin/]: Added class metadata for net/minecraft/network/PacketThreadUtil to metadata cache
[10:27:56] [main/TRACE] [mixin/]: Added class metadata for net/minecraft/client/resources/ResourcePackRepository to metadata cache
[10:27:56] [main/TRACE] [mixin/]: Added class metadata for net/minecraft/client/multiplayer/GuiConnecting$1 to metadata cache
[10:27:56] [main/TRACE] [mixin/]: Added class metadata for net/minecraft/crash/CrashReport to metadata cache
[10:27:56] [main/TRACE] [mixin/]: Added class metadata for net/minecraft/crash/CrashReportCategory to metadata cache
[10:27:56] [main/TRACE] [mixin/]: Added class metadata for net/minecraft/entity/player/EntityPlayer to metadata cache
[10:27:56] [main/INFO] [STDOUT/]: [me.aycy.blockoverlay.asm.Transformer:transform:66]: Transformed Block Overlay
[10:27:56] [main/TRACE] [mixin/]: Added class metadata for net/minecraft/client/renderer/EntityRenderer to metadata cache
[10:27:56] [main/TRACE] [mixin/]: Added class metadata for net/minecraft/client/LoadingScreenRenderer to metadata cache
[10:27:56] [main/TRACE] [mixin/]: Added class metadata for net/minecraft/world/storage/WorldInfo to metadata cache
[10:27:56] [main/TRACE] [mixin/]: Added class metadata for net/minecraft/server/MinecraftServer to metadata cache
[10:27:56] [main/TRACE] [mixin/]: Added class metadata for net/minecraft/server/integrated/IntegratedServer to metadata cache
[10:27:56] [main/TRACE] [mixin/]: Added class metadata for net/minecraft/world/GameRules to metadata cache
[10:27:56] [main/TRACE] [mixin/]: Added class metadata for net/minecraft/world/GameRules$Value to metadata cache
[10:27:56] [main/TRACE] [mixin/]: Added class metadata for gg/essential/lib/ice4j/pseudotcp/PseudoTCPBase to metadata cache
[10:27:56] [main/TRACE] [mixin/]: Added class metadata for gg/essential/lib/ice4j/pseudotcp/PseudoTcpSocketImpl to metadata cache
[10:27:56] [main/TRACE] [mixin/]: Added class metadata for net/minecraft/network/NetworkSystem to metadata cache
[10:27:56] [main/TRACE] [mixin/]: Added class metadata for net/minecraft/client/multiplayer/WorldClient to metadata cache
[10:27:56] [main/INFO] [STDOUT/]: [io.prplz.mousedelayfix.ClassTransformer:transform:23]: Found EntityLivingBase: pr
[10:27:56] [main/INFO] [STDOUT/]: [io.prplz.mousedelayfix.ClassTransformer:transform:30]: Found getLook: d
[10:27:56] [main/INFO] [STDOUT/]: [io.prplz.mousedelayfix.ClassTransformer:transform:32]: Found Entity: pk
[10:27:56] [main/INFO] [STDOUT/]: [io.prplz.mousedelayfix.ClassTransformer:transform:34]: Found EntityPlayerSP: bew
[10:27:57] [main/TRACE] [mixin/]: Added class metadata for net/minecraft/entity/EntityLivingBase to metadata cache
[10:27:57] [main/TRACE] [mixin/]: Added class metadata for net/minecraft/client/particle/EffectRenderer to metadata cache
[10:27:57] [main/TRACE] [mixin/]: Added class metadata for net/minecraft/client/gui/GuiScreenAddServer to metadata cache
[10:27:57] [main/TRACE] [mixin/]: Added class metadata for net/minecraft/client/multiplayer/ServerList to metadata cache
[10:27:57] [main/TRACE] [mixin/]: Added class metadata for paulscode/sound/Library to metadata cache
[10:27:57] [main/TRACE] [mixin/]: Added class metadata for net/minecraft/client/audio/SoundManager to metadata cache
[10:27:57] [main/TRACE] [mixin/]: Added class metadata for paulscode/sound/libraries/SourceLWJGLOpenAL to metadata cache
[10:27:57] [main/TRACE] [mixin/]: Added class metadata for net/minecraft/client/audio/SoundHandler to metadata cache
[10:27:57] [main/TRACE] [mixin/]: Added class metadata for net/minecraft/server/management/ServerConfigurationManager to metadata cache
[10:27:57] [main/TRACE] [mixin/]: Added class metadata for net/minecraft/util/HttpUtil to metadata cache
[10:27:57] [main/TRACE] [mixin/]: Added class metadata for net/minecraftforge/fml/common/network/internal/FMLNetworkHandler to metadata cache
[10:27:57] [main/TRACE] [mixin/]: Added class metadata for net/minecraftforge/fml/common/network/handshake/FMLHandshakeMessage$ModList to metadata cache
[10:27:57] [main/TRACE] [mixin/]: Added class metadata for net/minecraftforge/fml/common/network/handshake/NetworkDispatcher to metadata cache
[10:27:57] [main/TRACE] [mixin/]: Added class metadata for net/minecraftforge/fml/common/discovery/JarDiscoverer to metadata cache
[10:27:57] [main/TRACE] [mixin/]: Added class metadata for net/minecraftforge/fml/common/LoadController to metadata cache
[10:27:57] [main/TRACE] [mixin/]: Added class metadata for net/minecraftforge/fml/common/network/internal/NetworkModHolder to metadata cache
[10:27:57] [main/TRACE] [mixin/]: Added class metadata for net/minecraft/world/storage/SaveHandler to metadata cache
[10:27:57] [main/TRACE] [mixin/]: Added class metadata for net/minecraft/client/resources/AbstractResourcePack to metadata cache
[10:27:57] [main/TRACE] [mixin/]: Added class metadata for net/minecraft/util/ScreenShotHelper to metadata cache
[10:27:57] [main/DEBUG] [mixin/]: Preparing mixins.oneconfig.json (11)
[10:27:57] [main/ERROR] [mixin/]: Critical problem: mixins.oneconfig.json:VigilantMixin target gg.essential.vigilance.Vigilant was loaded too early.
[10:27:57] [main/TRACE] [mixin/]: Added class metadata for net/minecraft/client/entity/EntityPlayerSP to metadata cache
[10:27:57] [main/TRACE] [mixin/]: Added class metadata for net/minecraftforge/client/GuiIngameForge to metadata cache
[10:27:57] [main/TRACE] [mixin/]: Added class metadata for Config to metadata cache
[10:27:57] [main/TRACE] [mixin/]: catching
java.lang.ClassNotFoundException: The specified class 'net.wyvest.redaction.features.NameHighlight' was not found
	at org.spongepowered.asm.service.mojang.MixinServiceLaunchWrapper.getClassBytes(MixinServiceLaunchWrapper.java:519) ~[Essential%20(forge_1.8.9).processed.jar:?]
	at org.spongepowered.asm.service.mojang.MixinServiceLaunchWrapper.getClassNode(MixinServiceLaunchWrapper.java:592) ~[Essential%20(forge_1.8.9).processed.jar:?]
	at org.spongepowered.asm.mixin.transformer.ClassInfo.forName(ClassInfo.java:2005) [Essential%20(forge_1.8.9).processed.jar:?]
	at org.spongepowered.asm.mixin.transformer.MixinInfo.getTargetClass(MixinInfo.java:1017) [Essential%20(forge_1.8.9).processed.jar:?]
	at org.spongepowered.asm.mixin.transformer.MixinInfo.readTargetClasses(MixinInfo.java:1007) [Essential%20(forge_1.8.9).processed.jar:?]
	at org.spongepowered.asm.mixin.transformer.MixinInfo.parseTargets(MixinInfo.java:895) [Essential%20(forge_1.8.9).processed.jar:?]
	at org.spongepowered.asm.mixin.transformer.MixinConfig.prepareMixins(MixinConfig.java:867) [Essential%20(forge_1.8.9).processed.jar:?]
	at org.spongepowered.asm.mixin.transformer.MixinConfig.prepare(MixinConfig.java:779) [Essential%20(forge_1.8.9).processed.jar:?]
	at org.spongepowered.asm.mixin.transformer.MixinProcessor.prepareConfigs(MixinProcessor.java:539) [Essential%20(forge_1.8.9).processed.jar:?]
	at org.spongepowered.asm.mixin.transformer.MixinProcessor.select(MixinProcessor.java:462) [Essential%20(forge_1.8.9).processed.jar:?]
	at org.spongepowered.asm.mixin.transformer.MixinProcessor.checkSelect(MixinProcessor.java:438) [Essential%20(forge_1.8.9).processed.jar:?]
	at org.spongepowered.asm.mixin.transformer.MixinProcessor.applyMixins(MixinProcessor.java:290) [Essential%20(forge_1.8.9).processed.jar:?]
	at org.spongepowered.asm.mixin.transformer.MixinTransformer.transformClass(MixinTransformer.java:234) [Essential%20(forge_1.8.9).processed.jar:?]
	at org.spongepowered.asm.mixin.transformer.MixinTransformer.transformClassBytes(MixinTransformer.java:202) [Essential%20(forge_1.8.9).processed.jar:?]
	at org.spongepowered.asm.mixin.transformer.Proxy.transform(Proxy.java:72) [Essential%20(forge_1.8.9).processed.jar:?]
	at net.minecraft.launchwrapper.LaunchClassLoader.runTransformers(LaunchClassLoader.java:279) [launchwrapper-1.12.jar:?]
	at net.minecraft.launchwrapper.LaunchClassLoader.findClass(LaunchClassLoader.java:176) [launchwrapper-1.12.jar:?]
	at java.lang.ClassLoader.loadClass(Unknown Source) [?:1.8.0_431]
	at java.lang.ClassLoader.loadClass(Unknown Source) [?:1.8.0_431]
	at java.lang.Class.forName0(Native Method) [?:1.8.0_431]
	at java.lang.Class.forName(Unknown Source) [?:1.8.0_431]
	at net.minecraft.launchwrapper.Launch.launch(Launch.java:131) [launchwrapper-1.12.jar:?]
	at net.minecraft.launchwrapper.Launch.main(Launch.java:28) [launchwrapper-1.12.jar:?]
	at sun.reflect.NativeMethodAccessorImpl.invoke0(Native Method) ~[?:1.8.0_431]
	at sun.reflect.NativeMethodAccessorImpl.invoke(Unknown Source) ~[?:1.8.0_431]
	at sun.reflect.DelegatingMethodAccessorImpl.invoke(Unknown Source) ~[?:1.8.0_431]
	at java.lang.reflect.Method.invoke(Unknown Source) ~[?:1.8.0_431]
	at gg.essential.loader.stage2.relaunch.Relaunch.relaunch(Relaunch.java:124) [stage2.forge_1.8.9.jar:?]
	at gg.essential.loader.stage2.EssentialLoader.preloadEssential(EssentialLoader.java:220) [stage2.forge_1.8.9.jar:?]
	at gg.essential.loader.stage2.EssentialLoader.loadPlatform(EssentialLoader.java:116) [stage2.forge_1.8.9.jar:?]
	at gg.essential.loader.stage2.EssentialLoaderBase.load(EssentialLoaderBase.java:148) [stage2.forge_1.8.9.jar:?]
	at sun.reflect.NativeMethodAccessorImpl.invoke0(Native Method) ~[?:1.8.0_431]
	at sun.reflect.NativeMethodAccessorImpl.invoke(Unknown Source) ~[?:1.8.0_431]
	at sun.reflect.DelegatingMethodAccessorImpl.invoke(Unknown Source) ~[?:1.8.0_431]
	at java.lang.reflect.Method.invoke(Unknown Source) ~[?:1.8.0_431]
	at gg.essential.loader.stage1.EssentialLoaderBase.load(EssentialLoaderBase.java:293) [stage1.jar:9]
	at gg.essential.loader.stage1.EssentialSetupTweaker.<init>(EssentialSetupTweaker.java:44) [stage1.jar:9]
	at sun.reflect.NativeConstructorAccessorImpl.newInstance0(Native Method) [?:1.8.0_431]
	at sun.reflect.NativeConstructorAccessorImpl.newInstance(Unknown Source) [?:1.8.0_431]
	at sun.reflect.DelegatingConstructorAccessorImpl.newInstance(Unknown Source) [?:1.8.0_431]
	at java.lang.reflect.Constructor.newInstance(Unknown Source) [?:1.8.0_431]
	at gg.essential.loader.stage0.EssentialSetupTweaker.loadStage1(EssentialSetupTweaker.java:53) [Essential-Client-Mod-Forge-1.8.9.jar:?]
	at gg.essential.loader.stage0.EssentialSetupTweaker.<init>(EssentialSetupTweaker.java:26) [Essential-Client-Mod-Forge-1.8.9.jar:?]
	at sun.reflect.NativeConstructorAccessorImpl.newInstance0(Native Method) [?:1.8.0_431]
	at sun.reflect.NativeConstructorAccessorImpl.newInstance(Unknown Source) [?:1.8.0_431]
	at sun.reflect.DelegatingConstructorAccessorImpl.newInstance(Unknown Source) [?:1.8.0_431]
	at java.lang.reflect.Constructor.newInstance(Unknown Source) [?:1.8.0_431]
	at java.lang.Class.newInstance(Unknown Source) [?:1.8.0_431]
	at net.minecraft.launchwrapper.Launch.launch(Launch.java:98) [launchwrapper-1.12.jar:?]
	at net.minecraft.launchwrapper.Launch.main(Launch.java:28) [launchwrapper-1.12.jar:?]
	at sun.reflect.NativeMethodAccessorImpl.invoke0(Native Method) ~[?:1.8.0_431]
	at sun.reflect.NativeMethodAccessorImpl.invoke(Unknown Source) ~[?:1.8.0_431]
	at sun.reflect.DelegatingMethodAccessorImpl.invoke(Unknown Source) ~[?:1.8.0_431]
	at java.lang.reflect.Method.invoke(Unknown Source) ~[?:1.8.0_431]
	at org.multimc.onesix.OneSixLauncher.launchWithMainClass(OneSixLauncher.java:243) [NewLaunch.jar:?]
	at org.multimc.onesix.OneSixLauncher.launch(OneSixLauncher.java:278) [NewLaunch.jar:?]
	at org.multimc.EntryPoint.listen(EntryPoint.java:143) [NewLaunch.jar:?]
	at org.multimc.EntryPoint.main(EntryPoint.java:34) [NewLaunch.jar:?]
[10:27:57] [main/WARN] [mixin/]: Error loading class: net/wyvest/redaction/features/NameHighlight (java.lang.ClassNotFoundException: The specified class 'net.wyvest.redaction.features.NameHighlight' was not found)
[10:27:57] [main/TRACE] [mixin/]: Added class metadata for net/wyvest/redaction/features/NameHighlight to metadata cache
[10:27:57] [main/DEBUG] [mixin/]: Skipping virtual target net.wyvest.redaction.features.NameHighlight for mixins.oneconfig.json:RedactionNameHighlightMixin
[10:27:57] [main/TRACE] [mixin/]: catching
java.lang.ClassNotFoundException: The specified class 'org.polyfrost.redaction.features.NameHighlight' was not found
	at org.spongepowered.asm.service.mojang.MixinServiceLaunchWrapper.getClassBytes(MixinServiceLaunchWrapper.java:519) ~[Essential%20(forge_1.8.9).processed.jar:?]
	at org.spongepowered.asm.service.mojang.MixinServiceLaunchWrapper.getClassNode(MixinServiceLaunchWrapper.java:592) ~[Essential%20(forge_1.8.9).processed.jar:?]
	at org.spongepowered.asm.mixin.transformer.ClassInfo.forName(ClassInfo.java:2005) [Essential%20(forge_1.8.9).processed.jar:?]
	at org.spongepowered.asm.mixin.transformer.MixinInfo.getTargetClass(MixinInfo.java:1017) [Essential%20(forge_1.8.9).processed.jar:?]
	at org.spongepowered.asm.mixin.transformer.MixinInfo.readTargetClasses(MixinInfo.java:1007) [Essential%20(forge_1.8.9).processed.jar:?]
	at org.spongepowered.asm.mixin.transformer.MixinInfo.parseTargets(MixinInfo.java:895) [Essential%20(forge_1.8.9).processed.jar:?]
	at org.spongepowered.asm.mixin.transformer.MixinConfig.prepareMixins(MixinConfig.java:867) [Essential%20(forge_1.8.9).processed.jar:?]
	at org.spongepowered.asm.mixin.transformer.MixinConfig.prepare(MixinConfig.java:779) [Essential%20(forge_1.8.9).processed.jar:?]
	at org.spongepowered.asm.mixin.transformer.MixinProcessor.prepareConfigs(MixinProcessor.java:539) [Essential%20(forge_1.8.9).processed.jar:?]
	at org.spongepowered.asm.mixin.transformer.MixinProcessor.select(MixinProcessor.java:462) [Essential%20(forge_1.8.9).processed.jar:?]
	at org.spongepowered.asm.mixin.transformer.MixinProcessor.checkSelect(MixinProcessor.java:438) [Essential%20(forge_1.8.9).processed.jar:?]
	at org.spongepowered.asm.mixin.transformer.MixinProcessor.applyMixins(MixinProcessor.java:290) [Essential%20(forge_1.8.9).processed.jar:?]
	at org.spongepowered.asm.mixin.transformer.MixinTransformer.transformClass(MixinTransformer.java:234) [Essential%20(forge_1.8.9).processed.jar:?]
	at org.spongepowered.asm.mixin.transformer.MixinTransformer.transformClassBytes(MixinTransformer.java:202) [Essential%20(forge_1.8.9).processed.jar:?]
	at org.spongepowered.asm.mixin.transformer.Proxy.transform(Proxy.java:72) [Essential%20(forge_1.8.9).processed.jar:?]
	at net.minecraft.launchwrapper.LaunchClassLoader.runTransformers(LaunchClassLoader.java:279) [launchwrapper-1.12.jar:?]
	at net.minecraft.launchwrapper.LaunchClassLoader.findClass(LaunchClassLoader.java:176) [launchwrapper-1.12.jar:?]
	at java.lang.ClassLoader.loadClass(Unknown Source) [?:1.8.0_431]
	at java.lang.ClassLoader.loadClass(Unknown Source) [?:1.8.0_431]
	at java.lang.Class.forName0(Native Method) [?:1.8.0_431]
	at java.lang.Class.forName(Unknown Source) [?:1.8.0_431]
	at net.minecraft.launchwrapper.Launch.launch(Launch.java:131) [launchwrapper-1.12.jar:?]
	at net.minecraft.launchwrapper.Launch.main(Launch.java:28) [launchwrapper-1.12.jar:?]
	at sun.reflect.NativeMethodAccessorImpl.invoke0(Native Method) ~[?:1.8.0_431]
	at sun.reflect.NativeMethodAccessorImpl.invoke(Unknown Source) ~[?:1.8.0_431]
	at sun.reflect.DelegatingMethodAccessorImpl.invoke(Unknown Source) ~[?:1.8.0_431]
	at java.lang.reflect.Method.invoke(Unknown Source) ~[?:1.8.0_431]
	at gg.essential.loader.stage2.relaunch.Relaunch.relaunch(Relaunch.java:124) [stage2.forge_1.8.9.jar:?]
	at gg.essential.loader.stage2.EssentialLoader.preloadEssential(EssentialLoader.java:220) [stage2.forge_1.8.9.jar:?]
	at gg.essential.loader.stage2.EssentialLoader.loadPlatform(EssentialLoader.java:116) [stage2.forge_1.8.9.jar:?]
	at gg.essential.loader.stage2.EssentialLoaderBase.load(EssentialLoaderBase.java:148) [stage2.forge_1.8.9.jar:?]
	at sun.reflect.NativeMethodAccessorImpl.invoke0(Native Method) ~[?:1.8.0_431]
	at sun.reflect.NativeMethodAccessorImpl.invoke(Unknown Source) ~[?:1.8.0_431]
	at sun.reflect.DelegatingMethodAccessorImpl.invoke(Unknown Source) ~[?:1.8.0_431]
	at java.lang.reflect.Method.invoke(Unknown Source) ~[?:1.8.0_431]
	at gg.essential.loader.stage1.EssentialLoaderBase.load(EssentialLoaderBase.java:293) [stage1.jar:9]
	at gg.essential.loader.stage1.EssentialSetupTweaker.<init>(EssentialSetupTweaker.java:44) [stage1.jar:9]
	at sun.reflect.NativeConstructorAccessorImpl.newInstance0(Native Method) [?:1.8.0_431]
	at sun.reflect.NativeConstructorAccessorImpl.newInstance(Unknown Source) [?:1.8.0_431]
	at sun.reflect.DelegatingConstructorAccessorImpl.newInstance(Unknown Source) [?:1.8.0_431]
	at java.lang.reflect.Constructor.newInstance(Unknown Source) [?:1.8.0_431]
	at gg.essential.loader.stage0.EssentialSetupTweaker.loadStage1(EssentialSetupTweaker.java:53) [Essential-Client-Mod-Forge-1.8.9.jar:?]
	at gg.essential.loader.stage0.EssentialSetupTweaker.<init>(EssentialSetupTweaker.java:26) [Essential-Client-Mod-Forge-1.8.9.jar:?]
	at sun.reflect.NativeConstructorAccessorImpl.newInstance0(Native Method) [?:1.8.0_431]
	at sun.reflect.NativeConstructorAccessorImpl.newInstance(Unknown Source) [?:1.8.0_431]
	at sun.reflect.DelegatingConstructorAccessorImpl.newInstance(Unknown Source) [?:1.8.0_431]
	at java.lang.reflect.Constructor.newInstance(Unknown Source) [?:1.8.0_431]
	at java.lang.Class.newInstance(Unknown Source) [?:1.8.0_431]
	at net.minecraft.launchwrapper.Launch.launch(Launch.java:98) [launchwrapper-1.12.jar:?]
	at net.minecraft.launchwrapper.Launch.main(Launch.java:28) [launchwrapper-1.12.jar:?]
	at sun.reflect.NativeMethodAccessorImpl.invoke0(Native Method) ~[?:1.8.0_431]
	at sun.reflect.NativeMethodAccessorImpl.invoke(Unknown Source) ~[?:1.8.0_431]
	at sun.reflect.DelegatingMethodAccessorImpl.invoke(Unknown Source) ~[?:1.8.0_431]
	at java.lang.reflect.Method.invoke(Unknown Source) ~[?:1.8.0_431]
	at org.multimc.onesix.OneSixLauncher.launchWithMainClass(OneSixLauncher.java:243) [NewLaunch.jar:?]
	at org.multimc.onesix.OneSixLauncher.launch(OneSixLauncher.java:278) [NewLaunch.jar:?]
	at org.multimc.EntryPoint.listen(EntryPoint.java:143) [NewLaunch.jar:?]
	at org.multimc.EntryPoint.main(EntryPoint.java:34) [NewLaunch.jar:?]
[10:27:57] [main/WARN] [mixin/]: Error loading class: org/polyfrost/redaction/features/NameHighlight (java.lang.ClassNotFoundException: The specified class 'org.polyfrost.redaction.features.NameHighlight' was not found)
[10:27:57] [main/TRACE] [mixin/]: Added class metadata for org/polyfrost/redaction/features/NameHighlight to metadata cache
[10:27:57] [main/DEBUG] [mixin/]: Skipping virtual target org.polyfrost.redaction.features.NameHighlight for mixins.oneconfig.json:RedactionNameHighlightMixin
[10:27:57] [main/TRACE] [mixin/]: Added class metadata for net/minecraft/client/shader/ShaderGroup to metadata cache
[10:27:57] [main/TRACE] [mixin/]: catching
java.lang.ClassNotFoundException: The specified class 'mynameisjeff.skyblockclientupdater.UpdateChecker' was not found
	at org.spongepowered.asm.service.mojang.MixinServiceLaunchWrapper.getClassBytes(MixinServiceLaunchWrapper.java:519) ~[Essential%20(forge_1.8.9).processed.jar:?]
	at org.spongepowered.asm.service.mojang.MixinServiceLaunchWrapper.getClassNode(MixinServiceLaunchWrapper.java:592) ~[Essential%20(forge_1.8.9).processed.jar:?]
	at org.spongepowered.asm.mixin.transformer.ClassInfo.forName(ClassInfo.java:2005) [Essential%20(forge_1.8.9).processed.jar:?]
	at org.spongepowered.asm.mixin.transformer.MixinInfo.getTargetClass(MixinInfo.java:1017) [Essential%20(forge_1.8.9).processed.jar:?]
	at org.spongepowered.asm.mixin.transformer.MixinInfo.readTargetClasses(MixinInfo.java:1007) [Essential%20(forge_1.8.9).processed.jar:?]
	at org.spongepowered.asm.mixin.transformer.MixinInfo.parseTargets(MixinInfo.java:895) [Essential%20(forge_1.8.9).processed.jar:?]
	at org.spongepowered.asm.mixin.transformer.MixinConfig.prepareMixins(MixinConfig.java:867) [Essential%20(forge_1.8.9).processed.jar:?]
	at org.spongepowered.asm.mixin.transformer.MixinConfig.prepare(MixinConfig.java:779) [Essential%20(forge_1.8.9).processed.jar:?]
	at org.spongepowered.asm.mixin.transformer.MixinProcessor.prepareConfigs(MixinProcessor.java:539) [Essential%20(forge_1.8.9).processed.jar:?]
	at org.spongepowered.asm.mixin.transformer.MixinProcessor.select(MixinProcessor.java:462) [Essential%20(forge_1.8.9).processed.jar:?]
	at org.spongepowered.asm.mixin.transformer.MixinProcessor.checkSelect(MixinProcessor.java:438) [Essential%20(forge_1.8.9).processed.jar:?]
	at org.spongepowered.asm.mixin.transformer.MixinProcessor.applyMixins(MixinProcessor.java:290) [Essential%20(forge_1.8.9).processed.jar:?]
	at org.spongepowered.asm.mixin.transformer.MixinTransformer.transformClass(MixinTransformer.java:234) [Essential%20(forge_1.8.9).processed.jar:?]
	at org.spongepowered.asm.mixin.transformer.MixinTransformer.transformClassBytes(MixinTransformer.java:202) [Essential%20(forge_1.8.9).processed.jar:?]
	at org.spongepowered.asm.mixin.transformer.Proxy.transform(Proxy.java:72) [Essential%20(forge_1.8.9).processed.jar:?]
	at net.minecraft.launchwrapper.LaunchClassLoader.runTransformers(LaunchClassLoader.java:279) [launchwrapper-1.12.jar:?]
	at net.minecraft.launchwrapper.LaunchClassLoader.findClass(LaunchClassLoader.java:176) [launchwrapper-1.12.jar:?]
	at java.lang.ClassLoader.loadClass(Unknown Source) [?:1.8.0_431]
	at java.lang.ClassLoader.loadClass(Unknown Source) [?:1.8.0_431]
	at java.lang.Class.forName0(Native Method) [?:1.8.0_431]
	at java.lang.Class.forName(Unknown Source) [?:1.8.0_431]
	at net.minecraft.launchwrapper.Launch.launch(Launch.java:131) [launchwrapper-1.12.jar:?]
	at net.minecraft.launchwrapper.Launch.main(Launch.java:28) [launchwrapper-1.12.jar:?]
	at sun.reflect.NativeMethodAccessorImpl.invoke0(Native Method) ~[?:1.8.0_431]
	at sun.reflect.NativeMethodAccessorImpl.invoke(Unknown Source) ~[?:1.8.0_431]
	at sun.reflect.DelegatingMethodAccessorImpl.invoke(Unknown Source) ~[?:1.8.0_431]
	at java.lang.reflect.Method.invoke(Unknown Source) ~[?:1.8.0_431]
	at gg.essential.loader.stage2.relaunch.Relaunch.relaunch(Relaunch.java:124) [stage2.forge_1.8.9.jar:?]
	at gg.essential.loader.stage2.EssentialLoader.preloadEssential(EssentialLoader.java:220) [stage2.forge_1.8.9.jar:?]
	at gg.essential.loader.stage2.EssentialLoader.loadPlatform(EssentialLoader.java:116) [stage2.forge_1.8.9.jar:?]
	at gg.essential.loader.stage2.EssentialLoaderBase.load(EssentialLoaderBase.java:148) [stage2.forge_1.8.9.jar:?]
	at sun.reflect.NativeMethodAccessorImpl.invoke0(Native Method) ~[?:1.8.0_431]
	at sun.reflect.NativeMethodAccessorImpl.invoke(Unknown Source) ~[?:1.8.0_431]
	at sun.reflect.DelegatingMethodAccessorImpl.invoke(Unknown Source) ~[?:1.8.0_431]
	at java.lang.reflect.Method.invoke(Unknown Source) ~[?:1.8.0_431]
	at gg.essential.loader.stage1.EssentialLoaderBase.load(EssentialLoaderBase.java:293) [stage1.jar:9]
	at gg.essential.loader.stage1.EssentialSetupTweaker.<init>(EssentialSetupTweaker.java:44) [stage1.jar:9]
	at sun.reflect.NativeConstructorAccessorImpl.newInstance0(Native Method) [?:1.8.0_431]
	at sun.reflect.NativeConstructorAccessorImpl.newInstance(Unknown Source) [?:1.8.0_431]
	at sun.reflect.DelegatingConstructorAccessorImpl.newInstance(Unknown Source) [?:1.8.0_431]
	at java.lang.reflect.Constructor.newInstance(Unknown Source) [?:1.8.0_431]
	at gg.essential.loader.stage0.EssentialSetupTweaker.loadStage1(EssentialSetupTweaker.java:53) [Essential-Client-Mod-Forge-1.8.9.jar:?]
	at gg.essential.loader.stage0.EssentialSetupTweaker.<init>(EssentialSetupTweaker.java:26) [Essential-Client-Mod-Forge-1.8.9.jar:?]
	at sun.reflect.NativeConstructorAccessorImpl.newInstance0(Native Method) [?:1.8.0_431]
	at sun.reflect.NativeConstructorAccessorImpl.newInstance(Unknown Source) [?:1.8.0_431]
	at sun.reflect.DelegatingConstructorAccessorImpl.newInstance(Unknown Source) [?:1.8.0_431]
	at java.lang.reflect.Constructor.newInstance(Unknown Source) [?:1.8.0_431]
	at java.lang.Class.newInstance(Unknown Source) [?:1.8.0_431]
	at net.minecraft.launchwrapper.Launch.launch(Launch.java:98) [launchwrapper-1.12.jar:?]
	at net.minecraft.launchwrapper.Launch.main(Launch.java:28) [launchwrapper-1.12.jar:?]
	at sun.reflect.NativeMethodAccessorImpl.invoke0(Native Method) ~[?:1.8.0_431]
	at sun.reflect.NativeMethodAccessorImpl.invoke(Unknown Source) ~[?:1.8.0_431]
	at sun.reflect.DelegatingMethodAccessorImpl.invoke(Unknown Source) ~[?:1.8.0_431]
	at java.lang.reflect.Method.invoke(Unknown Source) ~[?:1.8.0_431]
	at org.multimc.onesix.OneSixLauncher.launchWithMainClass(OneSixLauncher.java:243) [NewLaunch.jar:?]
	at org.multimc.onesix.OneSixLauncher.launch(OneSixLauncher.java:278) [NewLaunch.jar:?]
	at org.multimc.EntryPoint.listen(EntryPoint.java:143) [NewLaunch.jar:?]
	at org.multimc.EntryPoint.main(EntryPoint.java:34) [NewLaunch.jar:?]
[10:27:57] [main/WARN] [mixin/]: Error loading class: mynameisjeff/skyblockclientupdater/UpdateChecker (java.lang.ClassNotFoundException: The specified class 'mynameisjeff.skyblockclientupdater.UpdateChecker' was not found)
[10:27:57] [main/TRACE] [mixin/]: Added class metadata for mynameisjeff/skyblockclientupdater/UpdateChecker to metadata cache
[10:27:57] [main/DEBUG] [mixin/]: Skipping virtual target mynameisjeff.skyblockclientupdater.UpdateChecker for mixins.oneconfig.json:SkyClientUpdaterMixin
[10:27:57] [main/TRACE] [mixin/]: Added class metadata for gg/essential/vigilance/Vigilant to metadata cache
[10:27:57] [main/DEBUG] [mixin/]: Preparing mixins.timechanger.json (1)
[10:27:57] [main/DEBUG] [mixin/]: Preparing mixins.evergreenhud.json (7)
[10:27:57] [main/TRACE] [mixin/]: Added class metadata for cc/polyfrost/oneconfig/hud/HUDUtils to metadata cache
[10:27:57] [main/TRACE] [mixin/]: Added class metadata for net/minecraftforge/common/ForgeHooks to metadata cache
[10:27:57] [main/TRACE] [mixin/]: Added class metadata for net/minecraft/client/gui/GuiIngame to metadata cache
[10:27:57] [main/TRACE] [mixin/]: catching
java.lang.ClassNotFoundException: The specified class 'club.sk1er.mods.levelhead.render.AboveHeadRender' was not found
	at org.spongepowered.asm.service.mojang.MixinServiceLaunchWrapper.getClassBytes(MixinServiceLaunchWrapper.java:519) ~[Essential%20(forge_1.8.9).processed.jar:?]
	at org.spongepowered.asm.service.mojang.MixinServiceLaunchWrapper.getClassNode(MixinServiceLaunchWrapper.java:592) ~[Essential%20(forge_1.8.9).processed.jar:?]
	at org.spongepowered.asm.mixin.transformer.ClassInfo.forName(ClassInfo.java:2005) [Essential%20(forge_1.8.9).processed.jar:?]
	at org.spongepowered.asm.mixin.transformer.MixinInfo.getTargetClass(MixinInfo.java:1017) [Essential%20(forge_1.8.9).processed.jar:?]
	at org.spongepowered.asm.mixin.transformer.MixinInfo.readTargetClasses(MixinInfo.java:1007) [Essential%20(forge_1.8.9).processed.jar:?]
	at org.spongepowered.asm.mixin.transformer.MixinInfo.parseTargets(MixinInfo.java:895) [Essential%20(forge_1.8.9).processed.jar:?]
	at org.spongepowered.asm.mixin.transformer.MixinConfig.prepareMixins(MixinConfig.java:867) [Essential%20(forge_1.8.9).processed.jar:?]
	at org.spongepowered.asm.mixin.transformer.MixinConfig.prepare(MixinConfig.java:779) [Essential%20(forge_1.8.9).processed.jar:?]
	at org.spongepowered.asm.mixin.transformer.MixinProcessor.prepareConfigs(MixinProcessor.java:539) [Essential%20(forge_1.8.9).processed.jar:?]
	at org.spongepowered.asm.mixin.transformer.MixinProcessor.select(MixinProcessor.java:462) [Essential%20(forge_1.8.9).processed.jar:?]
	at org.spongepowered.asm.mixin.transformer.MixinProcessor.checkSelect(MixinProcessor.java:438) [Essential%20(forge_1.8.9).processed.jar:?]
	at org.spongepowered.asm.mixin.transformer.MixinProcessor.applyMixins(MixinProcessor.java:290) [Essential%20(forge_1.8.9).processed.jar:?]
	at org.spongepowered.asm.mixin.transformer.MixinTransformer.transformClass(MixinTransformer.java:234) [Essential%20(forge_1.8.9).processed.jar:?]
	at org.spongepowered.asm.mixin.transformer.MixinTransformer.transformClassBytes(MixinTransformer.java:202) [Essential%20(forge_1.8.9).processed.jar:?]
	at org.spongepowered.asm.mixin.transformer.Proxy.transform(Proxy.java:72) [Essential%20(forge_1.8.9).processed.jar:?]
	at net.minecraft.launchwrapper.LaunchClassLoader.runTransformers(LaunchClassLoader.java:279) [launchwrapper-1.12.jar:?]
	at net.minecraft.launchwrapper.LaunchClassLoader.findClass(LaunchClassLoader.java:176) [launchwrapper-1.12.jar:?]
	at java.lang.ClassLoader.loadClass(Unknown Source) [?:1.8.0_431]
	at java.lang.ClassLoader.loadClass(Unknown Source) [?:1.8.0_431]
	at java.lang.Class.forName0(Native Method) [?:1.8.0_431]
	at java.lang.Class.forName(Unknown Source) [?:1.8.0_431]
	at net.minecraft.launchwrapper.Launch.launch(Launch.java:131) [launchwrapper-1.12.jar:?]
	at net.minecraft.launchwrapper.Launch.main(Launch.java:28) [launchwrapper-1.12.jar:?]
	at sun.reflect.NativeMethodAccessorImpl.invoke0(Native Method) ~[?:1.8.0_431]
	at sun.reflect.NativeMethodAccessorImpl.invoke(Unknown Source) ~[?:1.8.0_431]
	at sun.reflect.DelegatingMethodAccessorImpl.invoke(Unknown Source) ~[?:1.8.0_431]
	at java.lang.reflect.Method.invoke(Unknown Source) ~[?:1.8.0_431]
	at gg.essential.loader.stage2.relaunch.Relaunch.relaunch(Relaunch.java:124) [stage2.forge_1.8.9.jar:?]
	at gg.essential.loader.stage2.EssentialLoader.preloadEssential(EssentialLoader.java:220) [stage2.forge_1.8.9.jar:?]
	at gg.essential.loader.stage2.EssentialLoader.loadPlatform(EssentialLoader.java:116) [stage2.forge_1.8.9.jar:?]
	at gg.essential.loader.stage2.EssentialLoaderBase.load(EssentialLoaderBase.java:148) [stage2.forge_1.8.9.jar:?]
	at sun.reflect.NativeMethodAccessorImpl.invoke0(Native Method) ~[?:1.8.0_431]
	at sun.reflect.NativeMethodAccessorImpl.invoke(Unknown Source) ~[?:1.8.0_431]
	at sun.reflect.DelegatingMethodAccessorImpl.invoke(Unknown Source) ~[?:1.8.0_431]
	at java.lang.reflect.Method.invoke(Unknown Source) ~[?:1.8.0_431]
	at gg.essential.loader.stage1.EssentialLoaderBase.load(EssentialLoaderBase.java:293) [stage1.jar:9]
	at gg.essential.loader.stage1.EssentialSetupTweaker.<init>(EssentialSetupTweaker.java:44) [stage1.jar:9]
	at sun.reflect.NativeConstructorAccessorImpl.newInstance0(Native Method) [?:1.8.0_431]
	at sun.reflect.NativeConstructorAccessorImpl.newInstance(Unknown Source) [?:1.8.0_431]
	at sun.reflect.DelegatingConstructorAccessorImpl.newInstance(Unknown Source) [?:1.8.0_431]
	at java.lang.reflect.Constructor.newInstance(Unknown Source) [?:1.8.0_431]
	at gg.essential.loader.stage0.EssentialSetupTweaker.loadStage1(EssentialSetupTweaker.java:53) [Essential-Client-Mod-Forge-1.8.9.jar:?]
	at gg.essential.loader.stage0.EssentialSetupTweaker.<init>(EssentialSetupTweaker.java:26) [Essential-Client-Mod-Forge-1.8.9.jar:?]
	at sun.reflect.NativeConstructorAccessorImpl.newInstance0(Native Method) [?:1.8.0_431]
	at sun.reflect.NativeConstructorAccessorImpl.newInstance(Unknown Source) [?:1.8.0_431]
	at sun.reflect.DelegatingConstructorAccessorImpl.newInstance(Unknown Source) [?:1.8.0_431]
	at java.lang.reflect.Constructor.newInstance(Unknown Source) [?:1.8.0_431]
	at java.lang.Class.newInstance(Unknown Source) [?:1.8.0_431]
	at net.minecraft.launchwrapper.Launch.launch(Launch.java:98) [launchwrapper-1.12.jar:?]
	at net.minecraft.launchwrapper.Launch.main(Launch.java:28) [launchwrapper-1.12.jar:?]
	at sun.reflect.NativeMethodAccessorImpl.invoke0(Native Method) ~[?:1.8.0_431]
	at sun.reflect.NativeMethodAccessorImpl.invoke(Unknown Source) ~[?:1.8.0_431]
	at sun.reflect.DelegatingMethodAccessorImpl.invoke(Unknown Source) ~[?:1.8.0_431]
	at java.lang.reflect.Method.invoke(Unknown Source) ~[?:1.8.0_431]
	at org.multimc.onesix.OneSixLauncher.launchWithMainClass(OneSixLauncher.java:243) [NewLaunch.jar:?]
	at org.multimc.onesix.OneSixLauncher.launch(OneSixLauncher.java:278) [NewLaunch.jar:?]
	at org.multimc.EntryPoint.listen(EntryPoint.java:143) [NewLaunch.jar:?]
	at org.multimc.EntryPoint.main(EntryPoint.java:34) [NewLaunch.jar:?]
[10:27:57] [main/WARN] [mixin/]: Error loading class: club/sk1er/mods/levelhead/render/AboveHeadRender (java.lang.ClassNotFoundException: The specified class 'club.sk1er.mods.levelhead.render.AboveHeadRender' was not found)
[10:27:57] [main/TRACE] [mixin/]: Added class metadata for club/sk1er/mods/levelhead/render/AboveHeadRender to metadata cache
[10:27:57] [main/DEBUG] [mixin/]: Skipping virtual target club.sk1er.mods.levelhead.render.AboveHeadRender for mixins.evergreenhud.json:LevelheadAboveHeadRenderMixin
[10:27:57] [main/TRACE] [mixin/]: Added class metadata for net/minecraft/client/main/Main to metadata cache
[10:27:57] [main/DEBUG] [mixin/]: Preparing mixins.hytils.json (27)
[10:27:57] [main/TRACE] [mixin/]: Added class metadata for net/minecraft/entity/boss/BossStatus to metadata cache
[10:27:57] [main/TRACE] [mixin/]: Added class metadata for net/minecraft/client/renderer/entity/RenderEntityItem to metadata cache
[10:27:57] [main/TRACE] [mixin/]: Added class metadata for net/minecraft/client/renderer/BlockModelShapes to metadata cache
[10:27:57] [main/TRACE] [mixin/]: Added class metadata for net/minecraft/client/renderer/BlockRendererDispatcher to metadata cache
[10:27:57] [main/TRACE] [mixin/]: Added class metadata for net/minecraftforge/client/model/ModelLoader to metadata cache
[10:27:57] [main/TRACE] [mixin/]: Added class metadata for net/minecraft/world/World to metadata cache
[10:27:57] [main/TRACE] [mixin/]: Added class metadata for net/minecraft/client/gui/GuiUtilRenderComponents to metadata cache
[10:27:57] [main/TRACE] [mixin/]: Added class metadata for net/minecraft/client/renderer/BlockModelRenderer to metadata cache
[10:27:57] [main/TRACE] [mixin/]: Added class metadata for net/minecraftforge/client/model/pipeline/VertexLighterFlat to metadata cache
[10:27:57] [main/DEBUG] [mixin/]: Preparing mixins.polycrosshair.json (3)
[10:27:57] [main/DEBUG] [mixin/]: Preparing mixins.patcher.json (285)
[10:27:57] [main/TRACE] [mixin/]: Added class metadata for net/minecraft/block/Block to metadata cache
[10:27:57] [main/TRACE] [mixin/]: Added class metadata for net/minecraft/entity/projectile/EntityArrow to metadata cache
[10:27:57] [main/TRACE] [mixin/]: Added class metadata for net/minecraftforge/fml/common/eventhandler/EventBus to metadata cache
[10:27:57] [main/TRACE] [mixin/]: Added class metadata for net/minecraft/client/gui/FontRenderer to metadata cache
[10:27:57] [main/TRACE] [mixin/]: Added class metadata for net/minecraft/client/renderer/GlStateManager to metadata cache
[10:27:57] [main/TRACE] [mixin/]: Added class metadata for net/minecraft/client/gui/GuiSelectWorld to metadata cache
[10:27:57] [main/TRACE] [mixin/]: Added class metadata for net/minecraft/item/Item to metadata cache
[10:27:57] [main/TRACE] [mixin/]: Added class metadata for net/minecraft/item/ItemStack to metadata cache
[10:27:57] [main/TRACE] [mixin/]: Added class metadata for net/minecraftforge/client/MinecraftForgeClient to metadata cache
[10:27:57] [main/TRACE] [mixin/]: Added class metadata for net/minecraft/client/audio/PositionedSound to metadata cache
[10:27:57] [main/TRACE] [mixin/]: Added class metadata for net/minecraft/util/RegistrySimple to metadata cache
[10:27:57] [main/TRACE] [mixin/]: Added class metadata for net/minecraft/client/audio/SoundRegistry to metadata cache
[10:27:57] [main/TRACE] [mixin/]: Added class metadata for net/optifine/CustomColors to metadata cache
[10:27:57] [main/TRACE] [mixin/]: Added class metadata for net/minecraft/client/renderer/BlockFluidRenderer to metadata cache
[10:27:57] [main/TRACE] [mixin/]: Added class metadata for net/minecraft/client/renderer/BlockModelRenderer$AmbientOcclusionFace to metadata cache
[10:27:57] [main/DEBUG] [mixin/]: @Mixin target net/minecraft/client/renderer/BlockModelRenderer$AmbientOcclusionFace is public in mixins.patcher.json:bugfixes.BlockModelRendererMixin_SmoothLighting and should be specified in value
[10:27:57] [main/TRACE] [mixin/]: Added class metadata for net/minecraft/command/CommandHandler to metadata cache
[10:27:57] [main/TRACE] [mixin/]: Added class metadata for net/minecraft/inventory/Container to metadata cache
[10:27:57] [main/TRACE] [mixin/]: Added class metadata for net/minecraft/entity/Entity to metadata cache
[10:27:57] [main/TRACE] [mixin/]: Added class metadata for net/minecraft/entity/item/EntityXPOrb to metadata cache
[10:27:57] [main/TRACE] [mixin/]: Added class metadata for net/minecraft/client/gui/inventory/GuiContainer to metadata cache
[10:27:57] [main/TRACE] [mixin/]: Added class metadata for net/minecraft/client/gui/GuiGameOver to metadata cache
[10:27:57] [main/TRACE] [mixin/]: Added class metadata for net/minecraft/client/gui/GuiLanguage to metadata cache
[10:27:57] [main/TRACE] [mixin/]: Added class metadata for net/minecraft/client/gui/GuiOptions to metadata cache
[10:27:57] [main/TRACE] [mixin/]: Added class metadata for net/minecraft/client/gui/GuiScreenBook to metadata cache
[10:27:57] [main/TRACE] [mixin/]: Added class metadata for net/minecraft/client/gui/GuiScreenOptionsSounds$Button to metadata cache
[10:27:57] [main/TRACE] [mixin/]: Added class metadata for net/minecraft/client/gui/GuiScreenResourcePacks to metadata cache
[10:27:57] [main/TRACE] [mixin/]: Added class metadata for net/minecraft/client/gui/GuiScreenServerList to metadata cache
[10:27:57] [main/TRACE] [mixin/]: Added class metadata for net/minecraft/client/gui/GuiVideoSettings to metadata cache
[10:27:57] [main/TRACE] [mixin/]: Added class metadata for net/minecraft/client/renderer/InventoryEffectRenderer to metadata cache
[10:27:57] [main/TRACE] [mixin/]: Added class metadata for net/minecraft/client/renderer/entity/layers/LayerArrow to metadata cache
[10:27:57] [main/TRACE] [mixin/]: Added class metadata for net/minecraft/client/renderer/entity/layers/LayerCreeperCharge to metadata cache
[10:27:57] [main/TRACE] [mixin/]: Added class metadata for net/minecraft/client/renderer/entity/layers/LayerSpiderEyes to metadata cache
[10:27:57] [main/TRACE] [mixin/]: Added class metadata for net/minecraft/client/renderer/entity/layers/LayerWitherAura to metadata cache
[10:27:57] [main/TRACE] [mixin/]: Added class metadata for net/minecraft/scoreboard/Scoreboard to metadata cache
[10:27:57] [main/TRACE] [mixin/]: Added class metadata for net/minecraft/client/renderer/tileentity/TileEntityBannerRenderer to metadata cache
[10:27:57] [main/TRACE] [mixin/]: Added class metadata for net/minecraft/client/renderer/tileentity/TileEntityRendererDispatcher to metadata cache
[10:27:57] [main/TRACE] [mixin/]: Added class metadata for net/minecraft/client/renderer/tileentity/TileEntitySkullRenderer to metadata cache
[10:27:57] [main/TRACE] [mixin/]: Added class metadata for net/minecraft/util/Util to metadata cache
[10:27:57] [main/TRACE] [mixin/]: Added class metadata for net/minecraft/client/renderer/vertex/VertexBuffer to metadata cache
[10:27:57] [main/TRACE] [mixin/]: Added class metadata for net/minecraft/nbt/NBTTagCompound to metadata cache
[10:27:57] [main/TRACE] [mixin/]: Added class metadata for net/minecraft/block/BlockChest to metadata cache
[10:27:57] [main/TRACE] [mixin/]: Added class metadata for net/minecraft/block/BlockPane to metadata cache
[10:27:57] [main/TRACE] [mixin/]: Added class metadata for net/minecraftforge/client/ClientCommandHandler to metadata cache
[10:27:57] [main/TRACE] [mixin/]: catching
java.lang.ClassNotFoundException: The specified class 'club.sk1er.mods.levelhead.render.AboveHeadRender' was not found
	at org.spongepowered.asm.service.mojang.MixinServiceLaunchWrapper.getClassBytes(MixinServiceLaunchWrapper.java:519) ~[Essential%20(forge_1.8.9).processed.jar:?]
	at org.spongepowered.asm.service.mojang.MixinServiceLaunchWrapper.getClassNode(MixinServiceLaunchWrapper.java:592) ~[Essential%20(forge_1.8.9).processed.jar:?]
	at org.spongepowered.asm.mixin.transformer.ClassInfo.forName(ClassInfo.java:2005) [Essential%20(forge_1.8.9).processed.jar:?]
	at org.spongepowered.asm.mixin.transformer.MixinInfo.getTargetClass(MixinInfo.java:1017) [Essential%20(forge_1.8.9).processed.jar:?]
	at org.spongepowered.asm.mixin.transformer.MixinInfo.readTargetClasses(MixinInfo.java:1007) [Essential%20(forge_1.8.9).processed.jar:?]
	at org.spongepowered.asm.mixin.transformer.MixinInfo.parseTargets(MixinInfo.java:895) [Essential%20(forge_1.8.9).processed.jar:?]
	at org.spongepowered.asm.mixin.transformer.MixinConfig.prepareMixins(MixinConfig.java:867) [Essential%20(forge_1.8.9).processed.jar:?]
	at org.spongepowered.asm.mixin.transformer.MixinConfig.prepare(MixinConfig.java:779) [Essential%20(forge_1.8.9).processed.jar:?]
	at org.spongepowered.asm.mixin.transformer.MixinProcessor.prepareConfigs(MixinProcessor.java:539) [Essential%20(forge_1.8.9).processed.jar:?]
	at org.spongepowered.asm.mixin.transformer.MixinProcessor.select(MixinProcessor.java:462) [Essential%20(forge_1.8.9).processed.jar:?]
	at org.spongepowered.asm.mixin.transformer.MixinProcessor.checkSelect(MixinProcessor.java:438) [Essential%20(forge_1.8.9).processed.jar:?]
	at org.spongepowered.asm.mixin.transformer.MixinProcessor.applyMixins(MixinProcessor.java:290) [Essential%20(forge_1.8.9).processed.jar:?]
	at org.spongepowered.asm.mixin.transformer.MixinTransformer.transformClass(MixinTransformer.java:234) [Essential%20(forge_1.8.9).processed.jar:?]
	at org.spongepowered.asm.mixin.transformer.MixinTransformer.transformClassBytes(MixinTransformer.java:202) [Essential%20(forge_1.8.9).processed.jar:?]
	at org.spongepowered.asm.mixin.transformer.Proxy.transform(Proxy.java:72) [Essential%20(forge_1.8.9).processed.jar:?]
	at net.minecraft.launchwrapper.LaunchClassLoader.runTransformers(LaunchClassLoader.java:279) [launchwrapper-1.12.jar:?]
	at net.minecraft.launchwrapper.LaunchClassLoader.findClass(LaunchClassLoader.java:176) [launchwrapper-1.12.jar:?]
	at java.lang.ClassLoader.loadClass(Unknown Source) [?:1.8.0_431]
	at java.lang.ClassLoader.loadClass(Unknown Source) [?:1.8.0_431]
	at java.lang.Class.forName0(Native Method) [?:1.8.0_431]
	at java.lang.Class.forName(Unknown Source) [?:1.8.0_431]
	at net.minecraft.launchwrapper.Launch.launch(Launch.java:131) [launchwrapper-1.12.jar:?]
	at net.minecraft.launchwrapper.Launch.main(Launch.java:28) [launchwrapper-1.12.jar:?]
	at sun.reflect.NativeMethodAccessorImpl.invoke0(Native Method) ~[?:1.8.0_431]
	at sun.reflect.NativeMethodAccessorImpl.invoke(Unknown Source) ~[?:1.8.0_431]
	at sun.reflect.DelegatingMethodAccessorImpl.invoke(Unknown Source) ~[?:1.8.0_431]
	at java.lang.reflect.Method.invoke(Unknown Source) ~[?:1.8.0_431]
	at gg.essential.loader.stage2.relaunch.Relaunch.relaunch(Relaunch.java:124) [stage2.forge_1.8.9.jar:?]
	at gg.essential.loader.stage2.EssentialLoader.preloadEssential(EssentialLoader.java:220) [stage2.forge_1.8.9.jar:?]
	at gg.essential.loader.stage2.EssentialLoader.loadPlatform(EssentialLoader.java:116) [stage2.forge_1.8.9.jar:?]
	at gg.essential.loader.stage2.EssentialLoaderBase.load(EssentialLoaderBase.java:148) [stage2.forge_1.8.9.jar:?]
	at sun.reflect.NativeMethodAccessorImpl.invoke0(Native Method) ~[?:1.8.0_431]
	at sun.reflect.NativeMethodAccessorImpl.invoke(Unknown Source) ~[?:1.8.0_431]
	at sun.reflect.DelegatingMethodAccessorImpl.invoke(Unknown Source) ~[?:1.8.0_431]
	at java.lang.reflect.Method.invoke(Unknown Source) ~[?:1.8.0_431]
	at gg.essential.loader.stage1.EssentialLoaderBase.load(EssentialLoaderBase.java:293) [stage1.jar:9]
	at gg.essential.loader.stage1.EssentialSetupTweaker.<init>(EssentialSetupTweaker.java:44) [stage1.jar:9]
	at sun.reflect.NativeConstructorAccessorImpl.newInstance0(Native Method) [?:1.8.0_431]
	at sun.reflect.NativeConstructorAccessorImpl.newInstance(Unknown Source) [?:1.8.0_431]
	at sun.reflect.DelegatingConstructorAccessorImpl.newInstance(Unknown Source) [?:1.8.0_431]
	at java.lang.reflect.Constructor.newInstance(Unknown Source) [?:1.8.0_431]
	at gg.essential.loader.stage0.EssentialSetupTweaker.loadStage1(EssentialSetupTweaker.java:53) [Essential-Client-Mod-Forge-1.8.9.jar:?]
	at gg.essential.loader.stage0.EssentialSetupTweaker.<init>(EssentialSetupTweaker.java:26) [Essential-Client-Mod-Forge-1.8.9.jar:?]
	at sun.reflect.NativeConstructorAccessorImpl.newInstance0(Native Method) [?:1.8.0_431]
	at sun.reflect.NativeConstructorAccessorImpl.newInstance(Unknown Source) [?:1.8.0_431]
	at sun.reflect.DelegatingConstructorAccessorImpl.newInstance(Unknown Source) [?:1.8.0_431]
	at java.lang.reflect.Constructor.newInstance(Unknown Source) [?:1.8.0_431]
	at java.lang.Class.newInstance(Unknown Source) [?:1.8.0_431]
	at net.minecraft.launchwrapper.Launch.launch(Launch.java:98) [launchwrapper-1.12.jar:?]
	at net.minecraft.launchwrapper.Launch.main(Launch.java:28) [launchwrapper-1.12.jar:?]
	at sun.reflect.NativeMethodAccessorImpl.invoke0(Native Method) ~[?:1.8.0_431]
	at sun.reflect.NativeMethodAccessorImpl.invoke(Unknown Source) ~[?:1.8.0_431]
	at sun.reflect.DelegatingMethodAccessorImpl.invoke(Unknown Source) ~[?:1.8.0_431]
	at java.lang.reflect.Method.invoke(Unknown Source) ~[?:1.8.0_431]
	at org.multimc.onesix.OneSixLauncher.launchWithMainClass(OneSixLauncher.java:243) [NewLaunch.jar:?]
	at org.multimc.onesix.OneSixLauncher.launch(OneSixLauncher.java:278) [NewLaunch.jar:?]
	at org.multimc.EntryPoint.listen(EntryPoint.java:143) [NewLaunch.jar:?]
	at org.multimc.EntryPoint.main(EntryPoint.java:34) [NewLaunch.jar:?]
[10:27:57] [main/WARN] [mixin/]: Error loading class: club/sk1er/mods/levelhead/render/AboveHeadRender (java.lang.ClassNotFoundException: The specified class 'club.sk1er.mods.levelhead.render.AboveHeadRender' was not found)
[10:27:57] [main/TRACE] [mixin/]: Added class metadata for club/sk1er/mods/levelhead/render/AboveHeadRender to metadata cache
[10:27:57] [main/DEBUG] [mixin/]: Skipping virtual target club.sk1er.mods.levelhead.render.AboveHeadRender for mixins.patcher.json:bugfixes.levelhead.AboveHeadRender_ReFixNametagPerspective
[10:27:57] [main/TRACE] [mixin/]: Added class metadata for net/minecraft/client/model/ModelSkeleton to metadata cache
[10:27:57] [main/TRACE] [mixin/]: Added class metadata for net/minecraft/client/model/ModelVillager to metadata cache
[10:27:57] [main/TRACE] [mixin/]: Added class metadata for net/minecraft/util/LazyLoadBase to metadata cache
[10:27:57] [main/TRACE] [mixin/]: Added class metadata for net/minecraft/network/PacketThreadUtil$1 to metadata cache
[10:27:57] [main/TRACE] [mixin/]: Added class metadata for net/minecraft/client/multiplayer/ServerAddress to metadata cache
[10:27:57] [main/TRACE] [mixin/]: Added class metadata for net/minecraft/network/play/server/S14PacketEntity to metadata cache
[10:27:57] [main/TRACE] [mixin/]: Added class metadata for net/minecraft/network/play/server/S19PacketEntityHeadLook to metadata cache
[10:27:57] [main/TRACE] [mixin/]: Added class metadata for net/minecraft/network/play/server/S19PacketEntityStatus to metadata cache
[10:27:57] [main/TRACE] [mixin/]: Added class metadata for net/minecraft/client/renderer/RegionRenderCache to metadata cache
[10:27:57] [main/TRACE] [mixin/]: Added class metadata for net/minecraft/client/renderer/entity/RenderArrow to metadata cache
[10:27:57] [main/TRACE] [mixin/]: Added class metadata for net/minecraft/client/renderer/entity/RenderFish to metadata cache
[10:27:57] [main/TRACE] [mixin/]: Added class metadata for net/minecraft/client/renderer/ItemModelMesher to metadata cache
[10:27:57] [main/TRACE] [mixin/]: Added class metadata for net/minecraft/client/renderer/entity/RenderItem to metadata cache
[10:27:57] [main/TRACE] [mixin/]: Added class metadata for net/minecraft/client/renderer/entity/ArmorStandRenderer to metadata cache
[10:27:57] [main/TRACE] [mixin/]: Added class metadata for net/minecraft/util/ChatStyle to metadata cache
[10:27:57] [main/TRACE] [mixin/]: Added class metadata for net/minecraft/client/renderer/chunk/ChunkRenderDispatcher to metadata cache
[10:27:57] [main/TRACE] [mixin/]: Added class metadata for net/minecraft/enchantment/Enchantment to metadata cache
[10:27:57] [main/TRACE] [mixin/]: Added class metadata for net/minecraft/client/particle/EntityFX to metadata cache
[10:27:57] [main/TRACE] [mixin/]: Added class metadata for net/minecraft/client/gui/achievement/GuiAchievement to metadata cache
[10:27:57] [main/TRACE] [mixin/]: Added class metadata for net/minecraftforge/fml/client/GuiModList to metadata cache
[10:27:57] [main/TRACE] [mixin/]: Added class metadata for net/minecraft/client/renderer/ImageBufferDownload to metadata cache
[10:27:57] [main/TRACE] [mixin/]: Added class metadata for net/minecraft/entity/player/InventoryPlayer to metadata cache
[10:27:57] [main/TRACE] [mixin/]: Added class metadata for net/minecraft/client/renderer/entity/RenderFallingBlock to metadata cache
[10:27:57] [main/TRACE] [mixin/]: Added class metadata for net/minecraft/client/renderer/tileentity/RenderItemFrame to metadata cache
[10:27:57] [main/TRACE] [mixin/]: Added class metadata for net/minecraft/client/renderer/entity/RenderLightningBolt to metadata cache
[10:27:57] [main/TRACE] [mixin/]: Added class metadata for net/minecraft/client/renderer/entity/RenderSnowball to metadata cache
[10:27:57] [main/TRACE] [mixin/]: Added class metadata for net/minecraft/client/renderer/tileentity/TileEntityEnchantmentTableRenderer to metadata cache
[10:27:57] [main/TRACE] [mixin/]: Added class metadata for net/minecraft/client/renderer/tileentity/TileEntityEndPortalRenderer to metadata cache
[10:27:57] [main/TRACE] [mixin/]: Added class metadata for net/minecraft/tileentity/TileEntity to metadata cache
[10:27:57] [main/TRACE] [mixin/]: Added class metadata for net/minecraft/client/gui/inventory/GuiChest to metadata cache
[10:27:57] [main/TRACE] [mixin/]: Added class metadata for net/minecraft/block/BlockCactus to metadata cache
[10:27:57] [main/TRACE] [mixin/]: Added class metadata for net/minecraft/block/BlockCrops to metadata cache
[10:27:57] [main/TRACE] [mixin/]: Added class metadata for net/minecraft/block/BlockNetherWart to metadata cache
[10:27:57] [main/TRACE] [mixin/]: Added class metadata for net/minecraft/world/chunk/Chunk to metadata cache
[10:27:57] [main/TRACE] [mixin/]: Added class metadata for net/minecraftforge/client/ForgeHooksClient to metadata cache
[10:27:57] [main/TRACE] [mixin/]: Added class metadata for net/minecraft/network/play/server/S2EPacketCloseWindow to metadata cache
[10:27:57] [main/TRACE] [mixin/]: Added class metadata for net/minecraft/client/gui/GuiOverlayDebug to metadata cache
[10:27:57] [main/TRACE] [mixin/]: Added class metadata for net/minecraft/world/chunk/storage/AnvilChunkLoader to metadata cache
[10:27:57] [main/TRACE] [mixin/]: Added class metadata for net/minecraft/util/BlockPos to metadata cache
[10:27:57] [main/TRACE] [mixin/]: Added class metadata for net/minecraft/block/BlockRedstoneTorch to metadata cache
[10:27:57] [main/TRACE] [mixin/]: Added class metadata for net/minecraft/enchantment/EnchantmentHelper to metadata cache
[10:27:57] [main/TRACE] [mixin/]: Added class metadata for net/minecraft/client/entity/EntityOtherPlayerMP to metadata cache
[10:27:57] [main/TRACE] [mixin/]: Added class metadata for net/minecraft/util/EnumFacing to metadata cache
[10:27:57] [main/TRACE] [mixin/]: Added class metadata for net/minecraft/client/gui/GuiLanguage$List to metadata cache
[10:27:57] [main/TRACE] [mixin/]: Added class metadata for net/minecraft/nbt/NBTTagString to metadata cache
[10:27:57] [main/TRACE] [mixin/]: Added class metadata for net/minecraft/world/pathfinder/NodeProcessor to metadata cache
[10:27:57] [main/TRACE] [mixin/]: Added class metadata for net/minecraft/client/renderer/chunk/RenderChunk to metadata cache
[10:27:57] [main/TRACE] [mixin/]: Added class metadata for net/minecraft/client/resources/SimpleReloadableResourceManager to metadata cache
[10:27:57] [main/TRACE] [mixin/]: Added class metadata for net/minecraft/client/model/TexturedQuad to metadata cache
[10:27:57] [main/TRACE] [mixin/]: Added class metadata for net/minecraft/client/renderer/texture/TextureManager to metadata cache
[10:27:57] [main/TRACE] [mixin/]: Added class metadata for net/minecraft/client/renderer/tileentity/TileEntityMobSpawnerRenderer to metadata cache
[10:27:57] [main/TRACE] [mixin/]: Added class metadata for net/minecraft/client/renderer/chunk/VisGraph to metadata cache
[10:27:57] [main/TRACE] [mixin/]: Added class metadata for net/minecraftforge/fml/common/discovery/ASMDataTable to metadata cache
[10:27:57] [main/TRACE] [mixin/]: Added class metadata for net/minecraftforge/common/property/ExtendedBlockState to metadata cache
[10:27:57] [main/TRACE] [mixin/]: Added class metadata for net/minecraftforge/fluids/FluidRegistry to metadata cache
[10:27:57] [main/TRACE] [mixin/]: Added class metadata for net/minecraftforge/fml/client/FMLClientHandler to metadata cache
[10:27:57] [main/TRACE] [mixin/]: Added class metadata for net/minecraftforge/fml/common/registry/FMLControlledNamespacedRegistry to metadata cache
[10:27:57] [main/TRACE] [mixin/]: Added class metadata for net/minecraftforge/fml/common/network/FMLIndexedMessageToMessageCodec to metadata cache
[10:27:57] [main/TRACE] [mixin/]: Added class metadata for net/minecraftforge/client/model/ForgeBlockStateV1$Variant$Deserializer to metadata cache
[10:27:57] [main/TRACE] [mixin/]: Added class metadata for net/minecraftforge/items/wrapper/InvWrapper to metadata cache
[10:27:57] [main/TRACE] [mixin/]: Added class metadata for net/minecraftforge/client/model/ItemLayerModel to metadata cache
[10:27:57] [main/TRACE] [mixin/]: Added class metadata for net/minecraftforge/client/ItemModelMesherForge to metadata cache
[10:27:57] [main/TRACE] [mixin/]: Added class metadata for net/minecraftforge/client/model/pipeline/LightUtil to metadata cache
[10:27:57] [main/TRACE] [mixin/]: Added class metadata for net/minecraftforge/fml/common/discovery/ModDiscoverer to metadata cache
[10:27:57] [main/TRACE] [mixin/]: Added class metadata for net/minecraftforge/client/model/obj/OBJLoader to metadata cache
[10:27:57] [main/TRACE] [mixin/]: Added class metadata for net/minecraftforge/client/model/obj/OBJModel$MaterialLibrary to metadata cache
[10:27:57] [main/TRACE] [mixin/]: Added class metadata for net/minecraftforge/items/wrapper/SidedInvWrapper to metadata cache
[10:27:57] [main/TRACE] [mixin/]: Added class metadata for net/minecraftforge/client/model/TRSRTransformation to metadata cache
[10:27:57] [main/TRACE] [mixin/]: Added class metadata for net/minecraft/client/shader/Framebuffer to metadata cache
[10:27:57] [main/TRACE] [mixin/]: Added class metadata for net/minecraft/network/play/client/C17PacketCustomPayload to metadata cache
[10:27:57] [main/TRACE] [mixin/]: Added class metadata for net/minecraft/network/play/server/S3FPacketCustomPayload to metadata cache
[10:27:57] [main/TRACE] [mixin/]: Added class metadata for net/minecraft/util/MathHelper to metadata cache
[10:27:57] [main/DEBUG] [mixin/]: Preparing mixins.polysprint.json (3)
[10:27:57] [main/TRACE] [mixin/]: Added class metadata for net/minecraft/util/MovementInputFromOptions to metadata cache
[10:27:57] [main/TRACE] [mixin/]: Added class metadata for org/spongepowered/asm/mixin/injection/At$Shift to metadata cache
[10:27:57] [main/TRACE] [mixin/]: Added class metadata for gg/essential/gui/common/EmulatedUI3DPlayer$EmulatedPlayer to metadata cache
[10:27:57] [main/TRACE] [mixin/]: Added class metadata for java/util/Base64$Decoder to metadata cache
[10:27:57] [main/TRACE] [mixin/]: Added class metadata for java/lang/invoke/MethodHandles$Lookup to metadata cache
[10:27:57] [main/TRACE] [mixin/]: Added class metadata for java/util/Map$Entry to metadata cache
[10:27:57] [main/TRACE] [mixin/]: Added class metadata for net/minecraft/client/gui/GuiListExtended$IGuiListEntry to metadata cache
[10:27:57] [main/TRACE] [mixin/]: Added class metadata for net/minecraft/client/network/LanServerDetector$LanServer to metadata cache
[10:27:57] [main/TRACE] [mixin/]: Added class metadata for gg/essential/gui/multiplayer/EssentialMultiplayerGui$Companion to metadata cache
[10:27:57] [main/TRACE] [mixin/]: Added class metadata for gg/essential/network/connectionmanager/serverdiscovery/NewServerDiscoveryManager$ImpressionConsumer to metadata cache
[10:27:57] [main/TRACE] [mixin/]: Added class metadata for net/minecraft/network/play/server/S38PacketPlayerListItem$AddPlayerData to metadata cache
[10:27:57] [main/TRACE] [mixin/]: Added class metadata for gg/essential/cosmetics/CosmeticsRenderState$Live to metadata cache
[10:27:57] [main/TRACE] [mixin/]: Added class metadata for gg/essential/model/backend/PlayerPose$Part to metadata cache
[10:27:57] [main/TRACE] [mixin/]: Added class metadata for gg/essential/model/backend/PlayerPose$Companion to metadata cache
[10:27:57] [main/TRACE] [mixin/]: Added class metadata for gg/essential/gui/common/CosmeticHoverOutlineEffect$Companion to metadata cache
[10:27:57] [main/TRACE] [mixin/]: Added class metadata for gg/essential/model/backend/RenderBackend$VertexConsumerProvider to metadata cache
[10:27:57] [main/TRACE] [mixin/]: Added class metadata for gg/essential/model/backend/minecraft/MinecraftRenderBackend$VertexConsumerProvider to metadata cache
[10:27:57] [main/TRACE] [mixin/]: Added class metadata for net/minecraft/client/resources/SkinManager$SkinAvailableCallback to metadata cache
[10:27:57] [main/TRACE] [mixin/]: Added class metadata for com/mojang/authlib/minecraft/MinecraftProfileTexture$Type to metadata cache
[10:27:57] [main/TRACE] [mixin/]: Added class metadata for gg/essential/event/gui/GuiClickEvent$Priority to metadata cache
[10:27:57] [main/TRACE] [mixin/]: Added class metadata for net/minecraftforge/client/event/GuiScreenEvent$MouseInputEvent to metadata cache
[10:27:57] [main/TRACE] [mixin/]: Added class metadata for net/minecraftforge/client/event/GuiScreenEvent$MouseInputEvent$Pre to metadata cache
[10:27:57] [main/TRACE] [mixin/]: Added class metadata for gg/essential/event/gui/GuiDrawScreenEvent$Priority to metadata cache
[10:27:57] [main/TRACE] [mixin/]: Added class metadata for net/minecraft/world/GameRules$ValueType to metadata cache
[10:27:57] [main/TRACE] [mixin/]: Added class metadata for gg/essential/model/ModelAnimationState$SoundEvent to metadata cache
[10:27:57] [main/TRACE] [mixin/]: Added class metadata for kotlin/random/Random$Default to metadata cache
[10:27:57] [main/TRACE] [mixin/]: Added class metadata for gg/essential/model/PlayerMolangQuery$RealYawAccess to metadata cache
[10:27:57] [main/TRACE] [mixin/]: Added class metadata for gg/essential/model/ParticleSystem$VertexConsumerProvider to metadata cache
[10:27:57] [main/TRACE] [mixin/]: Added class metadata for gg/essential/model/backend/minecraft/MinecraftRenderBackend$ParticleVertexConsumerProvider to metadata cache
[10:27:57] [main/TRACE] [mixin/]: Added class metadata for gg/essential/model/util/Quaternion$Companion to metadata cache
[10:27:57] [main/TRACE] [mixin/]: Added class metadata for net/minecraftforge/fml/common/LoaderState$ModState to metadata cache
[10:27:57] [main/TRACE] [mixin/]: Added class metadata for net/minecraft/world/WorldSettings$GameType to metadata cache
[10:27:57] [main/TRACE] [mixin/]: Added class metadata for org/polyfrost/evergreenhud/hud/Clock$ClockHud to metadata cache
[10:27:57] [main/TRACE] [mixin/]: Added class metadata for org/polyfrost/evergreenhud/hud/ResourcePack$ResourcePackHUD to metadata cache
[10:27:57] [main/TRACE] [mixin/]: Added class metadata for net/minecraft/client/resources/ResourcePackRepository$Entry to metadata cache
[10:27:57] [main/TRACE] [mixin/]: Added class metadata for org/polyfrost/evergreenhud/hud/PlayerPreview$SelfPreviewHud to metadata cache
[10:27:57] [main/TRACE] [mixin/]: Added class metadata for cc/polyfrost/oneconfig/utils/hypixel/LocrawInfo$GameType to metadata cache
[10:27:57] [main/TRACE] [mixin/]: Added class metadata for org/polyfrost/hytils/mixin/GuiIngameForgeMixin_HideHotbar$1 to metadata cache
[10:27:57] [main/TRACE] [mixin/]: Added class metadata for org/polyfrost/hytils/mixin/LayerArmorBaseMixin_HideIngameArmour$1 to metadata cache
[10:27:57] [main/TRACE] [mixin/]: Added class metadata for net/minecraft/item/ItemArmor$ArmorMaterial to metadata cache
[10:27:57] [main/TRACE] [mixin/]: Added class metadata for net/minecraftforge/event/entity/player/PlayerInteractEvent$Action to metadata cache
[10:27:57] [main/TRACE] [mixin/]: Added class metadata for net/minecraft/client/renderer/GlStateManager$Color to metadata cache
[10:27:57] [main/TRACE] [mixin/]: Added class metadata for net/minecraft/client/renderer/GlStateManager$TextureState to metadata cache
[10:27:57] [main/TRACE] [mixin/]: Added class metadata for net/optifine/gui/GuiScreenOF to metadata cache
[10:27:57] [main/TRACE] [mixin/]: Added class metadata for net/minecraft/client/renderer/tileentity/TileEntityBannerRenderer$TimedBannerTexture to metadata cache
[10:27:57] [main/TRACE] [mixin/]: Added class metadata for net/minecraft/tileentity/TileEntityBanner$EnumBannerPattern to metadata cache
[10:27:57] [main/TRACE] [mixin/]: Added class metadata for net/minecraft/client/model/ModelZombie to metadata cache
[10:27:57] [main/TRACE] [mixin/]: Added class metadata for net/minecraft/client/renderer/block/model/ItemCameraTransforms$TransformType to metadata cache
[10:27:57] [main/TRACE] [mixin/]: Added class metadata for net/minecraft/event/ClickEvent$Action to metadata cache
[10:27:57] [main/TRACE] [mixin/]: Added class metadata for net/minecraft/event/HoverEvent$Action to metadata cache
[10:27:57] [main/TRACE] [mixin/]: Added class metadata for net/minecraftforge/client/event/GuiScreenEvent$BackgroundDrawnEvent to metadata cache
[10:27:57] [main/TRACE] [mixin/]: Added class metadata for net/minecraft/block/BlockBush to metadata cache
[10:27:57] [main/TRACE] [mixin/]: Added class metadata for net/minecraft/block/BlockRedstoneTorch$Toggle to metadata cache
[10:27:57] [main/TRACE] [mixin/]: Added class metadata for net/minecraft/enchantment/EnchantmentHelper$HurtIterator to metadata cache
[10:27:57] [main/TRACE] [mixin/]: Added class metadata for net/minecraft/enchantment/EnchantmentHelper$DamageIterator to metadata cache
[10:27:57] [main/TRACE] [mixin/]: Added class metadata for net/minecraft/enchantment/EnchantmentHelper$ModifierDamage to metadata cache
[10:27:57] [main/TRACE] [mixin/]: Added class metadata for net/minecraft/enchantment/EnchantmentHelper$ModifierLiving to metadata cache
[10:27:57] [main/TRACE] [mixin/]: Added class metadata for net/minecraft/util/EnumFacing$AxisDirection to metadata cache
[10:27:57] [main/TRACE] [mixin/]: Added class metadata for net/minecraft/util/EnumFacing$Axis to metadata cache
[10:27:57] [main/TRACE] [mixin/]: Added class metadata for net/minecraftforge/fml/common/discovery/ASMDataTable$ASMData to metadata cache
[10:27:57] [main/TRACE] [mixin/]: Added class metadata for net/minecraft/block/state/BlockState$StateImplementation to metadata cache
[10:27:57] [main/TRACE] [mixin/]: Added class metadata for net/minecraftforge/client/model/ForgeBlockStateV1$Variant to metadata cache
[10:27:57] [main/TRACE] [mixin/]: Added class metadata for com/google/common/collect/ImmutableList$Builder to metadata cache
[10:27:57] [main/TRACE] [mixin/]: Added class metadata for it/unimi/dsi/fastutil/ints/Int2ObjectMap$Entry to metadata cache
[10:27:57] [main/TRACE] [mixin/]: Added class metadata for net/minecraft/client/renderer/vertex/VertexFormatElement$EnumUsage to metadata cache
[10:27:57] [main/TRACE] [mixin/]: Added class metadata for club/sk1er/patcher/mixins/performance/forge/VertexLighterFlatMixin_OptimizeNormals$1 to metadata cache
[10:27:57] [main/DEBUG] [mixin/]: Prepared 482 mixins in 0.667 sec (1.4ms avg) (34ms load, 439ms transform, 0ms plugin)
[10:27:57] [main/INFO] [mixin/]: Mixing MainMixin from mixins.evergreenhud.json into net.minecraft.client.main.Main
[10:27:57] [main/TRACE] [mixin/]: Added class metadata for java/lang/System to metadata cache
[10:27:57] [main/TRACE] [mixin/]: Added class metadata for org/polyfrost/evergreenhud/hook/PlaytimeHook to metadata cache
[10:27:57] [main/TRACE] [mixin/]: Added class metadata for java/lang/String to metadata cache
[10:27:57] [main/INFO] [LaunchWrapper/]: Launching wrapped minecraft {net.minecraft.client.main.Main}
[10:27:57] [main/DEBUG] [mixin/]: Mixing client.Mixin_SuppressScreenshotBufferFlip from mixins.essential.json into net.minecraft.client.Minecraft
[10:27:57] [main/TRACE] [mixin/]: Added class metadata for gg/essential/Essential to metadata cache
[10:27:57] [main/TRACE] [mixin/]: Added class metadata for gg/essential/api/EssentialAPI to metadata cache
[10:27:57] [main/TRACE] [mixin/]: Added class metadata for gg/essential/network/connectionmanager/ConnectionManager to metadata cache
[10:27:57] [main/TRACE] [mixin/]: Added class metadata for gg/essential/network/connectionmanager/media/ScreenshotManager to metadata cache
[10:27:57] [main/DEBUG] [mixin/]: Mixing client.Mixin_CancelVanillaScreenshotHotkey from mixins.essential.json into net.minecraft.client.Minecraft
[10:27:57] [main/TRACE] [mixin/]: Added class metadata for gg/essential/config/EssentialConfig to metadata cache
[10:27:57] [main/DEBUG] [mixin/]: Mixing client.Mixin_EmoteWheelUnPressKeys from mixins.essential.json into net.minecraft.client.Minecraft
[10:27:57] [main/TRACE] [mixin/]: Added class metadata for java/lang/Comparable to metadata cache
[10:27:57] [main/DEBUG] [mixin/]: Mixing client.Mixin_IncreaseMenuFpsLimit from mixins.essential.json into net.minecraft.client.Minecraft
[10:27:57] [main/DEBUG] [mixin/]: Mixing client.Mixin_RunEssentialTasks from mixins.essential.json into net.minecraft.client.Minecraft
[10:27:57] [main/TRACE] [mixin/]: Added class metadata for gg/essential/mixins/ext/client/MinecraftExt to metadata cache
[10:27:57] [main/TRACE] [mixin/]: Added class metadata for gg/essential/util/TargetThreadExecutor to metadata cache
[10:27:57] [main/TRACE] [mixin/]: Added class metadata for java/util/concurrent/Executor to metadata cache
[10:27:57] [main/DEBUG] [mixin/]: Mixing client.MixinMinecraft from mixins.essential.json into net.minecraft.client.Minecraft
[10:27:57] [main/TRACE] [mixin/]: Added class metadata for gg/essential/mixins/impl/client/MinecraftExt to metadata cache
[10:27:57] [main/TRACE] [mixin/]: Added class metadata for gg/essential/mixins/impl/client/MinecraftHook to metadata cache
[10:27:57] [main/TRACE] [mixin/]: Added class metadata for gg/essential/mixins/impl/ClassHook to metadata cache
[10:27:57] [main/TRACE] [mixin/]: Added class metadata for gg/essential/universal/UMinecraft to metadata cache
[10:27:57] [main/TRACE] [mixin/]: Added class metadata for java/lang/Thread to metadata cache
[10:27:57] [main/TRACE] [mixin/]: Added class metadata for java/lang/Runnable to metadata cache
[10:27:57] [main/TRACE] [mixin/]: Added class metadata for org/apache/logging/log4j/Logger to metadata cache
[10:27:57] [main/TRACE] [mixin/]: Added class metadata for gg/essential/event/gui/GuiOpenEvent to metadata cache
[10:27:57] [main/TRACE] [mixin/]: Added class metadata for gg/essential/event/CancellableEvent to metadata cache
[10:27:57] [main/TRACE] [mixin/]: Added class metadata for gg/essential/event/gui/GuiOpenedEvent to metadata cache
[10:27:57] [main/TRACE] [mixin/]: Added class metadata for gg/essential/util/EventBus to metadata cache
[10:27:57] [main/TRACE] [mixin/]: Added class metadata for net/minecraft/util/Session to metadata cache
[10:27:57] [main/TRACE] [mixin/]: Added class metadata for com/mojang/authlib/GameProfile to metadata cache
[10:27:57] [main/TRACE] [mixin/]: Added class metadata for java/util/Objects to metadata cache
[10:27:57] [main/TRACE] [mixin/]: Added class metadata for com/mojang/authlib/properties/PropertyMap to metadata cache
[10:27:57] [main/TRACE] [mixin/]: Added class metadata for com/google/common/collect/ForwardingMultimap to metadata cache
[10:27:57] [main/TRACE] [mixin/]: Added class metadata for gg/essential/util/HelpersKt to metadata cache
[10:27:57] [main/TRACE] [mixin/]: Added class metadata for gg/essential/event/client/ReAuthEvent to metadata cache
[10:27:57] [main/TRACE] [mixin/]: Added class metadata for org/lwjgl/input/Mouse to metadata cache
[10:27:57] [main/TRACE] [mixin/]: Added class metadata for gg/essential/event/gui/MouseScrollEvent to metadata cache
[10:27:57] [main/TRACE] [mixin/]: Added class metadata for java/lang/AssertionError to metadata cache
[10:27:57] [main/TRACE] [mixin/]: Added class metadata for java/lang/Error to metadata cache
[10:27:57] [main/TRACE] [mixin/]: Added class metadata for gg/essential/mixins/ext/server/integrated/IntegratedServerExt to metadata cache
[10:27:57] [main/TRACE] [mixin/]: Added class metadata for gg/essential/gui/elementa/state/v2/MutableState to metadata cache
[10:27:57] [main/DEBUG] [mixin/]: Mixing client.gui.Mixin_FixKeybindUnpressedInEmoteWheel from mixins.essential.json into net.minecraft.client.Minecraft
[10:27:57] [main/DEBUG] [mixin/]: Mixing client.gui.Mixin_UpdateWindowTitle_AddSPSTitle from mixins.essential.json into net.minecraft.client.Minecraft
[10:27:57] [main/DEBUG] [mixin/]: Mixing client.gui.Mixin_UpdateWindowTitle_DisplayScreen from mixins.essential.json into net.minecraft.client.Minecraft
[10:27:57] [main/TRACE] [mixin/]: Added class metadata for gg/essential/sps/WindowTitleManager to metadata cache
[10:27:57] [main/DEBUG] [mixin/]: Mixing client.gui.Mixin_UpdateWindowTitle_LoadWorld from mixins.essential.json into net.minecraft.client.Minecraft
[10:27:57] [main/DEBUG] [mixin/]: Mixing compatibility.forge.Mixin_FixInternalByteBufAccess from mixins.essential.json into net.minecraft.client.Minecraft
[10:27:57] [main/DEBUG] [mixin/]: Mixing compatibility.forge.Mixin_FixPrematureByteBufFree from mixins.essential.json into net.minecraft.client.Minecraft
[10:27:57] [main/DEBUG] [mixin/]: Mixing compatibility.vanilla.Mixin_FixIntegratedServerShutdownThreading from mixins.essential.json into net.minecraft.client.Minecraft
[10:27:57] [main/DEBUG] [mixin/]: Mixing events.Mixin_RenderTickEvent from mixins.essential.json into net.minecraft.client.Minecraft
[10:27:57] [main/TRACE] [mixin/]: Added class metadata for gg/essential/universal/UMatrixStack to metadata cache
[10:27:57] [main/TRACE] [mixin/]: Added class metadata for gg/essential/util/UDrawContext to metadata cache
[10:27:57] [main/TRACE] [mixin/]: Added class metadata for net/minecraft/util/Timer to metadata cache
[10:27:57] [main/TRACE] [mixin/]: Added class metadata for gg/essential/event/render/RenderTickEvent to metadata cache
[10:27:57] [main/DEBUG] [mixin/]: Mixing feature.chat.Mixin_ChatPeekScrolling from mixins.essential.json into net.minecraft.client.Minecraft
[10:27:57] [main/TRACE] [mixin/]: Added class metadata for gg/essential/key/EssentialKeybindingRegistry to metadata cache
[10:27:57] [main/TRACE] [mixin/]: Added class metadata for gg/essential/universal/UKeyboard to metadata cache
[10:27:57] [main/TRACE] [mixin/]: Added class metadata for net/minecraft/util/IThreadListener to metadata cache
[10:27:57] [main/TRACE] [mixin/]: Added class metadata for net/minecraft/profiler/IPlayerUsage to metadata cache
[10:27:57] [main/DEBUG] [mixin/]: Mixing resources.MixinResourcePackList from mixins.essential.json into net.minecraft.client.Minecraft
[10:27:57] [main/INFO] [mixin/]: Mixing MinecraftMixin from mixins.oneconfig.json into net.minecraft.client.Minecraft
[10:27:57] [main/INFO] [mixin/]: Renaming synthetic method lambda$onStart$0()V to md7ca026$lambda$onStart$0$0 in mixins.oneconfig.json:MinecraftMixin
[10:27:57] [main/TRACE] [mixin/]: Added class metadata for cc/polyfrost/oneconfig/events/EventManager to metadata cache
[10:27:57] [main/TRACE] [mixin/]: Added class metadata for cc/polyfrost/oneconfig/events/event/PreShutdownEvent to metadata cache
[10:27:57] [main/TRACE] [mixin/]: Added class metadata for cc/polyfrost/oneconfig/events/event/StartEvent to metadata cache
[10:27:57] [main/TRACE] [mixin/]: Added class metadata for java/lang/Runtime to metadata cache
[10:27:57] [main/TRACE] [mixin/]: Added class metadata for cc/polyfrost/oneconfig/internal/OneConfig to metadata cache
[10:27:57] [main/TRACE] [mixin/]: Added class metadata for cc/polyfrost/oneconfig/events/event/InitializationEvent to metadata cache
[10:27:57] [main/TRACE] [mixin/]: Added class metadata for cc/polyfrost/oneconfig/events/event/Stage to metadata cache
[10:27:57] [main/TRACE] [mixin/]: Added class metadata for cc/polyfrost/oneconfig/events/event/RenderEvent to metadata cache
[10:27:57] [main/TRACE] [mixin/]: Added class metadata for cc/polyfrost/oneconfig/events/event/FramebufferRenderEvent to metadata cache
[10:27:57] [main/TRACE] [mixin/]: Added class metadata for cc/polyfrost/oneconfig/events/event/TickEvent to metadata cache
[10:27:57] [main/TRACE] [mixin/]: Added class metadata for net/minecraftforge/client/event/GuiOpenEvent to metadata cache
[10:27:57] [main/TRACE] [mixin/]: Added class metadata for cc/polyfrost/oneconfig/events/event/ScreenOpenEvent to metadata cache
[10:27:57] [main/TRACE] [mixin/]: Added class metadata for cc/polyfrost/oneconfig/events/event/CancellableEvent to metadata cache
[10:27:57] [main/TRACE] [mixin/]: Added class metadata for net/minecraftforge/fml/common/eventhandler/Event to metadata cache
[10:27:57] [main/TRACE] [mixin/]: Added class metadata for cc/polyfrost/oneconfig/events/event/TimerUpdateEvent to metadata cache
[10:27:57] [main/TRACE] [mixin/]: Added class metadata for org/lwjgl/input/Keyboard to metadata cache
[10:27:57] [main/TRACE] [mixin/]: Added class metadata for cc/polyfrost/oneconfig/events/event/RawKeyEvent to metadata cache
[10:27:57] [main/TRACE] [mixin/]: Added class metadata for cc/polyfrost/oneconfig/events/event/KeyInputEvent to metadata cache
[10:27:57] [main/TRACE] [mixin/]: Added class metadata for cc/polyfrost/oneconfig/events/event/RawMouseEvent to metadata cache
[10:27:57] [main/TRACE] [mixin/]: Added class metadata for cc/polyfrost/oneconfig/events/event/MouseInputEvent to metadata cache
[10:27:57] [main/TRACE] [mixin/]: Added class metadata for cc/polyfrost/oneconfig/events/event/ShutdownEvent to metadata cache
[10:27:57] [main/INFO] [mixin/]: Mixing MinecraftMixin_LeftClickInteract from mixins.hytils.json into net.minecraft.client.Minecraft
[10:27:57] [main/TRACE] [mixin/]: Added class metadata for net/minecraft/util/MovingObjectPosition to metadata cache
[10:27:57] [main/TRACE] [mixin/]: Added class metadata for net/minecraftforge/event/ForgeEventFactory to metadata cache
[10:27:57] [main/TRACE] [mixin/]: Added class metadata for net/minecraft/client/multiplayer/PlayerControllerMP to metadata cache
[10:27:57] [main/INFO] [mixin/]: Mixing MinecraftMixin_LimboLimiter from mixins.hytils.json into net.minecraft.client.Minecraft
[10:27:57] [main/TRACE] [mixin/]: Added class metadata for org/polyfrost/hytils/handlers/lobby/limbo/LimboLimiter to metadata cache
[10:27:57] [main/TRACE] [mixin/]: Added class metadata for org/polyfrost/hytils/config/HytilsConfig to metadata cache
[10:27:57] [main/TRACE] [mixin/]: Added class metadata for java/lang/Integer to metadata cache
[10:27:57] [main/TRACE] [mixin/]: Added class metadata for java/lang/Number to metadata cache
[10:27:57] [main/TRACE] [mixin/]: Added class metadata for org/spongepowered/asm/mixin/injection/callback/CallbackInfoReturnable to metadata cache
[10:27:57] [main/DEBUG] [mixin/]: Mixing accessors.GuiBossOverlayAccessor from mixins.patcher.json into net.minecraft.client.Minecraft
[10:27:57] [main/DEBUG] [mixin/]: Mixing accessors.MinecraftAccessor from mixins.patcher.json into net.minecraft.client.Minecraft
[10:27:57] [main/DEBUG] [mixin/]: Mixing bugfixes.MinecraftMixin_DisplayScreen from mixins.patcher.json into net.minecraft.client.Minecraft
[10:27:57] [main/TRACE] [mixin/]: Added class metadata for net/minecraft/client/gui/GuiScreenWorking to metadata cache
[10:27:57] [main/TRACE] [mixin/]: Added class metadata for net/minecraft/client/gui/Gui to metadata cache
[10:27:57] [main/TRACE] [mixin/]: Added class metadata for net/minecraft/client/gui/GuiYesNoCallback to metadata cache
[10:27:57] [main/TRACE] [mixin/]: Added class metadata for net/minecraft/util/IProgressUpdate to metadata cache
[10:27:57] [main/DEBUG] [mixin/]: Mixing bugfixes.MinecraftMixin_FixScreenState from mixins.patcher.json into net.minecraft.client.Minecraft
[10:27:57] [main/TRACE] [mixin/]: Added class metadata for org/apache/commons/lang3/SystemUtils to metadata cache
[10:27:57] [main/TRACE] [mixin/]: Added class metadata for org/lwjgl/opengl/Display to metadata cache
[10:27:57] [main/DEBUG] [mixin/]: Mixing bugfixes.MinecraftMixin_ForeignKeyboards from mixins.patcher.json into net.minecraft.client.Minecraft
[10:27:57] [main/DEBUG] [mixin/]: Mixing bugfixes.MinecraftMixin_PersistentShaders from mixins.patcher.json into net.minecraft.client.Minecraft
[10:27:57] [main/TRACE] [mixin/]: Added class metadata for club/sk1er/patcher/config/PatcherConfig to metadata cache
[10:27:57] [main/DEBUG] [mixin/]: Mixing features.MinecraftMixin_BetterKeybindHandling from mixins.patcher.json into net.minecraft.client.Minecraft
[10:27:57] [main/TRACE] [mixin/]: Added class metadata for club/sk1er/patcher/hooks/MinecraftHook to metadata cache
[10:27:57] [main/DEBUG] [mixin/]: Mixing features.MinecraftMixin_CustomDebugKeys from mixins.patcher.json into net.minecraft.client.Minecraft
[10:27:57] [main/TRACE] [mixin/]: Added class metadata for club/sk1er/patcher/Patcher to metadata cache
[10:27:57] [main/DEBUG] [mixin/]: Mixing features.MinecraftMixin_FpsLimit from mixins.patcher.json into net.minecraft.client.Minecraft
[10:27:57] [main/TRACE] [mixin/]: Added class metadata for java/lang/Boolean to metadata cache
[10:27:57] [main/DEBUG] [mixin/]: Mixing features.MinecraftMixin_KeepChatMessages from mixins.patcher.json into net.minecraft.client.Minecraft
[10:27:57] [main/DEBUG] [mixin/]: Mixing features.MinecraftMixin_Metrics from mixins.patcher.json into net.minecraft.client.Minecraft
[10:27:57] [main/TRACE] [mixin/]: Added class metadata for club/sk1er/patcher/screen/render/overlay/metrics/MetricsData to metadata cache
[10:27:57] [main/DEBUG] [mixin/]: Mixing features.MinecraftMixin_SeparateResources from mixins.patcher.json into net.minecraft.client.Minecraft
[10:27:57] [main/DEBUG] [mixin/]: Mixing features.MinecraftMixin_WindowedFullscreen from mixins.patcher.json into net.minecraft.client.Minecraft
[10:27:57] [main/DEBUG] [mixin/]: Mixing performance.MinecraftMixin_MemoryIssues from mixins.patcher.json into net.minecraft.client.Minecraft
[10:27:57] [main/TRACE] [mixin/]: Added class metadata for net/minecraft/client/gui/MapItemRenderer to metadata cache
[10:27:57] [main/TRACE] [mixin/]: Added class metadata for com/google/common/cache/LoadingCache to metadata cache
[10:27:57] [main/TRACE] [mixin/]: Added class metadata for com/google/common/cache/Cache to metadata cache
[10:27:57] [main/DEBUG] [mixin/]: Mixing performance.MinecraftMixin_OptimizedWorldSwapping from mixins.patcher.json into net.minecraft.client.Minecraft
[10:27:57] [main/DEBUG] [mixin/]: Mixing performance.MinecraftMixin_SkipTwitchStuff from mixins.patcher.json into net.minecraft.client.Minecraft
[10:27:57] [main/DEBUG] [mixin/]: Mixing performance.MinecraftMixin_ToggleGLErrorChecking from mixins.patcher.json into net.minecraft.client.Minecraft
[10:27:57] [main/TRACE] [mixin/]: Added class metadata for java/io/File to metadata cache
[10:27:57] [main/TRACE] [mixin/]: Added class metadata for net/minecraft/util/IChatComponent to metadata cache
[10:27:57] [main/TRACE] [mixin/]: Added class metadata for java/util/function/Consumer to metadata cache
[10:27:57] [main/TRACE] [mixin/]: Added class metadata for net/minecraft/client/resources/IResourcePack to metadata cache
[10:27:57] [main/TRACE] [mixin/]: Added class metadata for net/minecraft/client/stream/IStream to metadata cache
[10:27:57] [main/TRACE] [mixin/]: Added class metadata for net/minecraft/util/ReportedException to metadata cache
[10:27:57] [main/TRACE] [mixin/]: Added class metadata for net/minecraft/util/MinecraftError to metadata cache
[10:27:57] [main/DEBUG] [mixin/]: Mixing client.Mixin_GuiKeyTypedEvent from mixins.essential.json into net.minecraft.client.gui.GuiScreen
[10:27:57] [main/TRACE] [mixin/]: Added class metadata for gg/essential/event/gui/GuiKeyTypedEvent to metadata cache
[10:27:57] [main/DEBUG] [mixin/]: Mixing client.gui.GuiScreenAccessor from mixins.essential.json into net.minecraft.client.gui.GuiScreen
[10:27:57] [main/DEBUG] [mixin/]: Mixing client.gui.Mixin_FixKeybindConsumedInEmoteWheel from mixins.essential.json into net.minecraft.client.gui.GuiScreen
[10:27:57] [main/DEBUG] [mixin/]: Mixing client.gui.MixinGuiScreen from mixins.essential.json into net.minecraft.client.gui.GuiScreen
[10:27:57] [main/TRACE] [mixin/]: Added class metadata for gg/essential/mixins/impl/client/gui/EssentialPostScreenDrawHook to metadata cache
[10:27:57] [main/TRACE] [mixin/]: Added class metadata for gg/essential/mixins/impl/client/gui/GuiScreenHook to metadata cache
[10:27:57] [main/TRACE] [mixin/]: Added class metadata for gg/essential/event/gui/GuiDrawScreenEvent to metadata cache
[10:27:57] [main/TRACE] [mixin/]: Added class metadata for gg/essential/lib/mixinextras/sugar/ref/LocalIntRef to metadata cache
[10:27:57] [main/DEBUG] [mixin/]: Mixing events.Mixin_GuiClickEvent from mixins.essential.json into net.minecraft.client.gui.GuiScreen
[10:27:57] [main/TRACE] [mixin/]: Added class metadata for gg/essential/event/gui/GuiClickEvent to metadata cache
[10:27:57] [main/DEBUG] [mixin/]: Mixing events.Mixin_GuiClickEvent_Priority from mixins.essential.json into net.minecraft.client.gui.GuiScreen
[10:27:57] [main/DEBUG] [mixin/]: Mixing events.Mixin_GuiMouseReleaseEvent from mixins.essential.json into net.minecraft.client.gui.GuiScreen
[10:27:57] [main/DEBUG] [mixin/]: Renaming @Unique method getScreen()Lnet/minecraft/client/gui/GuiScreen; to md7ca026$getScreen$0 in mixins.essential.json:events.Mixin_GuiMouseReleaseEvent
[10:27:57] [main/TRACE] [mixin/]: Added class metadata for gg/essential/event/gui/GuiMouseReleaseEvent to metadata cache
[10:27:57] [main/DEBUG] [mixin/]: Mixing events.Mixin_MouseScrollEvent from mixins.essential.json into net.minecraft.client.gui.GuiScreen
[10:27:57] [main/DEBUG] [mixin/]: Renaming @Unique method getScreen()Lnet/minecraft/client/gui/GuiScreen; to md7ca026$getScreen$1 in mixins.essential.json:events.Mixin_MouseScrollEvent
[10:27:57] [main/TRACE] [mixin/]: Added class metadata for net/minecraftforge/client/event/GuiScreenEvent to metadata cache
[10:27:57] [main/DEBUG] [mixin/]: Mixing bugfixes.GuiScreenMixin_FixWindowsIME from mixins.patcher.json into net.minecraft.client.gui.GuiScreen
[10:27:57] [main/DEBUG] [mixin/]: Mixing bugfixes.crashes.GuiScreenMixin_ResolveCrash from mixins.patcher.json into net.minecraft.client.gui.GuiScreen
[10:27:57] [main/TRACE] [mixin/]: Added class metadata for club/sk1er/patcher/screen/ResolutionHelper to metadata cache
[10:27:57] [main/DEBUG] [mixin/]: Mixing features.GuiChatMixin_SafeChatClicksHistory from mixins.patcher.json into net.minecraft.client.gui.GuiScreen
[10:27:57] [main/DEBUG] [mixin/]: Mixing features.GuiScreenMixin_BackgroundRendering from mixins.patcher.json into net.minecraft.client.gui.GuiScreen
[10:27:57] [main/TRACE] [mixin/]: Added class metadata for net/minecraftforge/common/MinecraftForge to metadata cache
[10:27:57] [main/TRACE] [mixin/]: Added class metadata for org/spongepowered/asm/mixin/injection/invoke/arg/Args to metadata cache
[10:27:57] [main/TRACE] [mixin/]: Added class metadata for java/lang/Math to metadata cache
[10:27:57] [main/DEBUG] [mixin/]: Mixing features.invscale.GuiScreenMixin_InventoryScale from mixins.patcher.json into net.minecraft.client.gui.GuiScreen
[10:27:57] [main/TRACE] [mixin/]: Added class metadata for cc/polyfrost/oneconfig/config/Config to metadata cache
[10:27:57] [main/INFO] [mixin/]: Mixing GuiScreenMixin from mixins.oneconfig.json into net.minecraft.client.gui.GuiScreen
[10:27:57] [main/DEBUG] [mixin/]: ArgsClassGenerator assigning org.spongepowered.asm.synthetic.args.Args$1 for descriptor (IIIIII)V
[10:27:57] [main/TRACE] [mixin/]: Added class metadata for java/awt/datatransfer/Transferable to metadata cache
[10:27:57] [main/TRACE] [mixin/]: Added class metadata for net/minecraft/nbt/NBTException to metadata cache
[10:27:57] [main/TRACE] [mixin/]: Added class metadata for net/minecraft/nbt/NBTBase to metadata cache
[10:27:57] [main/DEBUG] [mixin/]: Mixing entity.player.EntityPlayerAccessor from mixins.essential.json into net.minecraft.entity.player.EntityPlayer
[10:27:57] [main/DEBUG] [mixin/]: Mixing entity.player.MixinEntityPlayer from mixins.essential.json into net.minecraft.entity.player.EntityPlayer
[10:27:57] [main/TRACE] [mixin/]: Added class metadata for gg/essential/mixins/impl/entity/player/EntityPlayerHook to metadata cache
[10:27:57] [main/INFO] [mixin/]: Mixing EntityPlayerMixin from mixins.evergreenhud.json into net.minecraft.entity.player.EntityPlayer
[10:27:57] [main/TRACE] [mixin/]: Added class metadata for org/polyfrost/evergreenhud/ClientDamageEntityEvent to metadata cache
[10:27:57] [main/DEBUG] [mixin/]: Mixing features.EntityPlayerMixin_NaturalCapes from mixins.patcher.json into net.minecraft.entity.player.EntityPlayer
[10:27:57] [main/DEBUG] [mixin/]: Mixing performance.EntityPlayerMixin_DisplayNames from mixins.patcher.json into net.minecraft.entity.player.EntityPlayer
[10:27:57] [main/TRACE] [mixin/]: Added class metadata for net/minecraft/command/ICommandSender to metadata cache
[10:27:57] [main/TRACE] [mixin/]: Added class metadata for net/minecraftforge/common/capabilities/ICapabilitySerializable to metadata cache
[10:27:57] [main/TRACE] [mixin/]: Added class metadata for net/minecraftforge/common/capabilities/ICapabilityProvider to metadata cache
[10:27:57] [main/TRACE] [mixin/]: Added class metadata for net/minecraftforge/common/util/INBTSerializable to metadata cache
[10:27:57] [main/TRACE] [mixin/]: Added class metadata for net/minecraft/event/HoverEvent to metadata cache
[10:27:57] [main/INFO] [STDOUT/]: [io.prplz.mousedelayfix.ClassTransformer:transform:23]: Found EntityLivingBase: pr
[10:27:57] [main/INFO] [STDOUT/]: [io.prplz.mousedelayfix.ClassTransformer:transform:30]: Found getLook: d
[10:27:57] [main/INFO] [STDOUT/]: [io.prplz.mousedelayfix.ClassTransformer:transform:32]: Found Entity: pk
[10:27:57] [main/INFO] [STDOUT/]: [io.prplz.mousedelayfix.ClassTransformer:transform:34]: Found EntityPlayerSP: bew
[10:27:57] [main/DEBUG] [mixin/]: Mixing feature.particles.Mixin_PreserveRealYawDuringInventoryRendering from mixins.essential.json into net.minecraft.entity.EntityLivingBase
[10:27:57] [main/INFO] [mixin/]: Mixing EntityLivingBaseMixin_MiningFatigue from mixins.hytils.json into net.minecraft.entity.EntityLivingBase
[10:27:57] [main/TRACE] [mixin/]: Added class metadata for net/minecraft/potion/PotionEffect to metadata cache
[10:27:57] [main/TRACE] [mixin/]: Added class metadata for net/minecraft/potion/Potion to metadata cache
[10:27:57] [main/TRACE] [mixin/]: Added class metadata for cc/polyfrost/oneconfig/utils/hypixel/LocrawUtil to metadata cache
[10:27:57] [main/TRACE] [mixin/]: Added class metadata for cc/polyfrost/oneconfig/utils/hypixel/LocrawInfo to metadata cache
[10:27:57] [main/TRACE] [mixin/]: Added class metadata for cc/polyfrost/oneconfig/utils/Notifications to metadata cache
[10:27:57] [main/DEBUG] [mixin/]: Mixing bugfixes.EntityLivingBaseMixin_MouseDelayFix from mixins.patcher.json into net.minecraft.entity.EntityLivingBase
[10:27:57] [main/DEBUG] [mixin/]: Mixing bugfixes.crashes.EntityLivingBaseMixin_ResolveCrash from mixins.patcher.json into net.minecraft.entity.EntityLivingBase
[10:27:57] [main/TRACE] [mixin/]: Added class metadata for net/minecraft/util/Vec3 to metadata cache
[10:27:57] [main/TRACE] [mixin/]: Added class metadata for net/minecraft/nbt/NBTTagList to metadata cache
[10:27:57] [main/DEBUG] [mixin/]: Mixing bugfixes.EntityMixin_FixedBrightness from mixins.patcher.json into net.minecraft.entity.Entity
[10:27:57] [main/DEBUG] [mixin/]: Mixing bugfixes.EntityMixin_SprintParticles from mixins.patcher.json into net.minecraft.entity.Entity
[10:27:57] [main/DEBUG] [mixin/]: Mixing features.EntityMixin_NaturalCapes from mixins.patcher.json into net.minecraft.entity.Entity
[10:27:57] [main/DEBUG] [mixin/]: Mixing performance.EntityMixin_Capability from mixins.patcher.json into net.minecraft.entity.Entity
[10:27:57] [main/TRACE] [mixin/]: Added class metadata for net/minecraftforge/common/capabilities/CapabilityDispatcher to metadata cache
[10:27:57] [main/DEBUG] [mixin/]: Mixing performance.EntityMixin_DisplayNames from mixins.patcher.json into net.minecraft.entity.Entity
[10:27:57] [main/TRACE] [mixin/]: Added class metadata for net/minecraftforge/common/capabilities/Capability to metadata cache
[10:27:57] [main/TRACE] [mixin/]: Added class metadata for net/minecraftforge/common/IExtendedEntityProperties to metadata cache
[10:27:57] [main/INFO] [mixin/]: Mixing EntityPlayerSPMixin from mixins.oneconfig.json into net.minecraft.client.entity.EntityPlayerSP
[10:27:57] [main/TRACE] [mixin/]: Added class metadata for cc/polyfrost/oneconfig/events/event/ChatSendEvent to metadata cache
[10:27:57] [main/INFO] [mixin/]: Mixing EntityPlayerSPMixin_MessageHandling from mixins.hytils.json into net.minecraft.client.entity.EntityPlayerSP
[10:27:57] [main/TRACE] [mixin/]: Added class metadata for org/polyfrost/hytils/HytilsReborn to metadata cache
[10:27:57] [main/TRACE] [mixin/]: Added class metadata for org/polyfrost/hytils/handlers/chat/ChatHandler to metadata cache
[10:27:57] [main/DEBUG] [mixin/]: Mixing features.EntityPlayerSPMixin_NauseaEffect from mixins.patcher.json into net.minecraft.client.entity.EntityPlayerSP
[10:27:57] [main/INFO] [mixin/]: Mixing MixinEntityPlayerSP from mixins.polysprint.json into net.minecraft.client.entity.EntityPlayerSP
[10:27:57] [main/TRACE] [mixin/]: Added class metadata for net/minecraft/util/MovementInput to metadata cache
[10:27:57] [main/TRACE] [mixin/]: Added class metadata for org/polyfrost/polysprint/core/UtilsKt to metadata cache
[10:27:57] [main/TRACE] [mixin/]: Added class metadata for org/polyfrost/polysprint/core/PolySprintConfig to metadata cache
[10:27:57] [main/TRACE] [mixin/]: Added class metadata for net/minecraft/entity/player/PlayerCapabilities to metadata cache
[10:27:57] [main/DEBUG] [mixin/]: Mixing client.entity.MixinAbstractClientPlayer from mixins.essential.json into net.minecraft.client.entity.AbstractClientPlayer
[10:27:57] [main/TRACE] [mixin/]: Added class metadata for gg/essential/mixins/impl/client/entity/AbstractClientPlayerExt to metadata cache
[10:27:57] [main/TRACE] [mixin/]: Added class metadata for gg/essential/network/cosmetics/Cosmetic to metadata cache
[10:27:57] [main/TRACE] [mixin/]: Added class metadata for kotlin/Unit to metadata cache
[10:27:57] [main/DEBUG] [mixin/]: Renaming synthetic method lambda$getWearablesManager$4(ZLgg/essential/network/cosmetics/Cosmetic;Ljava/lang/String;)Lkotlin/Unit; to md7ca026$lambda$getWearablesManager$4$0 in mixins.essential.json:client.entity.MixinAbstractClientPlayer
[10:27:57] [main/TRACE] [mixin/]: Added class metadata for gg/essential/gui/elementa/state/v2/State to metadata cache
[10:27:57] [main/DEBUG] [mixin/]: Renaming synthetic method lambda$new$3(Lgg/essential/gui/elementa/state/v2/State;)Lgg/essential/gui/elementa/state/v2/State; to md7ca026$lambda$new$3$1 in mixins.essential.json:client.entity.MixinAbstractClientPlayer
[10:27:57] [main/TRACE] [mixin/]: Added class metadata for gg/essential/gui/elementa/state/v2/Observer to metadata cache
[10:27:57] [main/TRACE] [mixin/]: Added class metadata for java/util/Map to metadata cache
[10:27:57] [main/DEBUG] [mixin/]: Renaming synthetic method lambda$null$2(Lgg/essential/gui/elementa/state/v2/State;Lgg/essential/gui/elementa/state/v2/Observer;)Ljava/util/Map; to md7ca026$lambda$null$2$2 in mixins.essential.json:client.entity.MixinAbstractClientPlayer
[10:27:57] [main/TRACE] [mixin/]: Added class metadata for gg/essential/mod/cosmetics/CosmeticSlot to metadata cache
[10:27:57] [main/DEBUG] [mixin/]: Renaming synthetic method lambda$null$1(Lgg/essential/mod/cosmetics/CosmeticSlot;)Ljava/lang/Boolean; to md7ca026$lambda$null$1$3 in mixins.essential.json:client.entity.MixinAbstractClientPlayer
[10:27:57] [main/DEBUG] [mixin/]: Renaming synthetic method lambda$new$0(Lcom/mojang/authlib/GameProfile;)Ljava/lang/Boolean; to md7ca026$lambda$new$0$4 in mixins.essential.json:client.entity.MixinAbstractClientPlayer
[10:27:57] [main/TRACE] [mixin/]: Added class metadata for gg/essential/model/PlayerMolangQuery to metadata cache
[10:27:57] [main/TRACE] [mixin/]: Added class metadata for java/util/UUID to metadata cache
[10:27:57] [main/TRACE] [mixin/]: Added class metadata for gg/essential/cosmetics/WearablesManager to metadata cache
[10:27:57] [main/TRACE] [mixin/]: Added class metadata for gg/essential/cosmetics/skinmask/MaskedSkinProvider to metadata cache
[10:27:57] [main/TRACE] [mixin/]: Added class metadata for kotlin/Pair to metadata cache
[10:27:57] [main/TRACE] [mixin/]: Added class metadata for gg/essential/model/util/PlayerPoseManager to metadata cache
[10:27:57] [main/TRACE] [mixin/]: Added class metadata for gg/essential/model/backend/PlayerPose to metadata cache
[10:27:57] [main/TRACE] [mixin/]: Added class metadata for gg/essential/model/ParticleSystem$Locator to metadata cache
[10:27:57] [main/TRACE] [mixin/]: Added class metadata for gg/essential/model/molang/MolangQueryEntity to metadata cache
[10:27:57] [main/TRACE] [mixin/]: Added class metadata for gg/essential/model/molang/MolangQuery to metadata cache
[10:27:57] [main/TRACE] [mixin/]: Added class metadata for gg/essential/model/molang/MolangQueryTime to metadata cache
[10:27:57] [main/TRACE] [mixin/]: Added class metadata for gg/essential/util/Let to metadata cache
[10:27:57] [main/TRACE] [mixin/]: Added class metadata for gg/essential/network/connectionmanager/cosmetics/CosmeticsManager to metadata cache
[10:27:57] [main/TRACE] [mixin/]: Added class metadata for gg/essential/network/connectionmanager/cosmetics/EquippedCosmeticsManager to metadata cache
[10:27:57] [main/TRACE] [mixin/]: Added class metadata for gg/essential/gui/elementa/state/v2/StateKt to metadata cache
[10:27:57] [main/TRACE] [mixin/]: Added class metadata for gg/essential/gui/elementa/state/v2/FlattenKt to metadata cache
[10:27:57] [main/TRACE] [mixin/]: Added class metadata for java/util/Collection to metadata cache
[10:27:57] [main/TRACE] [mixin/]: Added class metadata for com/mojang/authlib/properties/Property to metadata cache
[10:27:57] [main/TRACE] [mixin/]: Added class metadata for gg/essential/util/UUIDUtil to metadata cache
[10:27:57] [main/TRACE] [mixin/]: Added class metadata for gg/essential/util/UuidNameLookup to metadata cache
[10:27:57] [main/TRACE] [mixin/]: Added class metadata for java/lang/StringBuilder to metadata cache
[10:27:57] [main/TRACE] [mixin/]: Added class metadata for java/lang/AbstractStringBuilder to metadata cache
[10:27:57] [main/TRACE] [mixin/]: Added class metadata for java/lang/Appendable to metadata cache
[10:27:57] [main/TRACE] [mixin/]: Added class metadata for java/lang/CharSequence to metadata cache
[10:27:57] [main/TRACE] [mixin/]: Added class metadata for gg/essential/cosmetics/events/AnimationTarget to metadata cache
[10:27:57] [main/TRACE] [mixin/]: Added class metadata for java/util/EnumSet to metadata cache
[10:27:57] [main/TRACE] [mixin/]: Added class metadata for java/util/AbstractSet to metadata cache
[10:27:57] [main/TRACE] [mixin/]: Added class metadata for java/lang/Iterable to metadata cache
[10:27:57] [main/TRACE] [mixin/]: Added class metadata for java/util/Set to metadata cache
[10:27:57] [main/TRACE] [mixin/]: Added class metadata for java/lang/Cloneable to metadata cache
[10:27:57] [main/TRACE] [mixin/]: Added class metadata for gg/essential/model/backend/minecraft/MinecraftRenderBackend to metadata cache
[10:27:57] [main/TRACE] [mixin/]: Added class metadata for gg/essential/cosmetics/EssentialModelRenderer to metadata cache
[10:27:57] [main/TRACE] [mixin/]: Added class metadata for net/minecraft/client/renderer/entity/layers/LayerRenderer to metadata cache
[10:27:57] [main/TRACE] [mixin/]: Added class metadata for gg/essential/cosmetics/CosmeticsState to metadata cache
[10:27:57] [main/TRACE] [mixin/]: Added class metadata for gg/essential/util/UIdentifierKt to metadata cache
[10:27:57] [main/TRACE] [mixin/]: Added class metadata for gg/essential/mod/cosmetics/CosmeticType to metadata cache
[10:27:57] [main/TRACE] [mixin/]: Added class metadata for gg/essential/network/cosmetics/ConversionsKt to metadata cache
[10:27:57] [main/TRACE] [mixin/]: Added class metadata for gg/essential/connectionmanager/common/packet/cosmetic/ClientCosmeticAnimationTriggerPacket to metadata cache
[10:27:57] [main/TRACE] [mixin/]: Added class metadata for gg/essential/connectionmanager/common/packet/Packet to metadata cache
[10:27:57] [main/TRACE] [mixin/]: Added class metadata for kotlin/collections/MapsKt to metadata cache
[10:27:57] [main/TRACE] [mixin/]: Added class metadata for kotlin/collections/MapsKt___MapsKt to metadata cache
[10:27:57] [main/TRACE] [mixin/]: Added class metadata for kotlin/collections/MapsKt___MapsJvmKt to metadata cache
[10:27:57] [main/TRACE] [mixin/]: Added class metadata for kotlin/collections/MapsKt__MapsKt to metadata cache
[10:27:57] [main/TRACE] [mixin/]: Added class metadata for kotlin/collections/MapsKt__MapsJVMKt to metadata cache
[10:27:57] [main/TRACE] [mixin/]: Added class metadata for kotlin/collections/MapsKt__MapWithDefaultKt to metadata cache
[10:27:57] [main/TRACE] [mixin/]: Added class metadata for gg/essential/handlers/GameProfileManager to metadata cache
[10:27:57] [main/TRACE] [mixin/]: Added class metadata for gg/essential/network/connectionmanager/subscription/SubscriptionManager$Listener to metadata cache
[10:27:57] [main/TRACE] [mixin/]: Added class metadata for java/util/Base64 to metadata cache
[10:27:57] [main/TRACE] [mixin/]: Added class metadata for gg/essential/api/utils/JsonHolder to metadata cache
[10:27:57] [main/TRACE] [mixin/]: Added class metadata for kotlin/jvm/functions/Function1 to metadata cache
[10:27:57] [main/TRACE] [mixin/]: Added class metadata for java/lang/invoke/MethodType to metadata cache
[10:27:57] [main/TRACE] [mixin/]: Added class metadata for java/lang/invoke/MethodHandle to metadata cache
[10:27:57] [main/TRACE] [mixin/]: Added class metadata for java/lang/invoke/CallSite to metadata cache
[10:27:57] [main/TRACE] [mixin/]: Added class metadata for java/lang/IllegalArgumentException to metadata cache
[10:27:57] [main/TRACE] [mixin/]: Added class metadata for java/lang/Enum to metadata cache
[10:27:57] [main/TRACE] [mixin/]: Added class metadata for kotlin/jvm/functions/Function2 to metadata cache
[10:27:57] [main/TRACE] [mixin/]: Added class metadata for gg/essential/model/backend/RenderBackend to metadata cache
[10:27:57] [main/TRACE] [mixin/]: Added class metadata for net/minecraft/util/ResourceLocation to metadata cache
[10:27:57] [main/TRACE] [mixin/]: Added class metadata for gg/essential/cosmetics/skinmask/SkinMask to metadata cache
[10:27:57] [main/TRACE] [mixin/]: Added class metadata for gg/essential/util/UIdentifier to metadata cache
[10:27:57] [main/TRACE] [mixin/]: Added class metadata for gg/essential/cosmetics/CosmeticSlot to metadata cache
[10:27:57] [main/TRACE] [mixin/]: Added class metadata for net/minecraft/client/renderer/texture/ITextureObject to metadata cache
[10:27:57] [main/TRACE] [mixin/]: Added class metadata for net/minecraft/client/renderer/texture/SimpleTexture to metadata cache
[10:27:57] [main/TRACE] [mixin/]: Added class metadata for net/minecraft/client/renderer/texture/AbstractTexture to metadata cache
[10:27:57] [main/INFO] [mixin/]: Mixing cosmetics.WorldMixin from mixins.hytils.json into net.minecraft.world.World
[10:27:57] [main/INFO] [mixin/]: Renaming synthetic method lambda$hytils$removeParticles$0(Ljava/lang/String;Lorg/spongepowered/asm/mixin/injection/callback/CallbackInfo;Ljava/lang/String;)V to md7ca026$lambda$hytils$removeParticles$0$0 in mixins.hytils.json:cosmetics.WorldMixin
[10:27:57] [main/TRACE] [mixin/]: Added class metadata for net/minecraft/util/EnumParticleTypes to metadata cache
[10:27:57] [main/TRACE] [mixin/]: Added class metadata for org/polyfrost/hytils/handlers/cache/CosmeticsHandler to metadata cache
[10:27:57] [main/DEBUG] [mixin/]: Mixing bugfixes.WorldMixin_SkyHeight from mixins.patcher.json into net.minecraft.world.World
[10:27:57] [main/DEBUG] [mixin/]: Mixing features.fullbright.WorldMixin_Fullbright from mixins.patcher.json into net.minecraft.world.World
[10:27:57] [main/TRACE] [mixin/]: Added class metadata for club/sk1er/patcher/util/world/render/FullbrightTicker to metadata cache
[10:27:57] [main/DEBUG] [mixin/]: Mixing performance.WorldMixin_EntityOptimization from mixins.patcher.json into net.minecraft.world.World
[10:27:57] [main/DEBUG] [mixin/]: Mixing performance.WorldMixin_FixEarlyLightInitialization from mixins.patcher.json into net.minecraft.world.World
[10:27:57] [main/DEBUG] [mixin/]: Mixing performance.WorldMixin_TileEntityUnload from mixins.patcher.json into net.minecraft.world.World
[10:27:57] [main/TRACE] [mixin/]: Added class metadata for club/sk1er/patcher/ducks/WorldExt to metadata cache
[10:27:57] [main/DEBUG] [mixin/]: Renaming synthetic method lambda$removeInUnloaded$1(Ljava/util/function/Predicate;Lnet/minecraft/tileentity/TileEntity;)Z to md7ca026$lambda$removeInUnloaded$1$1 in mixins.patcher.json:performance.WorldMixin_TileEntityUnload
[10:27:57] [main/DEBUG] [mixin/]: Renaming synthetic method lambda$removeInUnloaded$0(Lnet/minecraft/tileentity/TileEntity;)Z to md7ca026$lambda$removeInUnloaded$0$2 in mixins.patcher.json:performance.WorldMixin_TileEntityUnload
[10:27:57] [main/TRACE] [mixin/]: Added class metadata for it/unimi/dsi/fastutil/longs/LongOpenHashSet to metadata cache
[10:27:57] [main/TRACE] [mixin/]: Added class metadata for it/unimi/dsi/fastutil/longs/AbstractLongSet to metadata cache
[10:27:57] [main/TRACE] [mixin/]: Added class metadata for it/unimi/dsi/fastutil/longs/AbstractLongCollection to metadata cache
[10:27:57] [main/TRACE] [mixin/]: Added class metadata for it/unimi/dsi/fastutil/longs/LongCollection to metadata cache
[10:27:57] [main/TRACE] [mixin/]: Added class metadata for it/unimi/dsi/fastutil/longs/LongIterable to metadata cache
[10:27:57] [main/TRACE] [mixin/]: Added class metadata for it/unimi/dsi/fastutil/longs/LongSet to metadata cache
[10:27:57] [main/TRACE] [mixin/]: Added class metadata for it/unimi/dsi/fastutil/Hash to metadata cache
[10:27:57] [main/TRACE] [mixin/]: Added class metadata for net/minecraft/world/ChunkCoordIntPair to metadata cache
[10:27:57] [main/TRACE] [mixin/]: Added class metadata for java/util/function/Predicate to metadata cache
[10:27:57] [main/TRACE] [mixin/]: Added class metadata for net/minecraft/util/Vec3i to metadata cache
[10:27:57] [main/TRACE] [mixin/]: Added class metadata for net/minecraft/world/IBlockAccess to metadata cache
[10:27:57] [main/TRACE] [mixin/]: Added class metadata for net/minecraft/world/WorldProvider to metadata cache
[10:27:57] [main/TRACE] [mixin/]: Added class metadata for net/minecraft/util/AxisAlignedBB to metadata cache
[10:27:57] [main/TRACE] [mixin/]: Added class metadata for net/minecraft/world/EnumSkyBlock to metadata cache
[10:27:57] [main/WARN] [mixin/]: @ModifyConstant conflict. Skipping mixins.patcher.json:performance.WorldMixin_FixEarlyLightInitialization->@ModifyConstant::patcher$modifyRange2(I)I with priority 1000, already redirected by mixins.patcher.json:performance.WorldMixin_FixEarlyLightInitialization->@ModifyConstant::patcher$modifyRange(I)I with priority 1000
[10:27:57] [main/DEBUG] [mixin/]: Mixing feature.particles.Mixin_AddParticleSystemToClientWorld from mixins.essential.json into net.minecraft.client.multiplayer.WorldClient
[10:27:57] [main/TRACE] [mixin/]: Added class metadata for gg/essential/mixins/ext/client/ParticleSystemHolder to metadata cache
[10:27:57] [main/DEBUG] [mixin/]: Renaming synthetic method lambda$new$0(Lgg/essential/model/ModelAnimationState$SoundEvent;)Lkotlin/Unit; to md7ca026$lambda$new$0$0 in mixins.essential.json:feature.particles.Mixin_AddParticleSystemToClientWorld
[10:27:57] [main/TRACE] [mixin/]: Added class metadata for gg/essential/model/ParticleSystem to metadata cache
[10:27:57] [main/TRACE] [mixin/]: Added class metadata for kotlin/random/Random to metadata cache
[10:27:57] [main/TRACE] [mixin/]: Added class metadata for gg/essential/model/backend/minecraft/WorldCollisionProvider to metadata cache
[10:27:57] [main/TRACE] [mixin/]: Added class metadata for gg/essential/model/collision/CollisionProvider to metadata cache
[10:27:57] [main/TRACE] [mixin/]: Added class metadata for gg/essential/model/backend/minecraft/WorldLightProvider to metadata cache
[10:27:57] [main/TRACE] [mixin/]: Added class metadata for gg/essential/model/light/LightProvider to metadata cache
[10:27:57] [main/TRACE] [mixin/]: Added class metadata for gg/essential/handlers/EssentialSoundManager to metadata cache
[10:27:57] [main/INFO] [mixin/]: Mixing WorldClientMixin from mixins.oneconfig.json into net.minecraft.client.multiplayer.WorldClient
[10:27:57] [main/TRACE] [mixin/]: Added class metadata for cc/polyfrost/oneconfig/events/event/WorldLoadEvent to metadata cache
[10:27:57] [main/DEBUG] [mixin/]: Mixing performance.WorldClientMixin_AnimationTick from mixins.patcher.json into net.minecraft.client.multiplayer.WorldClient
[10:27:57] [main/TRACE] [mixin/]: Added class metadata for net/minecraft/world/WorldSettings to metadata cache
[10:27:57] [main/TRACE] [mixin/]: Added class metadata for net/minecraft/world/EnumDifficulty to metadata cache
[10:27:57] [main/TRACE] [mixin/]: Added class metadata for net/minecraft/profiler/Profiler to metadata cache
[10:27:57] [main/INFO] [mixin/]: Mixing GuiIngameAccessor from mixins.evergreenhud.json into net.minecraft.client.gui.GuiIngame
[10:27:57] [main/INFO] [mixin/]: Mixing GuiIngameAccessor from mixins.hytils.json into net.minecraft.client.gui.GuiIngame
[10:27:57] [main/INFO] [mixin/]: Mixing GuiIngameAccessor from mixins.polycrosshair.json into net.minecraft.client.gui.GuiIngame
[10:27:57] [main/INFO] [mixin/]: Mixing GuiIngameMixin from mixins.polycrosshair.json into net.minecraft.client.gui.GuiIngame
[10:27:57] [main/TRACE] [mixin/]: Added class metadata for org/polyfrost/crosshair/config/ModConfig to metadata cache
[10:27:57] [main/TRACE] [mixin/]: Added class metadata for org/polyfrost/crosshair/config/RenderConfig to metadata cache
[10:27:57] [main/DEBUG] [mixin/]: Mixing accessors.GuiIngameAccessor from mixins.patcher.json into net.minecraft.client.gui.GuiIngame
[10:27:57] [main/DEBUG] [mixin/]: Mixing bugfixes.GuiIngameMixin_RemoveSpectatorPumpkinOverlay from mixins.patcher.json into net.minecraft.client.gui.GuiIngame
[10:27:57] [main/DEBUG] [mixin/]: Mixing bugfixes.GuiIngameMixin_ScoreboardTextTransparency from mixins.patcher.json into net.minecraft.client.gui.GuiIngame
[10:27:57] [main/DEBUG] [mixin/]: Mixing features.GuiIngameMixin_PumpkinBlurRendering from mixins.patcher.json into net.minecraft.client.gui.GuiIngame
[10:27:57] [main/DEBUG] [mixin/]: Mixing performance.hudcaching.GuiIngameMixin_HUDCaching from mixins.patcher.json into net.minecraft.client.gui.GuiIngame
[10:27:57] [main/TRACE] [mixin/]: Added class metadata for club/sk1er/patcher/screen/render/caching/HUDCaching to metadata cache
[10:27:57] [main/DEBUG] [mixin/]: Unexpected: Registered method setDisplayedSubTitle(Ljava/lang/String;)V in net.minecraft.client.gui.GuiIngame was not merged
[10:27:57] [main/DEBUG] [mixin/]: Unexpected: Registered method setDisplayedTitle(Ljava/lang/String;)V in net.minecraft.client.gui.GuiIngame was not merged
[10:27:57] [main/INFO] [mixin/]: Mixing GuiIngameForgeMixin_HideActionbar from mixins.hytils.json into net.minecraftforge.client.GuiIngameForge
[10:27:57] [main/TRACE] [mixin/]: Added class metadata for cc/polyfrost/oneconfig/utils/hypixel/HypixelUtils to metadata cache
[10:27:57] [main/INFO] [mixin/]: Mixing GuiIngameForgeMixin from mixins.oneconfig.json into net.minecraftforge.client.GuiIngameForge
[10:27:57] [main/TRACE] [mixin/]: Added class metadata for cc/polyfrost/oneconfig/libs/universal/UMatrixStack to metadata cache
[10:27:57] [main/TRACE] [mixin/]: Added class metadata for cc/polyfrost/oneconfig/events/event/HudRenderEvent to metadata cache
[10:27:57] [main/INFO] [mixin/]: Mixing GuiIngameForgeMixin_HideHotbar from mixins.hytils.json into net.minecraftforge.client.GuiIngameForge
[10:27:57] [main/INFO] [mixin/]: Mixing GuiIngameForgeMixin_TitleEvent from mixins.hytils.json into net.minecraftforge.client.GuiIngameForge
[10:27:57] [main/TRACE] [mixin/]: Added class metadata for org/polyfrost/hytils/handlers/game/hardcore/HardcoreStatus to metadata cache
[10:27:57] [main/TRACE] [mixin/]: Added class metadata for org/polyfrost/hytils/events/TitleEvent to metadata cache
[10:27:57] [main/DEBUG] [mixin/]: Mixing accessors.GuiIngameForgeAccessor from mixins.patcher.json into net.minecraftforge.client.GuiIngameForge
[10:27:57] [main/DEBUG] [mixin/]: Mixing bugfixes.GuiIngameForgeMixin_FixProfilerSection from mixins.patcher.json into net.minecraftforge.client.GuiIngameForge
[10:27:57] [main/DEBUG] [mixin/]: Mixing bugfixes.GuiIngameForgeMixin_HotbarAlpha from mixins.patcher.json into net.minecraftforge.client.GuiIngameForge
[10:27:57] [main/DEBUG] [mixin/]: Mixing features.GuiIngameForgeMixin_TitleRendering from mixins.patcher.json into net.minecraftforge.client.GuiIngameForge
[10:27:57] [main/TRACE] [mixin/]: Added class metadata for cc/polyfrost/oneconfig/libs/universal/UResolution to metadata cache
[10:27:57] [main/DEBUG] [mixin/]: Mixing performance.hudcaching.GuiIngameForgeMixin_HUDCaching from mixins.patcher.json into net.minecraftforge.client.GuiIngameForge
[10:27:57] [main/DEBUG] [mixin/]: Mixing client.gui.MixinGuiMainMenu from mixins.essential.json into net.minecraft.client.gui.GuiMainMenu
[10:27:57] [main/TRACE] [mixin/]: Added class metadata for gg/essential/mixins/impl/client/gui/GuiMainMenuHook to metadata cache
[10:27:57] [main/DEBUG] [mixin/]: Mixing accessors.GuiMainMenuAccessor from mixins.patcher.json into net.minecraft.client.gui.GuiMainMenu
[10:27:57] [main/TRACE] [mixin/]: Added class metadata for java/io/IOException to metadata cache
[10:27:57] [main/TRACE] [mixin/]: Added class metadata for java/util/ArrayList to metadata cache
[10:27:57] [main/TRACE] [mixin/]: Added class metadata for java/util/AbstractList to metadata cache
[10:27:57] [main/TRACE] [mixin/]: Added class metadata for net/minecraft/realms/RealmsBridge to metadata cache
[10:27:57] [main/DEBUG] [mixin/]: Mixing client.gui.MixinGuiChat from mixins.essential.json into net.minecraft.client.gui.GuiChat
[10:27:57] [main/TRACE] [mixin/]: Added class metadata for gg/essential/commands/EssentialCommandRegistry to metadata cache
[10:27:57] [main/TRACE] [mixin/]: Added class metadata for com/google/common/collect/ObjectArrays to metadata cache
[10:27:57] [main/INFO] [mixin/]: Mixing GuiChatMixin_PlayAutocomplete from mixins.hytils.json into net.minecraft.client.gui.GuiChat
[10:27:57] [main/DEBUG] [mixin/]: Mixing features.GuiChatMixin_ExtendedChatLength from mixins.patcher.json into net.minecraft.client.gui.GuiChat
[10:27:57] [main/TRACE] [mixin/]: Added class metadata for club/sk1er/patcher/asm/render/screen/GuiChatTransformer to metadata cache
[10:27:57] [main/DEBUG] [mixin/]: Mixing client.gui.Mixin_UI3DPlayer_Camera from mixins.essential.json into net.minecraft.client.gui.inventory.GuiInventory
[10:27:57] [main/TRACE] [mixin/]: Added class metadata for gg/essential/gui/common/UI3DPlayer to metadata cache
[10:27:57] [main/DEBUG] [mixin/]: Mixing client.gui.inventory.Mixin_TrackInventoryPlayerRendering from mixins.essential.json into net.minecraft.client.gui.inventory.GuiInventory
[10:27:57] [main/TRACE] [mixin/]: Added class metadata for gg/essential/mixins/impl/client/gui/GuiInventoryExt to metadata cache
[10:27:57] [main/DEBUG] [mixin/]: Mixing features.containeropacity.GuiInventoryMixin_ContainerOpacity from mixins.patcher.json into net.minecraft.client.gui.inventory.GuiInventory
[10:27:57] [main/TRACE] [mixin/]: Added class metadata for club/sk1er/patcher/hooks/ContainerOpacityHook to metadata cache
[10:27:57] [main/DEBUG] [mixin/]: Mixing bugfixes.InventoryEffectRendererMixin_FixPotionEffectNumerals from mixins.patcher.json into net.minecraft.client.renderer.InventoryEffectRenderer
[10:27:57] [main/TRACE] [mixin/]: Added class metadata for club/sk1er/patcher/util/RomanNumerals to metadata cache
[10:27:57] [main/TRACE] [mixin/]: Added class metadata for net/minecraft/client/resources/I18n to metadata cache
[10:27:57] [main/DEBUG] [mixin/]: Mixing bugfixes.GuiContainerMixin_SplitRemnants from mixins.patcher.json into net.minecraft.client.gui.inventory.GuiContainer
[10:27:57] [main/DEBUG] [mixin/]: Mixing bugfixes.gui.GuiContainerMixin_Alpha from mixins.patcher.json into net.minecraft.client.gui.inventory.GuiContainer
[10:27:57] [main/DEBUG] [mixin/]: Mixing bugfixes.mousebindfix.GuiContainerMixin_MouseBindFix from mixins.patcher.json into net.minecraft.client.gui.inventory.GuiContainer
[10:27:57] [main/DEBUG] [mixin/]: Mixing bugfixes.mousebindfix.GuiContainerMixin_MouseBindFixThatLabyBreaks from mixins.patcher.json into net.minecraft.client.gui.inventory.GuiContainer
[10:27:57] [main/DEBUG] [mixin/]: Mixing features.GuiContainerMixin_ClickOutOfContainers from mixins.patcher.json into net.minecraft.client.gui.inventory.GuiContainer
[10:27:57] [main/DEBUG] [mixin/]: Mixing features.GuiContainerMixin_DropModifierKey from mixins.patcher.json into net.minecraft.client.gui.inventory.GuiContainer
[10:27:57] [main/TRACE] [mixin/]: Added class metadata for net/minecraft/inventory/Slot to metadata cache
[10:27:57] [main/INFO] [mixin/]: Mixing MixinMovementInputFromOptions from mixins.polysprint.json into net.minecraft.util.MovementInputFromOptions
[10:27:57] [main/DEBUG] [mixin/]: Mixing bugfixes.crashes.NBTTagCompoundMixin_FailFast from mixins.patcher.json into net.minecraft.nbt.NBTTagCompound
[10:27:57] [main/DEBUG] [mixin/]: Mixing performance.NBTTagStringMixin_DataCache from mixins.patcher.json into net.minecraft.nbt.NBTTagString
[10:27:57] [main/DEBUG] [mixin/]: Mixing bugfixes.GuiGameOverMixin_ResolveButtonClick from mixins.patcher.json into net.minecraft.client.gui.GuiGameOver
[10:27:57] [main/DEBUG] [mixin/]: Mixing bugfixes.UtilMixin_StopLogSpam from mixins.patcher.json into net.minecraft.util.Util
[10:27:57] [main/TRACE] [mixin/]: Added class metadata for java/util/concurrent/FutureTask to metadata cache
[10:27:57] [main/TRACE] [mixin/]: Added class metadata for java/lang/InterruptedException to metadata cache
[10:27:57] [main/TRACE] [mixin/]: Added class metadata for java/util/concurrent/ExecutionException to metadata cache
[10:27:57] [Client thread/DEBUG] [mixin/]: Mixing feature.difficulty.server.Mixin_BroadcastServerDifficultyChanges from mixins.essential.json into net.minecraft.server.MinecraftServer
[10:27:57] [Client thread/TRACE] [mixin/]: Added class metadata for gg/essential/compatibility/vanilla/difficulty/Net to metadata cache
[10:27:57] [Client thread/TRACE] [mixin/]: Added class metadata for gg/essential/compatibility/vanilla/difficulty/UpdateDifficulty to metadata cache
[10:27:57] [Client thread/TRACE] [mixin/]: Added class metadata for net/minecraftforge/fml/common/network/simpleimpl/IMessage to metadata cache
[10:27:57] [Client thread/TRACE] [mixin/]: Added class metadata for net/minecraftforge/fml/common/network/simpleimpl/SimpleNetworkWrapper to metadata cache
[10:27:57] [Client thread/DEBUG] [mixin/]: Mixing server.MinecraftServerAccessor from mixins.essential.json into net.minecraft.server.MinecraftServer
[10:27:57] [Client thread/DEBUG] [mixin/]: Mixing server.MinecraftServerMixin_PvPGameRule from mixins.essential.json into net.minecraft.server.MinecraftServer
[10:27:57] [Client thread/TRACE] [mixin/]: Added class metadata for gg/essential/handlers/EssentialGameRules to metadata cache
[10:27:57] [Client thread/DEBUG] [mixin/]: Mixing server.Mixin_ServerCoroutineScope from mixins.essential.json into net.minecraft.server.MinecraftServer
[10:27:57] [Client thread/TRACE] [mixin/]: Added class metadata for gg/essential/mixins/ext/server/MinecraftServerExt to metadata cache
[10:27:57] [Client thread/TRACE] [mixin/]: Added class metadata for gg/essential/util/SingleThreadDispatcher to metadata cache
[10:27:57] [Client thread/TRACE] [mixin/]: Added class metadata for kotlinx/coroutines/CoroutineDispatcher to metadata cache
[10:27:57] [Client thread/TRACE] [mixin/]: Added class metadata for kotlin/coroutines/AbstractCoroutineContextElement to metadata cache
[10:27:57] [Client thread/TRACE] [mixin/]: Added class metadata for kotlin/coroutines/CoroutineContext$Element to metadata cache
[10:27:57] [Client thread/TRACE] [mixin/]: Added class metadata for kotlin/coroutines/CoroutineContext to metadata cache
[10:27:57] [Client thread/TRACE] [mixin/]: Added class metadata for kotlin/coroutines/ContinuationInterceptor to metadata cache
[10:27:57] [Client thread/TRACE] [mixin/]: Added class metadata for kotlinx/coroutines/SupervisorKt to metadata cache
[10:27:57] [Client thread/TRACE] [mixin/]: Added class metadata for kotlinx/coroutines/CompletableJob to metadata cache
[10:27:57] [Client thread/TRACE] [mixin/]: Added class metadata for kotlinx/coroutines/Job to metadata cache
[10:27:57] [Client thread/TRACE] [mixin/]: Added class metadata for kotlinx/coroutines/CoroutineScopeKt to metadata cache
[10:27:57] [Client thread/DEBUG] [mixin/]: Mixing server.Mixin_PublishServerStatusResponse from mixins.essential.json into net.minecraft.server.MinecraftServer
[10:27:57] [Client thread/TRACE] [mixin/]: Added class metadata for gg/essential/network/connectionmanager/sps/SPSManager to metadata cache
[10:27:57] [Client thread/TRACE] [mixin/]: Added class metadata for io/netty/buffer/Unpooled to metadata cache
[10:27:57] [Client thread/TRACE] [mixin/]: Added class metadata for net/minecraft/network/PacketBuffer to metadata cache
[10:27:57] [Client thread/TRACE] [mixin/]: Added class metadata for io/netty/buffer/ByteBuf to metadata cache
[10:27:57] [Client thread/TRACE] [mixin/]: Added class metadata for io/netty/util/ReferenceCounted to metadata cache
[10:27:57] [Client thread/TRACE] [mixin/]: Added class metadata for net/minecraft/network/status/server/S00PacketServerInfo to metadata cache
[10:27:57] [Client thread/TRACE] [mixin/]: Added class metadata for net/minecraft/network/Packet to metadata cache
[10:27:57] [Client thread/DEBUG] [mixin/]: Mixing server.integrated.Mixin_SetGameType from mixins.essential.json into net.minecraft.server.MinecraftServer
[10:27:57] [Client thread/DEBUG] [mixin/]: Renaming synthetic method lambda$onSetGameType$0(Lnet/minecraft/world/WorldSettings$GameType;)V to md7ca026$lambda$onSetGameType$0$0 in mixins.essential.json:server.integrated.Mixin_SetGameType
[10:27:57] [Client thread/TRACE] [mixin/]: Added class metadata for gg/essential/util/ExtensionsKt to metadata cache
[10:27:57] [Client thread/DEBUG] [mixin/]: Mixing features.MinecraftServerMixin_Metrics from mixins.patcher.json into net.minecraft.server.MinecraftServer
[10:27:57] [Client thread/TRACE] [mixin/]: Added class metadata for club/sk1er/patcher/hooks/MinecraftServerHook to metadata cache
[10:27:57] [Client thread/DEBUG] [mixin/]: Mixing performance.MinecraftServerMixin_MemoryLeak from mixins.patcher.json into net.minecraft.server.MinecraftServer
[10:27:57] [Client thread/TRACE] [mixin/]: Added class metadata for gg/essential/sps/McIntegratedServerManager to metadata cache
[10:27:57] [Client thread/TRACE] [mixin/]: Added class metadata for net/minecraftforge/fml/common/StartupQuery$AbortedException to metadata cache
[10:27:57] [Client thread/DEBUG] [mixin/]: Mixing accessors.RegistrySimpleAccessor from mixins.patcher.json into net.minecraft.util.RegistrySimple
[10:27:57] [Client thread/DEBUG] [mixin/]: Mixing features.ChatStyleMixin_ModifyHoverEvent from mixins.patcher.json into net.minecraft.util.ChatStyle
[10:27:57] [Client thread/TRACE] [mixin/]: Added class metadata for net/minecraft/event/ClickEvent to metadata cache
[10:27:57] [Client thread/TRACE] [mixin/]: Added class metadata for club/sk1er/patcher/util/chat/ChatUtilities to metadata cache
[10:27:57] [Client thread/TRACE] [mixin/]: Added class metadata for net/minecraft/util/ChatComponentText to metadata cache
[10:27:57] [Client thread/TRACE] [mixin/]: Added class metadata for net/minecraft/util/ChatComponentStyle to metadata cache
[10:27:57] [Client thread/TRACE] [mixin/]: Added class metadata for club/sk1er/patcher/util/chat/ChatHandler to metadata cache
[10:27:57] [Client thread/DEBUG] [mixin/]: Mixing feature.difficulty.server.Mixin_RemoveUnsafeDifficultyChecks from mixins.essential.json into net.minecraft.server.integrated.IntegratedServer
[10:27:57] [Client thread/DEBUG] [mixin/]: Mixing feature.difficulty.server.Mixin_UseDifficultyFromLevel from mixins.essential.json into net.minecraft.server.integrated.IntegratedServer
[10:27:57] [Client thread/TRACE] [mixin/]: Added class metadata for java/lang/IllegalStateException to metadata cache
[10:27:57] [Client thread/TRACE] [mixin/]: Added class metadata for net/minecraft/world/WorldServer to metadata cache
[10:27:57] [Client thread/TRACE] [mixin/]: Added class metadata for java/lang/NullPointerException to metadata cache
[10:27:57] [Client thread/DEBUG] [mixin/]: Mixing server.Mixin_ServerCoroutineScope_IntegratedServer from mixins.essential.json into net.minecraft.server.integrated.IntegratedServer
[10:27:57] [Client thread/DEBUG] [mixin/]: Mixing server.integrated.Mixin_IntegratedServerManager from mixins.essential.json into net.minecraft.server.integrated.IntegratedServer
[10:27:57] [Client thread/TRACE] [mixin/]: Added class metadata for gg/essential/sps/IntegratedServerManager to metadata cache
[10:27:57] [Client thread/DEBUG] [mixin/]: Mixing server.integrated.MixinIntegratedServer from mixins.essential.json into net.minecraft.server.integrated.IntegratedServer
[10:27:57] [Client thread/TRACE] [mixin/]: Added class metadata for java/util/concurrent/TimeUnit to metadata cache
[10:27:57] [Client thread/TRACE] [mixin/]: Added class metadata for com/google/common/util/concurrent/Uninterruptibles to metadata cache
[10:27:57] [Client thread/TRACE] [mixin/]: Added class metadata for java/net/Proxy to metadata cache
[10:27:57] [Client thread/TRACE] [mixin/]: Added class metadata for java/util/concurrent/Future to metadata cache
[10:27:57] [Client thread/DEBUG] [mixin/]: Mixing feature.sps.Mixin_PlayerJoinSessionEvent from mixins.essential.json into net.minecraft.server.management.ServerConfigurationManager
[10:27:57] [Client thread/DEBUG] [mixin/]: Renaming synthetic method lambda$essential$playerJoinedSession$1(Lcom/mojang/authlib/GameProfile;)V to md7ca026$lambda$essential$playerJoinedSession$1$0 in mixins.essential.json:feature.sps.Mixin_PlayerJoinSessionEvent
[10:27:57] [Client thread/DEBUG] [mixin/]: Renaming synthetic method lambda$essential$playerJoinedSession$0(Lnet/minecraft/server/MinecraftServer;Ljava/util/UUID;)V to md7ca026$lambda$essential$playerJoinedSession$0$1 in mixins.essential.json:feature.sps.Mixin_PlayerJoinSessionEvent
[10:27:57] [Client thread/TRACE] [mixin/]: Added class metadata for net/minecraft/entity/player/EntityPlayerMP to metadata cache
[10:27:57] [Client thread/TRACE] [mixin/]: Added class metadata for gg/essential/event/sps/PlayerJoinSessionEvent to metadata cache
[10:27:57] [Client thread/TRACE] [mixin/]: Added class metadata for gg/essential/gui/elementa/state/v2/ListKt to metadata cache
[10:27:57] [Client thread/DEBUG] [mixin/]: Mixing feature.sps.Mixin_PlayerLeaveSessionEvent from mixins.essential.json into net.minecraft.server.management.ServerConfigurationManager
[10:27:57] [Client thread/DEBUG] [mixin/]: Renaming synthetic method lambda$essential$playerLeaveSession$1(Lcom/mojang/authlib/GameProfile;)V to md7ca026$lambda$essential$playerLeaveSession$1$2 in mixins.essential.json:feature.sps.Mixin_PlayerLeaveSessionEvent
[10:27:57] [Client thread/DEBUG] [mixin/]: Renaming synthetic method lambda$essential$playerLeaveSession$0(Lnet/minecraft/server/MinecraftServer;Ljava/util/UUID;)V to md7ca026$lambda$essential$playerLeaveSession$0$3 in mixins.essential.json:feature.sps.Mixin_PlayerLeaveSessionEvent
[10:27:57] [Client thread/TRACE] [mixin/]: Added class metadata for gg/essential/event/sps/PlayerLeaveSessionEvent to metadata cache
[10:27:57] [Client thread/DEBUG] [mixin/]: Mixing server.Mixin_InvertPlayerDataPriority from mixins.essential.json into net.minecraft.server.management.ServerConfigurationManager
[10:27:57] [Client thread/TRACE] [mixin/]: Added class metadata for gg/essential/mixins/impl/forge/PlayerListHook to metadata cache
[10:27:57] [Client thread/TRACE] [mixin/]: Added class metadata for net/minecraft/world/storage/IPlayerFileData to metadata cache
[10:27:57] [Client thread/DEBUG] [mixin/]: Mixing server.integrated.LanConnectionsAccessor from mixins.essential.json into net.minecraft.server.management.ServerConfigurationManager
[10:27:57] [Client thread/TRACE] [mixin/]: Added class metadata for net/minecraft/network/NetHandlerPlayServer to metadata cache
[10:27:57] [Client thread/TRACE] [mixin/]: Added class metadata for net/minecraft/world/demo/DemoWorldManager to metadata cache
[10:27:57] [Client thread/TRACE] [mixin/]: Added class metadata for net/minecraft/server/management/ItemInWorldManager to metadata cache
[10:27:57] [Client thread/DEBUG] [mixin/]: Mixing bugfixes.CommandHandlerMixin_CaseCommands from mixins.patcher.json into net.minecraft.command.CommandHandler
[10:27:57] [Client thread/TRACE] [mixin/]: Added class metadata for java/util/Locale to metadata cache
[10:27:57] [Client thread/TRACE] [mixin/]: Added class metadata for net/minecraft/command/ICommandManager to metadata cache
[10:27:57] [Client thread/TRACE] [mixin/]: Added class metadata for net/minecraftforge/event/CommandEvent to metadata cache
[10:27:57] [Client thread/TRACE] [mixin/]: Added class metadata for net/minecraft/util/ChatComponentTranslation to metadata cache
[10:27:57] [Client thread/TRACE] [mixin/]: Added class metadata for net/minecraft/command/CommandException to metadata cache
[10:27:57] [Client thread/TRACE] [mixin/]: Added class metadata for net/minecraft/command/WrongUsageException to metadata cache
[10:27:57] [Client thread/TRACE] [mixin/]: Added class metadata for net/minecraft/command/SyntaxErrorException to metadata cache
[10:27:57] [Client thread/DEBUG] [mixin/]: Mixing accessors.BlockAccessor from mixins.patcher.json into net.minecraft.block.Block
[10:27:57] [Client thread/DEBUG] [mixin/]: Mixing bugfixes.forge.BlockMixin_VanillaSlabChests from mixins.patcher.json into net.minecraft.block.Block
[10:27:57] [Client thread/TRACE] [mixin/]: Added class metadata for club/sk1er/patcher/ducks/BlockExt to metadata cache
[10:27:57] [Client thread/DEBUG] [mixin/]: Mixing features.cropheight.BlockMixin_CropHitbox from mixins.patcher.json into net.minecraft.block.Block
[10:27:57] [Client thread/DEBUG] [mixin/]: Mixing performance.forge.FMLControlledNamespacedRegistryMixin_TrimAvailabilityMap from mixins.patcher.json into net.minecraftforge.fml.common.registry.FMLControlledNamespacedRegistry
[10:27:57] [Client thread/TRACE] [mixin/]: Added class metadata for net/minecraft/util/RegistryNamespacedDefaultedByKey to metadata cache
[10:27:57] [Client thread/TRACE] [mixin/]: Added class metadata for net/minecraft/util/RegistryNamespaced to metadata cache
[10:27:57] [Client thread/TRACE] [mixin/]: Added class metadata for java/util/BitSet to metadata cache
[10:27:57] [Client thread/TRACE] [mixin/]: Added class metadata for net/minecraftforge/fml/relauncher/ReflectionHelper to metadata cache
[10:27:57] [Client thread/TRACE] [mixin/]: Added class metadata for net/minecraft/util/IRegistry to metadata cache
[10:27:57] [Client thread/TRACE] [mixin/]: Added class metadata for net/minecraft/util/IObjectIntIterable to metadata cache
[10:27:57] [Client thread/DEBUG] [mixin/]: Mixing bugfixes.EntityXPOrbMixin_AdjustHeight from mixins.patcher.json into net.minecraft.entity.item.EntityXPOrb
[10:27:57] [Client thread/DEBUG] [mixin/]: Mixing accessors.ItemAccessor from mixins.patcher.json into net.minecraft.item.Item
[10:27:57] [Client thread/DEBUG] [mixin/]: Renaming @Accessor method getItemModifierUUID()Ljava/util/UUID; to getItemModifierUUID_$md$7ca026$0 in mixins.patcher.json:accessors.ItemAccessor
[10:27:57] [Client thread/DEBUG] [mixin/]: Mixing bugfixes.forge.BlockChestMixin_VanillaSlabChests from mixins.patcher.json into net.minecraft.block.BlockChest
[10:27:57] [Client thread/TRACE] [mixin/]: Added class metadata for net/minecraft/block/BlockContainer to metadata cache
[10:27:57] [Client thread/TRACE] [mixin/]: Added class metadata for net/minecraft/block/state/IBlockState to metadata cache
[10:27:57] [Client thread/TRACE] [mixin/]: Added class metadata for net/minecraft/block/ITileEntityProvider to metadata cache
[10:27:57] [Client thread/TRACE] [mixin/]: Added class metadata for net/minecraft/inventory/InventoryLargeChest to metadata cache
[10:27:57] [Client thread/TRACE] [mixin/]: Added class metadata for net/minecraft/tileentity/TileEntityChest to metadata cache
[10:27:57] [Client thread/TRACE] [mixin/]: Added class metadata for net/minecraft/tileentity/TileEntityLockable to metadata cache
[10:27:57] [Client thread/DEBUG] [mixin/]: Mixing features.cropheight.BlockCactusMixin_CropHitbox from mixins.patcher.json into net.minecraft.block.BlockCactus
[10:27:57] [Client thread/TRACE] [mixin/]: Added class metadata for cc/polyfrost/oneconfig/libs/universal/UMinecraft to metadata cache
[10:27:57] [Client thread/TRACE] [mixin/]: Added class metadata for club/sk1er/patcher/hooks/CropUtilities to metadata cache
[10:27:57] [Client thread/TRACE] [mixin/]: Added class metadata for net/minecraftforge/common/IPlantable to metadata cache
[10:27:57] [Client thread/DEBUG] [mixin/]: Mixing bugfixes.forge.BlockPaneMixin_VanillaPanes from mixins.patcher.json into net.minecraft.block.BlockPane
[10:27:57] [Client thread/DEBUG] [mixin/]: Mixing performance.EnumFacingMixin_ReduceAllocations from mixins.patcher.json into net.minecraft.util.EnumFacing
[10:27:57] [Client thread/TRACE] [mixin/]: Added class metadata for java/util/Random to metadata cache
[10:27:57] [Client thread/TRACE] [mixin/]: Added class metadata for net/minecraft/util/IStringSerializable to metadata cache
[10:27:57] [Client thread/DEBUG] [mixin/]: Mixing performance.BlockPosMixin_ReduceAllocations from mixins.patcher.json into net.minecraft.util.BlockPos
[10:27:57] [Client thread/DEBUG] [mixin/]: Mixing features.TileEntityMixin_RenderDistance from mixins.patcher.json into net.minecraft.tileentity.TileEntity
[10:27:57] [Client thread/TRACE] [mixin/]: Added class metadata for java/lang/Double to metadata cache
[10:27:58] [Client thread/DEBUG] [mixin/]: Mixing features.cropheight.BlockCropsMixin_CropHeight from mixins.patcher.json into net.minecraft.block.BlockCrops
[10:27:58] [Client thread/TRACE] [mixin/]: Added class metadata for net/minecraft/block/IGrowable to metadata cache
[10:27:58] [Client thread/DEBUG] [mixin/]: Mixing performance.BlockRedstoneTorchMixin_MemoryLeak from mixins.patcher.json into net.minecraft.block.BlockRedstoneTorch
[10:27:58] [Client thread/TRACE] [mixin/]: Added class metadata for net/minecraft/block/BlockTorch to metadata cache
[10:27:58] [Client thread/TRACE] [mixin/]: Added class metadata for java/util/WeakHashMap to metadata cache
[10:27:58] [Client thread/TRACE] [mixin/]: Added class metadata for java/util/AbstractMap to metadata cache
[10:27:58] [Client thread/DEBUG] [mixin/]: Mixing features.cropheight.BlockNetherWartMixin_CropHeight from mixins.patcher.json into net.minecraft.block.BlockNetherWart
[10:27:58] [Client thread/DEBUG] [mixin/]: Mixing accessors.EntityArrowAccessor from mixins.patcher.json into net.minecraft.entity.projectile.EntityArrow
[10:27:58] [Client thread/DEBUG] [mixin/]: Mixing accessors.ItemStackAccessor from mixins.patcher.json into net.minecraft.item.ItemStack
[10:27:58] [Client thread/DEBUG] [mixin/]: Mixing bugfixes.render.item.ItemStackMixin_HexColorTooltip from mixins.patcher.json into net.minecraft.item.ItemStack
[10:27:58] [Client thread/DEBUG] [mixin/]: Mixing performance.render.item.ItemStackMixin_CacheDisplayName from mixins.patcher.json into net.minecraft.item.ItemStack
[10:27:58] [Client thread/TRACE] [mixin/]: Added class metadata for com/google/common/collect/HashMultimap to metadata cache
[10:27:58] [Client thread/TRACE] [mixin/]: Added class metadata for com/google/common/collect/Multimap to metadata cache
[10:27:58] [Client thread/TRACE] [mixin/]: Added class metadata for com/google/common/collect/AbstractSetMultimap to metadata cache
[10:27:58] [Client thread/TRACE] [mixin/]: Added class metadata for com/google/common/collect/AbstractMapBasedMultimap to metadata cache
[10:27:58] [Client thread/TRACE] [mixin/]: Added class metadata for com/google/common/collect/AbstractMultimap to metadata cache
[10:27:58] [Client thread/DEBUG] [mixin/]: Mixing accessors.EventBusAccessor from mixins.patcher.json into net.minecraftforge.fml.common.eventhandler.EventBus
[10:27:58] [Client thread/INFO] [mixin/]: Mixing EventBusMixin from mixins.oneconfig.json into net.minecraftforge.fml.common.eventhandler.EventBus
[10:27:58] [Client thread/TRACE] [mixin/]: Added class metadata for net/minecraftforge/client/event/ClientChatReceivedEvent to metadata cache
[10:27:58] [Client thread/TRACE] [mixin/]: Added class metadata for cc/polyfrost/oneconfig/events/event/ChatReceiveEvent to metadata cache
[10:27:58] [Client thread/TRACE] [mixin/]: Added class metadata for net/minecraftforge/fml/common/eventhandler/IEventExceptionHandler to metadata cache
[10:27:58] [Client thread/TRACE] [mixin/]: Added class metadata for net/minecraftforge/fml/common/MinecraftDummyContainer to metadata cache
[10:27:58] [Client thread/TRACE] [mixin/]: Added class metadata for net/minecraftforge/fml/common/DummyModContainer to metadata cache
[10:27:58] [Client thread/TRACE] [mixin/]: Added class metadata for java/lang/reflect/Constructor to metadata cache
[10:27:58] [Client thread/DEBUG] [mixin/]: Mixing client.multiplayer.MixinServerData from mixins.essential.json into net.minecraft.client.multiplayer.ServerData
[10:27:58] [Client thread/TRACE] [mixin/]: Added class metadata for gg/essential/mixins/ext/client/multiplayer/ServerDataExt to metadata cache
[10:27:58] [Client thread/TRACE] [mixin/]: Added class metadata for java/lang/Long to metadata cache
[10:27:59] [Client thread/INFO] [Essential - DI/]: Starting DI!
[10:27:59] [Client thread/INFO] [Essential - Connection/]: Authenticating to Mojang as TechProKing (55ec3042-107a-413f-a189-3a26292be9df)
[10:27:59] [Client thread/DEBUG] [mixin/]: Mixing resources.AbstractResourcePackMixin_Ext from mixins.essential.json into net.minecraft.client.resources.AbstractResourcePack
[10:27:59] [Client thread/TRACE] [mixin/]: Added class metadata for gg/essential/mixins/ext/client/resource/ResourcePackWithPath to metadata cache
[10:27:59] [Client thread/DEBUG] [mixin/]: Mixing features.AbstractResourcePackMixin_DownscaleImages from mixins.patcher.json into net.minecraft.client.resources.AbstractResourcePack
[10:27:59] [Client thread/TRACE] [mixin/]: Added class metadata for net/minecraft/client/renderer/texture/TextureUtil to metadata cache
[10:27:59] [Client thread/TRACE] [mixin/]: Added class metadata for java/awt/image/BufferedImage to metadata cache
[10:27:59] [Client thread/TRACE] [mixin/]: Added class metadata for java/awt/Image to metadata cache
[10:27:59] [Client thread/TRACE] [mixin/]: Added class metadata for java/awt/image/WritableRenderedImage to metadata cache
[10:27:59] [Client thread/TRACE] [mixin/]: Added class metadata for java/awt/image/RenderedImage to metadata cache
[10:27:59] [Client thread/TRACE] [mixin/]: Added class metadata for java/awt/Transparency to metadata cache
[10:27:59] [Client thread/TRACE] [mixin/]: Added class metadata for java/awt/Graphics to metadata cache
[10:27:59] [Client thread/DEBUG] [mixin/]: Mixing client.options.GameOptionsAccessor from mixins.essential.json into net.minecraft.client.settings.GameSettings
[10:27:59] [Client thread/DEBUG] [mixin/]: Mixing client.options.MixinGameOptions from mixins.essential.json into net.minecraft.client.settings.GameSettings
[10:27:59] [Client thread/DEBUG] [mixin/]: Mixing cosmetics.capes.Mixin_RedirectVanillaCapeSetting from mixins.essential.json into net.minecraft.client.settings.GameSettings
[10:27:59] [Client thread/TRACE] [mixin/]: Added class metadata for net/minecraft/entity/player/EnumPlayerModelParts to metadata cache
[10:27:59] [Client thread/TRACE] [mixin/]: Added class metadata for gg/essential/network/connectionmanager/cosmetics/OutfitManager to metadata cache
[10:27:59] [Client thread/TRACE] [mixin/]: Added class metadata for gg/essential/mod/cosmetics/CosmeticOutfit to metadata cache
[10:27:59] [Client thread/DEBUG] [mixin/]: Mixing bugfixes.GameSettingsMixin_MipmapSlider from mixins.patcher.json into net.minecraft.client.settings.GameSettings
[10:27:59] [Client thread/TRACE] [mixin/]: Added class metadata for club/sk1er/patcher/ducks/GameSettingsExt to metadata cache
[10:27:59] [Client thread/DEBUG] [mixin/]: Mixing bugfixes.crashes.GameSettingsMixin_ResolveCrash from mixins.patcher.json into net.minecraft.client.settings.GameSettings
[10:27:59] [Client thread/TRACE] [mixin/]: Added class metadata for java/io/BufferedReader to metadata cache
[10:27:59] [Client thread/TRACE] [mixin/]: Added class metadata for java/io/Reader to metadata cache
[10:27:59] [Client thread/TRACE] [mixin/]: Added class metadata for java/io/PrintWriter to metadata cache
[10:27:59] [Client thread/TRACE] [mixin/]: Added class metadata for java/io/Writer to metadata cache
[10:27:59] [Client thread/DEBUG] [mixin/]: Mixing client.options.KeyBindingAccessor from mixins.essential.json into net.minecraft.client.settings.KeyBinding
[10:27:59] [Client thread/DEBUG] [mixin/]: Renaming @Accessor method getKeybinds()Ljava/util/List; to getKeybinds_$md$7ca026$0 in mixins.essential.json:client.options.KeyBindingAccessor
[10:27:59] [Client thread/DEBUG] [mixin/]: Mixing accessors.KeyBindingAccessor from mixins.patcher.json into net.minecraft.client.settings.KeyBinding
[10:27:59] [Client thread/DEBUG] [mixin/]: Renaming @Accessor method getKeybindArray()Ljava/util/List; to getKeybindArray_$md$7ca026$1 in mixins.patcher.json:accessors.KeyBindingAccessor
[10:27:59] [Client thread/INFO] [mixin/]: Mixing OptifineConfigMixin from mixins.oneconfig.json into Config
[10:27:59] [Client thread/DEBUG] [mixin/]: Mixing accessors.optifine.ConfigAccessor from mixins.patcher.json into Config
[10:27:59] [Client thread/DEBUG] [mixin/]: Renaming @Invoker method invokeIsCustomColors()Z to invokeIsCustomColors_$md$7ca026$0 in mixins.patcher.json:accessors.optifine.ConfigAccessor
[10:27:59] [Client thread/DEBUG] [mixin/]: Mixing features.optifine.ConfigMixin_SimplifyFpsCounter from mixins.patcher.json into Config
[10:27:59] [Client thread/TRACE] [mixin/]: Added class metadata for net/optifine/config/GlVersion to metadata cache
[10:27:59] [Client thread/TRACE] [mixin/]: Added class metadata for java/lang/ThreadGroup to metadata cache
[10:27:59] [Client thread/TRACE] [mixin/]: Added class metadata for java/io/InputStream to metadata cache
[10:27:59] [Client thread/TRACE] [mixin/]: Added class metadata for org/lwjgl/LWJGLException to metadata cache
[10:27:59] [Client thread/INFO] [Essential Logger/]: OptiFine version OptiFine_1.8.9_HD_U_M6_pre2 detected.
[10:27:59] [Client thread/DEBUG] [mixin/]: Mixing performance.optifine.MathHelperMixin_OFFastMath from mixins.patcher.json into net.minecraft.util.MathHelper
[10:27:59] [Client thread/TRACE] [mixin/]: Added class metadata for me/jellysquid/mods/lithium/common/util/math/CompactSineLUT to metadata cache
[10:27:59] [Client thread/INFO] [net.optifine.reflect.Reflector/]: [OptiFine] *** Reflector Forge ***
[10:27:59] [Client thread/INFO] [STDOUT/]: [me.aycy.blockoverlay.asm.Transformer:transform:66]: Transformed Block Overlay
[10:27:59] [Client thread/DEBUG] [mixin/]: Mixing events.Mixin_GuiDrawScreenEvent_Priority_Pre from mixins.essential.json into net.minecraft.client.renderer.EntityRenderer
[10:27:59] [Client thread/INFO] [mixin/]: Mixing EntityRendererMixin from mixins.oneconfig.json into net.minecraft.client.renderer.EntityRenderer
[10:27:59] [Client thread/TRACE] [mixin/]: Added class metadata for cc/polyfrost/oneconfig/internal/hud/HudCore to metadata cache
[10:27:59] [Client thread/TRACE] [mixin/]: Added class metadata for java/util/concurrent/ConcurrentHashMap to metadata cache
[10:27:59] [Client thread/TRACE] [mixin/]: Added class metadata for cc/polyfrost/oneconfig/hud/Hud to metadata cache
[10:27:59] [Client thread/TRACE] [mixin/]: Added class metadata for cc/polyfrost/oneconfig/libs/universal/UGraphics to metadata cache
[10:27:59] [Client thread/INFO] [mixin/]: Mixing EntityRendererMixin from mixins.polycrosshair.json into net.minecraft.client.renderer.EntityRenderer
[10:27:59] [Client thread/TRACE] [mixin/]: Added class metadata for org/polyfrost/crosshair/render/CrosshairRenderer to metadata cache
[10:27:59] [Client thread/DEBUG] [mixin/]: Mixing bugfixes.EntityRendererMixin_AdjustEyeHeightLighting from mixins.patcher.json into net.minecraft.client.renderer.EntityRenderer
[10:27:59] [Client thread/DEBUG] [mixin/]: Mixing bugfixes.EntityRendererMixin_PolygonOffset from mixins.patcher.json into net.minecraft.client.renderer.EntityRenderer
[10:27:59] [Client thread/DEBUG] [mixin/]: Mixing bugfixes.EntityRendererMixin_SpectatorShader from mixins.patcher.json into net.minecraft.client.renderer.EntityRenderer
[10:27:59] [Client thread/DEBUG] [mixin/]: Mixing features.EntityRendererMixin_CameraPerspective from mixins.patcher.json into net.minecraft.client.renderer.EntityRenderer
[10:27:59] [Client thread/DEBUG] [mixin/]: Mixing features.EntityRendererMixin_Distortion from mixins.patcher.json into net.minecraft.client.renderer.EntityRenderer
[10:27:59] [Client thread/DEBUG] [mixin/]: Mixing features.EntityRendererMixin_Fog from mixins.patcher.json into net.minecraft.client.renderer.EntityRenderer
[10:27:59] [Client thread/DEBUG] [mixin/]: Mixing features.EntityRendererMixin_NightVisionEffect from mixins.patcher.json into net.minecraft.client.renderer.EntityRenderer
[10:27:59] [Client thread/TRACE] [mixin/]: Added class metadata for java/lang/Float to metadata cache
[10:27:59] [Client thread/DEBUG] [mixin/]: Mixing features.EntityRendererMixin_ViewBobbing from mixins.patcher.json into net.minecraft.client.renderer.EntityRenderer
[10:27:59] [Client thread/TRACE] [mixin/]: Added class metadata for club/sk1er/patcher/hooks/EntityRendererHook to metadata cache
[10:27:59] [Client thread/DEBUG] [mixin/]: Mixing features.lefthand.EntityRendererMixin_LeftHandedness from mixins.patcher.json into net.minecraft.client.renderer.EntityRenderer
[10:27:59] [Client thread/TRACE] [mixin/]: Added class metadata for club/sk1er/patcher/hooks/ItemRendererHook to metadata cache
[10:27:59] [Client thread/TRACE] [mixin/]: Added class metadata for org/lwjgl/opengl/GL11 to metadata cache
[10:27:59] [Client thread/DEBUG] [mixin/]: Mixing features.optifine.EntityRendererMixin_ZoomTweaks from mixins.patcher.json into net.minecraft.client.renderer.EntityRenderer
[10:27:59] [Client thread/TRACE] [mixin/]: Added class metadata for club/sk1er/patcher/hooks/ZoomHook to metadata cache
[10:27:59] [Client thread/DEBUG] [mixin/]: Mixing performance.EntityRendererMixin_CancelLightmapBuild from mixins.patcher.json into net.minecraft.client.renderer.EntityRenderer
[10:27:59] [Client thread/DEBUG] [mixin/]: Mixing performance.EntityRendererMixin_EntityCulling from mixins.patcher.json into net.minecraft.client.renderer.EntityRenderer
[10:27:59] [Client thread/TRACE] [mixin/]: Added class metadata for club/sk1er/patcher/util/world/render/culling/EntityCulling to metadata cache
[10:27:59] [Client thread/DEBUG] [mixin/]: Mixing performance.EntityRendererMixin_SkipTwitchRendering from mixins.patcher.json into net.minecraft.client.renderer.EntityRenderer
[10:27:59] [Client thread/DEBUG] [mixin/]: Mixing features.EntityRendererMixin_ParallaxFix from mixins.patcher.json into net.minecraft.client.renderer.EntityRenderer
[10:27:59] [Client thread/TRACE] [mixin/]: Added class metadata for club/sk1er/patcher/hooks/DebugCrosshairHook to metadata cache
[10:27:59] [Client thread/DEBUG] [mixin/]: Mixing performance.hudcaching.EntityRendererMixin_HUDCaching from mixins.patcher.json into net.minecraft.client.renderer.EntityRenderer
[10:27:59] [Client thread/DEBUG] [mixin/]: Mixing events.Mixin_GuiDrawScreenEvent_Priority from mixins.essential.json into net.minecraft.client.renderer.EntityRenderer
[10:27:59] [Client thread/TRACE] [mixin/]: Added class metadata for net/minecraft/client/resources/IResourceManagerReloadListener to metadata cache
[10:27:59] [Client thread/TRACE] [mixin/]: Added class metadata for java/util/concurrent/Callable to metadata cache
[10:27:59] [Client thread/TRACE] [mixin/]: Added class metadata for net/minecraft/client/renderer/EntityRenderer$2 to metadata cache
[10:27:59] [Client thread/TRACE] [mixin/]: Added class metadata for net/minecraft/client/renderer/EntityRenderer$3 to metadata cache
[10:27:59] [Client thread/TRACE] [mixin/]: Added class metadata for net/minecraft/client/renderer/EntityRenderer$4 to metadata cache
[10:27:59] [Client thread/DEBUG] [mixin/]: Mixing client.renderer.entity.Mixin_DontRenderHitboxOnEmulatedPlayer from mixins.essential.json into net.minecraft.client.renderer.entity.RenderManager
[10:27:59] [Client thread/TRACE] [mixin/]: Added class metadata for gg/essential/handlers/RenderPlayerBypass to metadata cache
[10:27:59] [Client thread/DEBUG] [mixin/]: Mixing accessors.RenderManagerAccessor from mixins.patcher.json into net.minecraft.client.renderer.entity.RenderManager
[10:27:59] [Client thread/DEBUG] [mixin/]: Mixing bugfixes.RenderManagerMixin_PerspectiveViewFix from mixins.patcher.json into net.minecraft.client.renderer.entity.RenderManager
[10:27:59] [Client thread/DEBUG] [mixin/]: Mixing features.RenderManagerMixin_CancelArrowRender from mixins.patcher.json into net.minecraft.client.renderer.entity.RenderManager
[10:27:59] [Client thread/TRACE] [mixin/]: Added class metadata for club/sk1er/patcher/hooks/RenderArrowHook to metadata cache
[10:27:59] [Client thread/DEBUG] [mixin/]: Mixing features.RenderItemFrameMixin_CancelRender from mixins.patcher.json into net.minecraft.client.renderer.tileentity.RenderItemFrame
[10:27:59] [Client thread/TRACE] [mixin/]: Added class metadata for net/minecraft/entity/item/EntityItemFrame to metadata cache
[10:27:59] [Client thread/TRACE] [mixin/]: Added class metadata for net/minecraft/init/Items to metadata cache
[10:27:59] [Client thread/TRACE] [mixin/]: Added class metadata for net/optifine/entity/model/IEntityRenderer to metadata cache
[10:27:59] [Client thread/TRACE] [mixin/]: Added class metadata for net/minecraft/item/ItemMap to metadata cache
[10:27:59] [Client thread/DEBUG] [mixin/]: Mixing client.renderer.entity.Mixin_WorkaroundIncorrectFrustumCheckAtHighSpeed from mixins.essential.json into net.minecraft.client.renderer.entity.Render
[10:27:59] [Client thread/DEBUG] [mixin/]: Mixing client.renderer.entity.Mixin_RenderNameplateIcon from mixins.essential.json into net.minecraft.client.renderer.entity.Render
[10:27:59] [Client thread/TRACE] [mixin/]: Added class metadata for gg/essential/handlers/OnlineIndicator to metadata cache
[10:27:59] [Client thread/TRACE] [mixin/]: Added class metadata for gg/essential/cosmetics/CosmeticsRenderState to metadata cache
[10:27:59] [Client thread/TRACE] [mixin/]: Added class metadata for net/minecraft/client/renderer/OpenGlHelper to metadata cache
[10:27:59] [Client thread/DEBUG] [mixin/]: Mixing client.renderer.entity.MixinRender from mixins.essential.json into net.minecraft.client.renderer.entity.Render
[10:27:59] [Client thread/TRACE] [mixin/]: Added class metadata for java/lang/ThreadLocal to metadata cache
[10:27:59] [Client thread/DEBUG] [mixin/]: Mixing bugfixes.render.entity.RenderMixin_FireLayerFix from mixins.patcher.json into net.minecraft.client.renderer.entity.Render
[10:27:59] [Client thread/TRACE] [mixin/]: Added class metadata for net/minecraft/client/renderer/culling/ICamera to metadata cache
[10:27:59] [Client thread/DEBUG] [mixin/]: Mixing client.renderer.entity.MixinRendererLivingEntity from mixins.essential.json into net.minecraft.client.renderer.entity.RendererLivingEntity
[10:27:59] [Client thread/TRACE] [mixin/]: Added class metadata for gg/essential/elementa/state/State to metadata cache
[10:27:59] [Client thread/TRACE] [mixin/]: Added class metadata for gg/essential/lib/mixinextras/sugar/ref/LocalFloatRef to metadata cache
[10:27:59] [Client thread/DEBUG] [mixin/]: Mixing client.renderer.entity.Mixin_RenderNameplateIcon_Sneaking from mixins.essential.json into net.minecraft.client.renderer.entity.RendererLivingEntity
[10:27:59] [Client thread/INFO] [mixin/]: Mixing RendererLivingEntityMixin from mixins.evergreenhud.json into net.minecraft.client.renderer.entity.RendererLivingEntity
[10:27:59] [Client thread/TRACE] [mixin/]: Added class metadata for org/polyfrost/evergreenhud/config/ModConfig to metadata cache
[10:27:59] [Client thread/TRACE] [mixin/]: Added class metadata for org/polyfrost/evergreenhud/hud/PlayerPreview to metadata cache
[10:27:59] [Client thread/DEBUG] [mixin/]: Mixing features.RendererLivingEntityMixin_NametagRendering from mixins.patcher.json into net.minecraft.client.renderer.entity.RendererLivingEntity
[10:27:59] [Client thread/INFO] [net.optifine.reflect.Reflector/]: [OptiFine] *** Reflector Vanilla ***
[10:27:59] [Client thread/DEBUG] [mixin/]: Mixing features.containeropacity.GuiChestMixin_ContainerOpacity from mixins.patcher.json into net.minecraft.client.gui.inventory.GuiChest
[10:27:59] [Client thread/DEBUG] [mixin/]: Mixing client.model.Mixin_ExtraTransform_CopyBetweenModelParts from mixins.essential.json into net.minecraft.client.model.ModelBase
[10:27:59] [Client thread/TRACE] [mixin/]: Added class metadata for gg/essential/mixins/ext/client/model/geom/ExtraTransformHolder to metadata cache
[10:27:59] [Client thread/DEBUG] [mixin/]: Mixing client.model.geom.Mixin_ExtraTransform_ModelPart from mixins.essential.json into net.minecraft.client.model.ModelRenderer
[10:27:59] [Client thread/TRACE] [mixin/]: Added class metadata for gg/essential/util/GLUtil to metadata cache
[10:27:59] [Client thread/DEBUG] [mixin/]: Mixing performance.ModelRendererMixin_BatchDrawing from mixins.patcher.json into net.minecraft.client.model.ModelRenderer
[10:27:59] [Client thread/TRACE] [mixin/]: Added class metadata for net/minecraft/client/renderer/Tessellator to metadata cache
[10:27:59] [Client thread/TRACE] [mixin/]: Added class metadata for net/minecraft/client/renderer/vertex/DefaultVertexFormats to metadata cache
[10:27:59] [Client thread/TRACE] [mixin/]: Added class metadata for gg/essential/lib/kotgl/matrix/matrices/Mat4 to metadata cache
[10:27:59] [Client thread/DEBUG] [mixin/]: Mixing bugfixes.modelfixes.ModelVillagerMixin_ResolveRobeHeight from mixins.patcher.json into net.minecraft.client.model.ModelVillager
[10:27:59] [Client thread/DEBUG] [mixin/]: Mixing bugfixes.TileEntityBannerRendererMixin_BannerAnimation from mixins.patcher.json into net.minecraft.client.renderer.tileentity.TileEntityBannerRenderer
[10:27:59] [Client thread/TRACE] [mixin/]: Added class metadata for net/minecraft/client/renderer/tileentity/TileEntitySpecialRenderer to metadata cache
[10:27:59] [Client thread/DEBUG] [mixin/]: Mixing bugfixes.TileEntityBannerRendererMixin_ChestDisplay from mixins.patcher.json into net.minecraft.client.renderer.tileentity.TileEntityBannerRenderer
[10:27:59] [Client thread/TRACE] [mixin/]: Added class metadata for net/minecraft/tileentity/TileEntityBanner to metadata cache
[10:27:59] [Client thread/TRACE] [mixin/]: Added class metadata for com/google/common/collect/Lists to metadata cache
[10:27:59] [Client thread/TRACE] [mixin/]: Added class metadata for net/minecraft/client/renderer/texture/LayeredColorMaskTexture to metadata cache
[10:27:59] [Client thread/DEBUG] [mixin/]: Mixing features.TileEntityEnchantmentTableRendererMixin_CancelRender from mixins.patcher.json into net.minecraft.client.renderer.tileentity.TileEntityEnchantmentTableRenderer
[10:27:59] [Client thread/DEBUG] [mixin/]: Mixing bugfixes.TileEntitySkullRendererMixin_EnableBlending from mixins.patcher.json into net.minecraft.client.renderer.tileentity.TileEntitySkullRenderer
[10:27:59] [Client thread/DEBUG] [mixin/]: Mixing features.TileEntitySkullRendererMixin_CancelRender from mixins.patcher.json into net.minecraft.client.renderer.tileentity.TileEntitySkullRenderer
[10:27:59] [Client thread/INFO] [Config/]: [OptiFine] 
[10:27:59] [Client thread/INFO] [Config/]: [OptiFine] OptiFine_1.8.9_HD_U_M6_pre2
[10:27:59] [Client thread/INFO] [Config/]: [OptiFine] Build: 20211101-204933
[10:27:59] [Client thread/INFO] [Config/]: [OptiFine] OS: Windows 11 (amd64) version 10.0
[10:27:59] [Client thread/INFO] [Config/]: [OptiFine] Java: 1.8.0_431, Oracle Corporation
[10:27:59] [Client thread/INFO] [Config/]: [OptiFine] VM: Java HotSpot(TM) 64-Bit Server VM (mixed mode), Oracle Corporation
[10:27:59] [Client thread/INFO] [Config/]: [OptiFine] LWJGL: 2.9.4
[10:27:59] [Client thread/INFO] [Config/]: [OptiFine] OpenGL: NVIDIA GeForce RTX 4080 SUPER/PCIe/SSE2, version 4.6.0 NVIDIA 566.36, NVIDIA Corporation
[10:27:59] [Client thread/INFO] [Config/]: [OptiFine] OpenGL Version: 4.6.0
[10:27:59] [Client thread/DEBUG] [mixin/]: Mixing accessors.GlStateManagerAccessor from mixins.patcher.json into net.minecraft.client.renderer.GlStateManager
[10:27:59] [Client thread/DEBUG] [mixin/]: Renaming @Accessor method getColorState()Lnet/minecraft/client/renderer/GlStateManager$Color; to getColorState_$md$7ca026$0 in mixins.patcher.json:accessors.GlStateManagerAccessor
[10:27:59] [Client thread/DEBUG] [mixin/]: Renaming @Accessor method getTextureState()[Lnet/minecraft/client/renderer/GlStateManager$TextureState; to getTextureState_$md$7ca026$1 in mixins.patcher.json:accessors.GlStateManagerAccessor
[10:27:59] [Client thread/DEBUG] [mixin/]: Renaming @Accessor method getActiveTextureUnit()I to getActiveTextureUnit_$md$7ca026$2 in mixins.patcher.json:accessors.GlStateManagerAccessor
[10:27:59] [Client thread/DEBUG] [mixin/]: Mixing performance.hudcaching.GlStateManagerMixin_HUDCaching from mixins.patcher.json into net.minecraft.client.renderer.GlStateManager
[10:27:59] [Client thread/INFO] [Config/]: [OptiFine] Maximum texture size: 32768x32768
[10:27:59] [VersionCheck/INFO] [Config/]: [OptiFine] Checking for new version
[10:28:00] [DefaultDispatcher-worker-3/INFO] [Essential - Connection/]: Connecting to Essential Connection Manager...
[10:28:00] [VersionCheck/INFO] [Config/]: [OptiFine] Version found: M5
[10:28:00] [DefaultDispatcher-worker-3/TRACE] [gg.essential.lib.websocket.AbstractWebSocket/]: Connection lost timer stopped
[10:28:00] [DefaultDispatcher-worker-3/INFO] [Essential Logger/]: Using Default JreDnsResolver
[10:28:00] [DefaultDispatcher-worker-3/INFO] [Essential Logger/]: Using Default JreSocketFactory
[10:28:00] [WebSocketConnectReadThread-121/TRACE] [gg.essential.lib.websocket.WebSocketImpl/]: write(449): GET /v1 HTTP/1.1
Authorization: Basic VGVjaFByb0tpbmc62HHAOFGJajPtNy4IW8Va/w==
Connection: Upgrade
Essential-Max-Protocol-Version: 8
Essential-Mod-Branch: stable
Essential-Mod-Commit: c76e773d16
Essential-Mod-Version: 1.3.5.11
Essential-User-Name: TechProKing
Essential-User-UUID: 55ec3042-107a-413f-a189-3a26292be9df
Host: connect.essential.gg
Sec-WebSocket-Key: csS0z5wZaKiAzOTSilcs6Q==
Sec-WebSocket-Version: 13
Upgrade: websocket


[10:28:00] [Client thread/INFO] [net.optifine.shaders.SMCLog/]: [Shaders] OpenGL Version: 4.6.0 NVIDIA 566.36
[10:28:00] [Client thread/INFO] [net.optifine.shaders.SMCLog/]: [Shaders] Vendor:  NVIDIA Corporation
[10:28:00] [Client thread/INFO] [net.optifine.shaders.SMCLog/]: [Shaders] Renderer: NVIDIA GeForce RTX 4080 SUPER/PCIe/SSE2
[10:28:00] [Client thread/INFO] [net.optifine.shaders.SMCLog/]: [Shaders] Capabilities:  2.0  2.1  3.0  3.2  4.0 
[10:28:00] [Client thread/INFO] [net.optifine.shaders.SMCLog/]: [Shaders] GL_MAX_DRAW_BUFFERS: 8
[10:28:00] [Client thread/INFO] [net.optifine.shaders.SMCLog/]: [Shaders] GL_MAX_COLOR_ATTACHMENTS_EXT: 8
[10:28:00] [Client thread/INFO] [net.optifine.shaders.SMCLog/]: [Shaders] GL_MAX_TEXTURE_IMAGE_UNITS: 32
[10:28:00] [Client thread/INFO] [net.optifine.shaders.SMCLog/]: [Shaders] Load shaders configuration.
[10:28:00] [Client thread/INFO] [net.optifine.shaders.SMCLog/]: [Shaders] No shaderpack loaded.
[10:28:00] [Client thread/DEBUG] [mixin/]: Mixing performance.forge.ModDiscovererMixin_Logging from mixins.patcher.json into net.minecraftforge.fml.common.discovery.ModDiscoverer
[10:28:00] [Client thread/TRACE] [mixin/]: Added class metadata for club/sk1er/patcher/util/forge/EntrypointCaching to metadata cache
[10:28:00] [Client thread/DEBUG] [mixin/]: Mixing performance.forge.ModDiscovererMixin_ReplaceRegex from mixins.patcher.json into net.minecraftforge.fml.common.discovery.ModDiscoverer
[10:28:00] [Client thread/TRACE] [mixin/]: Added class metadata for java/util/regex/Pattern to metadata cache
[10:28:00] [Client thread/TRACE] [mixin/]: Added class metadata for java/util/regex/Matcher to metadata cache
[10:28:00] [Client thread/TRACE] [mixin/]: Added class metadata for net/minecraftforge/fml/common/LoaderException to metadata cache
[10:28:00] [Client thread/TRACE] [mixin/]: Added class metadata for net/minecraftforge/fml/common/EnhancedRuntimeException to metadata cache
[10:28:00] [Client thread/INFO] [Config/]: [OptiFine] [Shaders] Delayed loading of block mappings after resources are loaded
[10:28:00] [Client thread/INFO] [Config/]: [OptiFine] [Shaders] Delayed loading of item mappings after resources are loaded
[10:28:00] [Client thread/INFO] [Config/]: [OptiFine] [Shaders] Delayed loading of entity mappings after resources are loaded
[10:28:00] [Client thread/WARN] [FML/]: =============================================================
[10:28:00] [Client thread/WARN] [FML/]: MOD HAS DIRECT REFERENCE System.exit() THIS IS NOT ALLOWED REROUTING TO FML!
[10:28:00] [Client thread/WARN] [FML/]: Offendor: com/sun/jna/Native.main([Ljava/lang/String;)V
[10:28:00] [Client thread/WARN] [FML/]: Use FMLCommonHandler.exitJava instead
[10:28:00] [Client thread/WARN] [FML/]: =============================================================
[10:28:00] [WebSocketConnectReadThread-121/TRACE] [gg.essential.lib.websocket.WebSocketImpl/]: process(299): (HTTP/1.1 101 Switching Protocols
Date: Mon, 31 Mar 2025 14:27:57 GMT
Content-Type: text/plain
Connection: upgrade
essential-protocol-version: 8
upgrade: websocket
sec-websocket-accept: ssjaXkmY//8qNc42vmSgUkvKOeo=
cf-cache-status: DYNAMIC
Server: cloudflare
CF-RAY: 929087cecae1b432-EWR

)
[10:28:00] [WebSocketConnectReadThread-121/TRACE] [gg.essential.lib.websocket.drafts.Draft_6455/]: acceptHandshakeAsClient - Matching extension found: DefaultExtension
[10:28:00] [WebSocketConnectReadThread-121/TRACE] [gg.essential.lib.websocket.drafts.Draft_6455/]: acceptHandshake - Matching protocol found: 
[10:28:00] [WebSocketConnectReadThread-121/TRACE] [gg.essential.lib.websocket.WebSocketImpl/]: open using draft: Draft_6455 extension: DefaultExtension protocol:  max frame size: 2147483647
[10:28:00] [WebSocketConnectReadThread-121/TRACE] [gg.essential.lib.websocket.AbstractWebSocket/]: Connection lost timer deactivated
[10:28:00] [Client thread/DEBUG] [mixin/]: Mixing performance.hudcaching.FramebufferMixin_HUDCaching from mixins.patcher.json into net.minecraft.client.shader.Framebuffer
[10:28:00] [WebSocketConnectReadThread-121/INFO] [Essential - Connection/]: Connected to Essential Connection Manager.
[10:28:00] [WebSocketConnectReadThread-121/TRACE] [gg.essential.lib.websocket.WebSocketImpl/]: process(172): (‚?           3{"a":"features.ServerDisabledFeaturesPacket","b":1}‚$          {"disabled_features":[]}‚C           7{"a":"telemetry.ServerRecognizedTelemetryPacket","b":2})
[10:28:00] [WebSocketConnectReadThread-121/TRACE] [gg.essential.lib.websocket.drafts.Draft_6455/]: afterDecoding(63):            3{"a":"features.ServerDisabledFeaturesPacket","b":1}
[10:28:00] [WebSocketConnectReadThread-121/TRACE] [gg.essential.lib.websocket.drafts.Draft_6455/]: afterDecoding(36):           {"disabled_features":[]}
[10:28:00] [WebSocketConnectReadThread-121/TRACE] [gg.essential.lib.websocket.drafts.Draft_6455/]: afterDecoding(67):            7{"a":"telemetry.ServerRecognizedTelemetryPacket","b":2}
[10:28:00] [WebSocketConnectReadThread-121/TRACE] [gg.essential.lib.websocket.WebSocketImpl/]: matched frame: Framedata{ opcode:BINARY, fin:true, rsv1:false, rsv2:false, rsv3:false, payload length:[pos:0, len:63], payload:           3{"a":"features.ServerDisabledFeaturesPacket","b":1}}
[10:28:00] [WebSocketConnectReadThread-121/TRACE] [gg.essential.lib.websocket.WebSocketImpl/]: matched frame: Framedata{ opcode:BINARY, fin:true, rsv1:false, rsv2:false, rsv3:false, payload length:[pos:0, len:36], payload:          {"disabled_features":[]}}
[10:28:00] [Client thread/DEBUG] [mixin/]: Mixing compatibility.vanilla.Mixin_FixResourcePackCrash from mixins.essential.json into net.minecraft.client.resources.ResourcePackRepository
[10:28:00] [Client thread/DEBUG] [mixin/]: Mixing accessors.ResourcePackRepositoryAccessor from mixins.patcher.json into net.minecraft.client.resources.ResourcePackRepository
[10:28:00] [Client thread/DEBUG] [mixin/]: Mixing bugfixes.crashes.ResourcePackRepositoryMixin_ResolveCrash from mixins.patcher.json into net.minecraft.client.resources.ResourcePackRepository
[10:28:00] [Client thread/DEBUG] [mixin/]: Mixing performance.ResourcePackRepositoryMixin_FasterSearching from mixins.patcher.json into net.minecraft.client.resources.ResourcePackRepository
[10:28:00] [Client thread/TRACE] [mixin/]: Added class metadata for club/sk1er/patcher/hooks/ResourcePackRepositoryHook to metadata cache
[10:28:00] [Client thread/TRACE] [club.sk1er.patcher.config.PatcherConfig/]: Initializing config for PolyPatcher...
[10:28:00] [Client thread/TRACE] [cc.polyfrost.oneconfig.internal.config.OneConfigConfig/]: Generating option list for ... (targetting=cc.polyfrost.oneconfig.internal.config.OneConfigConfig)
[10:28:00] [Client thread/TRACE] [cc.polyfrost.oneconfig.internal.config.OneConfigConfig/]: Generating option list for ... (targetting=cc.polyfrost.oneconfig.internal.config.InternalConfig)
[10:28:00] [Client thread/TRACE] [cc.polyfrost.oneconfig.internal.config.OneConfigConfig/]: Generating option list for ... (targetting=cc.polyfrost.oneconfig.config.Config)
[10:28:00] [Client thread/TRACE] [cc.polyfrost.oneconfig.internal.config.OneConfigConfig/]: Finished generating option list for  (targetting=cc.polyfrost.oneconfig.config.Config)
[10:28:00] [Client thread/TRACE] [cc.polyfrost.oneconfig.internal.config.OneConfigConfig/]: Finished generating option list for  (targetting=cc.polyfrost.oneconfig.internal.config.InternalConfig)
[10:28:00] [Client thread/TRACE] [cc.polyfrost.oneconfig.internal.config.OneConfigConfig/]: Finished generating option list for  (targetting=cc.polyfrost.oneconfig.internal.config.OneConfigConfig)
[10:28:00] [Client thread/TRACE] [club.sk1er.patcher.config.PatcherConfig/]: Loading config for PolyPatcher...
[10:28:00] [Client thread/TRACE] [club.sk1er.patcher.config.PatcherConfig/]: Loading from:
	OneConfig\profiles\Default Profile\patcher.json
	OneConfig\config\patcher.json
[10:28:00] [Client thread/TRACE] [club.sk1er.patcher.config.PatcherConfig/]: Should migrate: false
[10:28:00] [Client thread/TRACE] [club.sk1er.patcher.config.PatcherConfig/]: Generating option list for PolyPatcher... (targetting=club.sk1er.patcher.config.PatcherConfig)
[10:28:00] [Client thread/TRACE] [club.sk1er.patcher.config.PatcherConfig/]: Generating option list for PolyPatcher... (targetting=cc.polyfrost.oneconfig.config.Config)
[10:28:00] [Client thread/TRACE] [club.sk1er.patcher.config.PatcherConfig/]: Finished generating option list for PolyPatcher (targetting=cc.polyfrost.oneconfig.config.Config)
[10:28:00] [Client thread/TRACE] [club.sk1er.patcher.config.PatcherConfig/]: Finished generating option list for PolyPatcher (targetting=club.sk1er.patcher.config.PatcherConfig)
[10:28:00] [Client thread/TRACE] [club.sk1er.patcher.config.PatcherConfig/]: Config for PolyPatcher initialized
[10:28:00] [pool-3-thread-1/TRACE] [club.sk1er.patcher.config.PatcherConfig/]: Saving config for PolyPatcher...
[10:28:00] [pool-3-thread-1/TRACE] [club.sk1er.patcher.config.PatcherConfig/]: Saving to:
	OneConfig\profiles\Default Profile\patcher.json
	OneConfig\config\patcher.json
[10:28:00] [Client thread/DEBUG] [mixin/]: Mixing performance.SimpleReloadableResourceManager_OnlyRefreshNecessaryListeners from mixins.patcher.json into net.minecraft.client.resources.SimpleReloadableResourceManager
[10:28:00] [Client thread/TRACE] [mixin/]: Added class metadata for club/sk1er/patcher/hooks/ResourceReloadHooks to metadata cache
[10:28:00] [Client thread/TRACE] [mixin/]: Added class metadata for net/minecraft/client/resources/IReloadableResourceManager to metadata cache
[10:28:00] [Client thread/TRACE] [mixin/]: Added class metadata for net/minecraft/client/resources/IResourceManager to metadata cache
[10:28:00] [Essential Thread 11/TRACE] [gg.essential.lib.websocket.WebSocketImpl/]: send frame: Framedata{ opcode:BINARY, fin:true, rsv1:false, rsv2:false, rsv3:false, payload length:[pos:0, len:63], payload:           3{"a":"subscription.SubscriptionUpdatePacket","b":1}}
[10:28:00] [Essential Thread 11/TRACE] [gg.essential.lib.websocket.drafts.Draft_6455/]: afterEnconding(63):            3{"a":"subscription.SubscriptionUpdatePacket","b":1}
[10:28:00] [Essential Thread 11/TRACE] [gg.essential.lib.websocket.WebSocketImpl/]: write(69): ‚¿ñ‚+Mñ‚+Mñ‚+Mñ‚+~Š JoË X8“ñH?˜ò_$žì„àX.ƒë[9˜íE?æJ9”ÒJ.šç_oÝ IoË³V
[10:28:00] [Essential Thread 11/TRACE] [gg.essential.lib.websocket.WebSocketImpl/]: send frame: Framedata{ opcode:BINARY, fin:true, rsv1:false, rsv2:false, rsv3:false, payload length:[pos:0, len:75], payload:      $df36e61c-8913-4644-adcf-12dcad57ca50   {"a":[],"b":false,"c":true}}
[10:28:00] [Essential Thread 11/TRACE] [gg.essential.lib.websocket.drafts.Draft_6455/]: afterEnconding(75):       $df36e61c-8913-4644-adcf-12dcad57ca50   {"a":[],"b":false,"c":true}
[10:28:00] [Essential Thread 11/TRACE] [gg.essential.lib.websocket.WebSocketImpl/]: write(81): ‚ËZ·• Z·•Z·•$>Ñ¦6??¤cw?¬1iš¡6nƒ¸a>Ôó-k…ñc;Ó 79Ö 0Z·•!•ô"`ìÈ,xÕ·:<Öùs?›·cx?ár/Òè
[10:28:00] [Essential Thread 11/TRACE] [gg.essential.lib.websocket.WebSocketImpl/]: send frame: Framedata{ opcode:BINARY, fin:true, rsv1:false, rsv2:false, rsv3:false, payload length:[pos:0, len:59], payload:           /{"a":"notices.ClientNoticeRequestPacket","b":2}}
[10:28:00] [Essential Thread 11/TRACE] [gg.essential.lib.websocket.drafts.Draft_6455/]: afterEnconding(59):            /{"a":"notices.ClientNoticeRequestPacket","b":2}
[10:28:00] [Essential Thread 11/TRACE] [gg.essential.lib.websocket.WebSocketImpl/]: write(65): ‚»6ötN6ötN6ötN6ötaMÔlÔ!BŸ+EØ7"_“:x™ 'U“&+Gƒ=B¦-]“ lÔlÄ	
[10:28:00] [Essential Thread 11/TRACE] [gg.essential.lib.websocket.WebSocketImpl/]: send frame: Framedata{ opcode:BINARY, fin:true, rsv1:false, rsv2:false, rsv3:false, payload length:[pos:0, len:155], payload:          ?{"b":["NEW_BANNER","SALE","FRIEND_REQUEST_TOAST","FRIEND_REQUEST_NEW_INDICATOR","DISMISSIBLE_TOAST","WARDROBE_BANNER","GIFTED_COSMETIC_TOAST"]}}
[10:28:00] [Essential Thread 11/TRACE] [gg.essential.lib.websocket.drafts.Draft_6455/]: afterEnconding(155):           ?{"b":["NEW_BANNER","SALE","FRIEND_REQUEST_TOAST","FRIEND_REQUEST_NEW_INDICATOR","DISMISSIBLE_TOAST","WARDROBE_BANNER","GIFTED_COSMETIC_TOAST"]}
[10:28:00] [Essential Thread 11/TRACE] [gg.essential.lib.websocket.WebSocketImpl/]: write(163): ‚þ ›–ßŒ/–ßŒ-–ßŒ/–ßŒ íýî¬„®aÓˆÓm×‘ÂjÄý ÅžÀj´ó®iÄ–ÉaÒ€ÞjÇŠÉ|Â€Ø`×ŒØºýÊ}ßšÂkÉ?É~Ãšß{É‘ÉxÉ–ÂkßœÍ{Ù?®´›Å|Û–ß|ß?ÀjÉ‹ÃnÅ‹®´ˆÍ}Ò?ÃmÓ€ÎnØ‘É}´ó®hß™ØjÒ€Ï`Å’É{ßœÓ{Ùžß{´‚ñ
[10:28:00] [Essential Thread 11/TRACE] [gg.essential.lib.websocket.WebSocketImpl/]: send frame: Framedata{ opcode:BINARY, fin:true, rsv1:false, rsv2:false, rsv3:false, payload length:[pos:0, len:63], payload:           3{"a":"wardrobe.ClientWardrobeSettingsPacket","b":3}}
[10:28:00] [Essential Thread 11/TRACE] [gg.essential.lib.websocket.drafts.Draft_6455/]: afterEnconding(63):            3{"a":"wardrobe.ClientWardrobeSettingsPacket","b":3}
[10:28:00] [Essential Thread 11/TRACE] [gg.essential.lib.websocket.WebSocketImpl/]: write(69): ‚¿¨Zd•¨Zd•¨Zd•¨Zd¦Óx·’xôÚ>úÊ?JÖÄ3ûÜçÌ(÷Í	áÜ3
òÛ
öÃ?·„x·’i
[10:28:00] [Essential Thread 11/TRACE] [gg.essential.lib.websocket.WebSocketImpl/]: send frame: Framedata{ opcode:BINARY, fin:true, rsv1:false, rsv2:false, rsv3:false, payload length:[pos:0, len:14], payload:          {}}
[10:28:00] [Essential Thread 11/TRACE] [gg.essential.lib.websocket.drafts.Draft_6455/]: afterEnconding(14):           {}
[10:28:00] [Essential Thread 11/TRACE] [gg.essential.lib.websocket.WebSocketImpl/]: write(20): ‚Ž³+ã+³+ã(³+ã+³+ã)ÈV
[10:28:00] [Essential Thread 1/TRACE] [gg.essential.lib.websocket.WebSocketImpl/]: send frame: Framedata{ opcode:BINARY, fin:true, rsv1:false, rsv2:false, rsv3:false, payload length:[pos:0, len:84], payload:           H{"a":"serverdiscovery.ClientServerDiscoveryRequestPopulatePacket","b":4}}
[10:28:00] [Essential Thread 1/TRACE] [gg.essential.lib.websocket.drafts.Draft_6455/]: afterEnconding(84):            H{"a":"serverdiscovery.ClientServerDiscoveryRequestPopulatePacket","b":4}
[10:28:00] [Essential Thread 1/TRACE] [gg.essential.lib.websocket.WebSocketImpl/]: write(90): ‚Ô?$?$?$?$Mæ'E'§'W`ïsAwùlWfòsAwä+giô`JqÎ`Vsøw`lîfKsøw]WøtQ`îqtjípHdé`tdþnAq¿)g¿?x
[10:28:00] [Essential Thread 1/TRACE] [gg.essential.lib.websocket.WebSocketImpl/]: send frame: Framedata{ opcode:BINARY, fin:true, rsv1:false, rsv2:false, rsv3:false, payload length:[pos:0, len:20], payload:          {"a":47}}
[10:28:00] [Essential Thread 1/TRACE] [gg.essential.lib.websocket.drafts.Draft_6455/]: afterEnconding(20):           {"a":47}
[10:28:00] [Essential Thread 1/TRACE] [gg.essential.lib.websocket.WebSocketImpl/]: write(26): ‚”å ¡å ¡å ¡å ¡ ž"À*ß4–u
[10:28:00] [Essential Thread 1/TRACE] [gg.essential.lib.websocket.WebSocketImpl/]: send frame: Framedata{ opcode:BINARY, fin:true, rsv1:false, rsv2:false, rsv3:false, payload length:[pos:0, len:56], payload:           ,{"a":"media.ClientMediaRequestPacket","b":5}}
[10:28:00] [Essential Thread 1/TRACE] [gg.essential.lib.websocket.drafts.Draft_6455/]: afterEnconding(56):            ,{"a":"media.ClientMediaRequestPacket","b":5}
[10:28:00] [Essential Thread 1/TRACE] [gg.essential.lib.websocket.WebSocketImpl/]: write(62): ‚¸Q„OQ„OQ„OQ„O-*¦.#k¦"d5í./è&d?ðd5í.S4õ:d"ð`2ï*us¨mcs¾z|
[10:28:00] [Essential Thread 1/TRACE] [gg.essential.lib.websocket.WebSocketImpl/]: send frame: Framedata{ opcode:BINARY, fin:true, rsv1:false, rsv2:false, rsv3:false, payload length:[pos:0, len:14], payload:          {}}
[10:28:00] [Essential Thread 1/TRACE] [gg.essential.lib.websocket.drafts.Draft_6455/]: afterEnconding(14):           {}
[10:28:00] [Essential Thread 1/TRACE] [gg.essential.lib.websocket.WebSocketImpl/]: write(20): ‚Ž¨8!y¨8!|¨8!y¨8!{ÓE
[10:28:00] [Essential Thread 3/TRACE] [gg.essential.lib.websocket.WebSocketImpl/]: send frame: Framedata{ opcode:BINARY, fin:true, rsv1:false, rsv2:false, rsv3:false, payload length:[pos:0, len:56], payload:           ,{"a":"coins.ClientCoinsBalancePacket","b":6}}
[10:28:00] [Essential Thread 3/TRACE] [gg.essential.lib.websocket.drafts.Draft_6455/]: afterEnconding(56):            ,{"a":"coins.ClientCoinsBalancePacket","b":6}
[10:28:00] [Essential Thread 3/TRACE] [gg.essential.lib.websocket.WebSocketImpl/]: write(62): ‚¸ùè9éùè9éùè9éùè9Å‚ÊXËÃÊZ†?†JÇº„PŒ—œz†?†J«˜„X‡š?iˆšƒ\?ÛÄ‹ÛÒ”
[10:28:00] [Essential Thread 3/TRACE] [gg.essential.lib.websocket.WebSocketImpl/]: send frame: Framedata{ opcode:BINARY, fin:true, rsv1:false, rsv2:false, rsv3:false, payload length:[pos:0, len:50], payload:      $c4801dd8-f19c-47f9-b5e3-b769d9e4a8ed   {}}
[10:28:00] [Essential Thread 3/TRACE] [gg.essential.lib.websocket.drafts.Draft_6455/]: afterEnconding(50):       $c4801dd8-f19c-47f9-b5e3-b769d9e4a8ed   {}
[10:28:00] [Essential Thread 3/TRACE] [gg.essential.lib.websocket.WebSocketImpl/]: write(56): ‚²Q^?:Q^?<Q^?2j·
`:ë|8¾2s»7g¢Xd;¼3i¹5gê0fê^Q^?8*#
[10:28:00] [Essential Thread 5/TRACE] [gg.essential.lib.websocket.WebSocketImpl/]: send frame: Framedata{ opcode:BINARY, fin:true, rsv1:false, rsv2:false, rsv3:false, payload length:[pos:0, len:62], payload:           2{"a":"currency.ClientCurrencyOptionsPacket","b":7}}
[10:28:00] [Essential Thread 5/TRACE] [gg.essential.lib.websocket.drafts.Draft_6455/]: afterEnconding(62):            2{"a":"currency.ClientCurrencyOptionsPacket","b":7}
[10:28:00] [Essential Thread 5/TRACE] [gg.essential.lib.websocket.WebSocketImpl/]: write(68): ‚¾ŒEfÆŒEfÆŒEfÆŒEfô÷gä¶g³þ7¨ï<H…à,¨ø´þ ¥õ
²å*µÜ$­é1Dê®'Dü»8
[10:28:00] [Essential Thread 5/TRACE] [gg.essential.lib.websocket.WebSocketImpl/]: send frame: Framedata{ opcode:BINARY, fin:true, rsv1:false, rsv2:false, rsv3:false, payload length:[pos:0, len:50], payload:      $c26d10d9-c47f-4a82-a6b9-f0a39ec612e6   {}}
[10:28:00] [Essential Thread 5/TRACE] [gg.essential.lib.websocket.drafts.Draft_6455/]: afterEnconding(50):       $c26d10d9-c47f-4a82-a6b9-f0a39ec612e6   {}
[10:28:00] [Essential Thread 5/TRACE] [gg.essential.lib.websocket.WebSocketImpl/]: write(56): ‚²k;Òk;Õk;ö	7¶ZeëFX5å5³S	,³]Y8ÿ`áR^bäZ	däk;ÐF
[10:28:00] [Essential Thread 6/TRACE] [gg.essential.lib.websocket.WebSocketImpl/]: send frame: Framedata{ opcode:BINARY, fin:true, rsv1:false, rsv2:false, rsv3:false, payload length:[pos:0, len:61], payload:           1{"a":"coins.ClientCoinBundleOptionsPacket","b":8}}
[10:28:00] [Essential Thread 6/TRACE] [gg.essential.lib.websocket.drafts.Draft_6455/]: afterEnconding(61):            1{"a":"coins.ClientCoinBundleOptionsPacket","b":8}
[10:28:00] [Essential Thread 6/TRACE] [gg.essential.lib.websocket.WebSocketImpl/]: write(67): ‚½‘ÄÓ‘ÄÓ‘ÄÓ‘Äâê&¥ñ«&§¼øj·ýÒh­¶ÿp‡¼øj†¦ÿ`¨¶Þt°ºþj·ƒðg¯¶å&èñó&þëì
[10:28:00] [Essential Thread 6/TRACE] [gg.essential.lib.websocket.WebSocketImpl/]: send frame: Framedata{ opcode:BINARY, fin:true, rsv1:false, rsv2:false, rsv3:false, payload length:[pos:0, len:66], payload:      $12b6b8b8-777e-4d22-a162-e85772523946   {"currency":"USD"}}
[10:28:00] [Essential Thread 6/TRACE] [gg.essential.lib.websocket.drafts.Draft_6455/]: afterEnconding(66):       $12b6b8b8-777e-4d22-a162-e85772523946   {"currency":"USD"}
[10:28:00] [Essential Thread 6/TRACE] [gg.essential.lib.websocket.WebSocketImpl/]: write(72): ‚Â:Ô[:ÔS:Ô$¶mw¶c8ãlpà?'ù:$ævpál"ái&àm:ÔIn·.gH±5vCöa7o‡7G
[10:28:00] [Essential Thread 10/TRACE] [gg.essential.lib.websocket.WebSocketImpl/]: send frame: Framedata{ opcode:BINARY, fin:true, rsv1:false, rsv2:false, rsv3:false, payload length:[pos:0, len:70], payload:           :{"a":"knownservers.ClientKnownServersRequestPacket","b":9}}
[10:28:00] [Essential Thread 10/TRACE] [gg.essential.lib.websocket.drafts.Draft_6455/]: afterEnconding(70):            :{"a":"knownservers.ClientKnownServersRequestPacket","b":9}
[10:28:00] [Essential Thread 10/TRACE] [gg.essential.lib.websocket.WebSocketImpl/]: write(76): ‚Æ¾h0¾h0¾h0¾h01ÅJQ)„J[eÑ^xÛFnÌHÒUeÊ#^dÉcnÌUyÍ:UzËCî	S`Û'œ
1‡
[10:28:00] [Essential Thread 10/TRACE] [gg.essential.lib.websocket.WebSocketImpl/]: send frame: Framedata{ opcode:BINARY, fin:true, rsv1:false, rsv2:false, rsv3:false, payload length:[pos:0, len:50], payload:   	   $0aba63ac-260b-4600-b5bd-07d542540fda   {}}
[10:28:00] [Essential Thread 10/TRACE] [gg.essential.lib.websocket.drafts.Draft_6455/]: afterEnconding(50):    	   $0aba63ac-260b-4600-b5bd-07d542540fda   {}
[10:28:00] [Essential Thread 10/TRACE] [gg.essential.lib.websocket.WebSocketImpl/]: write(56): ‚²‘¿;‘¿2‘¿¡gÝZ§5ÞX¼4‰ó+‹¡6’Y¤dÛ¡1Û¥4Š¡`ÛZ‘¿9ê{
[10:28:00] [Essential Thread 1/TRACE] [gg.essential.lib.websocket.WebSocketImpl/]: send frame: Framedata{ opcode:BINARY, fin:true, rsv1:false, rsv2:false, rsv3:false, payload length:[pos:0, len:77], payload:           A{"a":"serverdiscovery.ClientServerDiscoveryRequestPacket","b":10}}
[10:28:00] [Essential Thread 1/TRACE] [gg.essential.lib.websocket.drafts.Draft_6455/]: afterEnconding(77):            A{"a":"serverdiscovery.ClientServerDiscoveryRequestPacket","b":10}
[10:28:00] [Essential Thread 1/TRACE] [gg.essential.lib.websocket.WebSocketImpl/]: write(83): ‚Í®	Á®	Á®	Á®	€Õ+iã”+{¤Üm³Ê`{¢Ám³×'K­Çlfµýlz·Ë{L¨Ýjg·Ë{q“Ëx}¤Ý}X ÍbmµŒ%*£Œ39ñÓ
[10:28:00] [Essential Thread 1/TRACE] [gg.essential.lib.websocket.WebSocketImpl/]: send frame: Framedata{ opcode:BINARY, fin:true, rsv1:false, rsv2:false, rsv3:false, payload length:[pos:0, len:50], payload:   
   $f78142f4-0931-4346-9f2d-f0c6ab048ff2   {}}
[10:28:00] [Essential Thread 1/TRACE] [gg.essential.lib.websocket.drafts.Draft_6455/]: afterEnconding(50):    
   $f78142f4-0931-4346-9f2d-f0c6ab048ff2   {}
[10:28:00] [Essential Thread 1/TRACE] [gg.essential.lib.websocket.WebSocketImpl/]: write(56): ‚²q^Íôq^Íþq^ÍÐiõÅEl«À\nôÇ@sùÇEhàÍl©Ùn®Â<ýÀI8«Æq^Íö
#
[10:28:00] [WebSocketConnectReadThread-121/TRACE] [gg.essential.lib.websocket.WebSocketImpl/]: matched frame: Framedata{ opcode:BINARY, fin:true, rsv1:false, rsv2:false, rsv3:false, payload length:[pos:0, len:67], payload:           7{"a":"telemetry.ServerRecognizedTelemetryPacket","b":2}}
[10:28:00] [WebSocketConnectReadThread-121/TRACE] [gg.essential.lib.websocket.WebSocketImpl/]: process(630): (‚~r         f{"recognized_telemetry":["UPDATE_DOWNLOAD_SPEED","SPS_SESSION_3","SPS_SESSION_2","SPS_SESSION","SPS_JOIN","SPS_CONNECTION","SETTING_STATE","SESSION_START","SESSION_END","RESOLUTION_2","PARTNERED_MODS","MULTIPLAYER_SERVER_LIST_VIEW","LANGUAGE","ITEM_PREVIEW_2","ITEM_PREVIEW","INSTALLER","HARDWARE_V2","HARDWARE","GUI_SESSION_DURATION","GUI_OPEN","FEATURED_SERVER_JOIN","FEATURED_SERVER_FAVORITE","DISCOVER_SERVER_IMPRESSION_1","COSMETIC_PURCHASE_2","COSMETIC_PURCHASE","COSMETIC_PREVIEW","COSMETIC_IMPRESSIONS","COSMETICS_SALE_BANNER_IMPRESSION","CLIENT_FOV","CLIENT_ACTION","CART_NOT_EMPTY_WARNING","AB_FEATURE"]})
[10:28:00] [WebSocketConnectReadThread-121/TRACE] [gg.essential.lib.websocket.drafts.Draft_6455/]: afterDecoding(626):          f{"recognized_telemetry":["UPDATE_DOWNLOAD_SPEED","SPS_SESSION_3","SPS_SESSION_2","SPS_SESSION","SPS_JOIN","SPS_CONNECTION","SETTING_STATE","SESSION_START","SESSION_END","RESOLUTION_2","PARTNERED_MODS","MULTIPLAYER_SERVER_LIST_VIEW","LANGUAGE","ITEM_PREVIEW_2","ITEM_PREVIEW","INSTALLER","HARDWARE_V2","HARDWARE","GUI_SESSION_DURATION","GUI_OPEN","FEATURED_SERVER_JOIN","FEATURED_SERVER_FAVORITE","DISCOVER_SERVER_IMPRESSION_1","COSMETIC_PURCHASE_2","COSMETIC_PURCHASE","COSMETIC_PREVIEW","COSMETIC_IMPRESSIONS","COSMETICS_SALE_BANNER_IMPRESSION","CLIENT_FOV","CLIENT_ACTION","CART_NOT_EMPTY_WARNING","AB_FEATURE"]}
[10:28:00] [WebSocketConnectReadThread-121/TRACE] [gg.essential.lib.websocket.WebSocketImpl/]: matched frame: Framedata{ opcode:BINARY, fin:true, rsv1:false, rsv2:false, rsv3:false, payload length:[pos:0, len:626], payload:         f{"recognized_telemetry":["UPDATE_DOWNLOAD_SPEED","SPS_SESSION_3","SPS_SESSION_2","SPS_SESSION","SPS_JOIN","SPS_CONNECTION","SETTING_STATE","SESSION_START","SESSION_END","RESOLUTION_2","PARTNERED_MODS","MULTIPLAYER_SERVER_LIST_VIEW","LANGUAGE","ITEM_PREVIEW_2","ITEM_PREVIEW","INSTALLER","HARDWARE_V2","HARDWARE","GUI_SESSION_DURATION","GUI_OPEN","FEATURED_SERVER_JOIN","FEATURED_SERVER_FAVORITE","DISCOVER_SERVER_IMPRESSION_1","COSMETIC_PURCHASE_2","COSMETIC_PURCHASE","COSMETIC_PREVIEW","COSMETIC_IMPRESSIONS","COSMETICS_SALE_BANNER_IMPRESSION","CLIENT_FOV","CLIENT_ACTION","CART_NOT_EMPTY_WARNING","AB_FEATURE"]}}
[10:28:00] [WebSocketConnectReadThread-121/TRACE] [gg.essential.lib.websocket.WebSocketImpl/]: process(61): (‚;           /{"a":"profile.ServerProfileStatusPacket","b":3})
[10:28:00] [WebSocketConnectReadThread-121/TRACE] [gg.essential.lib.websocket.drafts.Draft_6455/]: afterDecoding(59):            /{"a":"profile.ServerProfileStatusPacket","b":3}
[10:28:00] [WebSocketConnectReadThread-121/TRACE] [gg.essential.lib.websocket.WebSocketImpl/]: matched frame: Framedata{ opcode:BINARY, fin:true, rsv1:false, rsv2:false, rsv3:false, payload length:[pos:0, len:59], payload:           /{"a":"profile.ServerProfileStatusPacket","b":3}}
[10:28:00] [WebSocketConnectReadThread-121/TRACE] [gg.essential.lib.websocket.WebSocketImpl/]: process(192): (‚E          9{"a":"55ec3042-107a-413f-a189-3a26292be9df","b":"ONLINE"}‚=           1{"a":"profile.ServerProfileActivityPacket","b":4}‚8          ,{"a":"55ec3042-107a-413f-a189-3a26292be9df"})
[10:28:00] [WebSocketConnectReadThread-121/TRACE] [gg.essential.lib.websocket.drafts.Draft_6455/]: afterDecoding(69):           9{"a":"55ec3042-107a-413f-a189-3a26292be9df","b":"ONLINE"}
[10:28:00] [WebSocketConnectReadThread-121/TRACE] [gg.essential.lib.websocket.drafts.Draft_6455/]: afterDecoding(61):            1{"a":"profile.ServerProfileActivityPacket","b":4}
[10:28:00] [WebSocketConnectReadThread-121/TRACE] [gg.essential.lib.websocket.drafts.Draft_6455/]: afterDecoding(56):           ,{"a":"55ec3042-107a-413f-a189-3a26292be9df"}
[10:28:00] [WebSocketConnectReadThread-121/TRACE] [gg.essential.lib.websocket.WebSocketImpl/]: matched frame: Framedata{ opcode:BINARY, fin:true, rsv1:false, rsv2:false, rsv3:false, payload length:[pos:0, len:69], payload:          9{"a":"55ec3042-107a-413f-a189-3a26292be9df","b":"ONLINE"}}
[10:28:00] [WebSocketConnectReadThread-121/TRACE] [gg.essential.lib.websocket.WebSocketImpl/]: matched frame: Framedata{ opcode:BINARY, fin:true, rsv1:false, rsv2:false, rsv3:false, payload length:[pos:0, len:61], payload:           1{"a":"profile.ServerProfileActivityPacket","b":4}}
[10:28:00] [WebSocketConnectReadThread-121/TRACE] [gg.essential.lib.websocket.WebSocketImpl/]: matched frame: Framedata{ opcode:BINARY, fin:true, rsv1:false, rsv2:false, rsv3:false, payload length:[pos:0, len:56], payload:          ,{"a":"55ec3042-107a-413f-a189-3a26292be9df"}}
[10:28:00] [WebSocketConnectReadThread-121/TRACE] [gg.essential.lib.websocket.WebSocketImpl/]: process(621): (‚J           >{"a":"chat.ServerChatChannelMessageReportReasonsPacket","b":5}‚~ ¬           {"a":{"ILLEGAL_ACTIVITY":{"en_US":"Illegal Activity"},"HARASSMENT":{"en_US":"Bullying / Harassment"},"INAPPROPRIATE_CONTENT":{"en_US":"Inappropriate Content"}}}‚C           7{"a":"partner.ServerPartneredModsPopulatePacket","b":6}‚~(         {"mods":[{"id":"my-mod","displayName":"My Mod"},{"id":"other-mod","displayName":"Other Mod"},{"id":"longmod","displayName":"This Mod Has a Long Name"},{"id":"fourmod","displayName":"4th Mod"},{"id":"fivemod","displayName":"Fifth Mod"},{"id":"examplemod","displayName":"Example Mod"}]})
[10:28:00] [WebSocketConnectReadThread-121/TRACE] [gg.essential.lib.websocket.drafts.Draft_6455/]: afterDecoding(74):            >{"a":"chat.ServerChatChannelMessageReportReasonsPacket","b":5}
[10:28:00] [WebSocketConnectReadThread-121/TRACE] [gg.essential.lib.websocket.drafts.Draft_6455/]: afterDecoding(172):            {"a":{"ILLEGAL_ACTIVITY":{"en_US":"Illegal Activity"},"HARASSMENT":{"en_US":"Bullying / Harassment"},"INAPPROPRIATE_CONTENT":{"en_US":"Inappropriate Content"}}}
[10:28:00] [WebSocketConnectReadThread-121/TRACE] [gg.essential.lib.websocket.drafts.Draft_6455/]: afterDecoding(67):            7{"a":"partner.ServerPartneredModsPopulatePacket","b":6}
[10:28:00] [WebSocketConnectReadThread-121/TRACE] [gg.essential.lib.websocket.drafts.Draft_6455/]: afterDecoding(296):          {"mods":[{"id":"my-mod","displayName":"My Mod"},{"id":"other-mod","displayName":"Other Mod"},{"id":"longmod","displayName":"This Mod Has a Long Name"},{"id":"fourmod","displayName":"4th Mod"},{"id":"fivemod","displayName":"Fifth Mod"},{"id":"examplemod","displayName":"Example Mod"}]}
[10:28:00] [WebSocketConnectReadThread-121/TRACE] [gg.essential.lib.websocket.WebSocketImpl/]: matched frame: Framedata{ opcode:BINARY, fin:true, rsv1:false, rsv2:false, rsv3:false, payload length:[pos:0, len:74], payload:           >{"a":"chat.ServerChatChannelMessageReportReasonsPacket","b":5}}
[10:28:00] [WebSocketConnectReadThread-121/TRACE] [gg.essential.lib.websocket.WebSocketImpl/]: matched frame: Framedata{ opcode:BINARY, fin:true, rsv1:false, rsv2:false, rsv3:false, payload length:[pos:0, len:172], payload:           {"a":{"ILLEGAL_ACTIVITY":{"en_US":"Illegal Activity"},"HARASSMENT":{"en_US":"Bullying / Harassment"},"INAPPROPRIATE_CONTENT":{"en_US":"Inappropriate Content"}}}}
[10:28:00] [WebSocketConnectReadThread-121/TRACE] [gg.essential.lib.websocket.WebSocketImpl/]: matched frame: Framedata{ opcode:BINARY, fin:true, rsv1:false, rsv2:false, rsv3:false, payload length:[pos:0, len:67], payload:           7{"a":"partner.ServerPartneredModsPopulatePacket","b":6}}
[10:28:00] [WebSocketConnectReadThread-121/TRACE] [gg.essential.lib.websocket.WebSocketImpl/]: matched frame: Framedata{ opcode:BINARY, fin:true, rsv1:false, rsv2:false, rsv3:false, payload length:[pos:0, len:296], payload:         {"mods":[{"id":"my-mod","displayName":"My Mod"},{"id":"other-mod","displayName":"Other Mod"},{"id":"longmod","displayName":"This Mod Has a Long Name"},{"id":"fourmod","displayName":"4th Mod"},{"id":"fivemod","displayName":"Fifth Mod"},{"id":"examplemod","displayName":"Example Mod"}]}}
[10:28:00] [Client thread/DEBUG] [FML/]: Bar Finished: Loading Resource - LanguageManager took 0.002s
[10:28:00] [Client thread/DEBUG] [mixin/]: Mixing performance.forge.FMLClientHandlerMixin_GetErrors from mixins.patcher.json into net.minecraftforge.fml.client.FMLClientHandler
[10:28:00] [Client thread/TRACE] [mixin/]: Added class metadata for club/sk1er/patcher/ducks/FMLClientHandlerExt to metadata cache
[10:28:00] [Client thread/DEBUG] [mixin/]: Mixing performance.forge.FMLClientHandlerMixin_Optimization from mixins.patcher.json into net.minecraftforge.fml.client.FMLClientHandler
[10:28:00] [Client thread/TRACE] [mixin/]: Added class metadata for net/minecraft/util/StringUtils to metadata cache
[10:28:00] [Client thread/TRACE] [mixin/]: Added class metadata for com/google/common/base/CharMatcher to metadata cache
[10:28:00] [Client thread/TRACE] [mixin/]: Added class metadata for com/google/common/base/Predicate to metadata cache
[10:28:00] [Client thread/TRACE] [mixin/]: Added class metadata for net/minecraftforge/fml/common/IFMLSidedHandler to metadata cache
[10:28:00] [Client thread/TRACE] [mixin/]: Added class metadata for net/minecraftforge/fml/common/registry/LanguageRegistry to metadata cache
[10:28:00] [Client thread/TRACE] [mixin/]: Added class metadata for net/minecraftforge/fml/relauncher/Side to metadata cache
[10:28:00] [Client thread/TRACE] [mixin/]: Added class metadata for java/util/HashMap to metadata cache
[10:28:00] [Client thread/TRACE] [mixin/]: Added class metadata for com/google/gson/JsonObject to metadata cache
[10:28:00] [Client thread/TRACE] [mixin/]: Added class metadata for com/google/gson/JsonElement to metadata cache
[10:28:00] [Client thread/TRACE] [mixin/]: Added class metadata for java/util/HashSet to metadata cache
[10:28:00] [WebSocketConnectReadThread-121/TRACE] [gg.essential.lib.websocket.WebSocketImpl/]: process(1712): (too big to display)
[10:28:00] [WebSocketConnectReadThread-121/TRACE] [gg.essential.lib.websocket.drafts.Draft_6455/]: afterDecoding(55):            +{"a":"skin.ServerSkinPopulatePacket","b":7}
[10:28:00] [WebSocketConnectReadThread-121/TRACE] [gg.essential.lib.websocket.drafts.Draft_6455/]: afterDecoding(222):           Ò{"skins":[{"id":"66cb3dc574462664d0eef289","name":"Skin #1","model":"CLASSIC","hash":"553f2144b57f38a24001c34b8024085540442711889d42dd62be43c965848e8f","last_used_at":1724595702074,"created_at":1724595653952}]}
[10:28:00] [WebSocketConnectReadThread-121/TRACE] [gg.essential.lib.websocket.drafts.Draft_6455/]: afterDecoding(84):            H{"a":"cosmetic.categories.ServerCosmeticCategoriesPopulatePacket","b":8}
[10:28:00] [WebSocketConnectReadThread-121/TRACE] [gg.essential.lib.websocket.drafts.Draft_6455/]: afterDecoding(20):           {"a":[]}
[10:28:00] [WebSocketConnectReadThread-121/TRACE] [gg.essential.lib.websocket.drafts.Draft_6455/]: afterDecoding(68):            8{"a":"cosmetic.ServerCosmeticTypesPopulatePacket","b":9}
[10:28:00] [WebSocketConnectReadThread-121/TRACE] [gg.essential.lib.websocket.drafts.Draft_6455/]: afterDecoding(1093): too big to display
[10:28:00] [WebSocketConnectReadThread-121/TRACE] [gg.essential.lib.websocket.drafts.Draft_6455/]: afterDecoding(65):            5{"a":"cosmetic.ServerCosmeticsPopulatePacket","b":10}
[10:28:00] [WebSocketConnectReadThread-121/TRACE] [gg.essential.lib.websocket.drafts.Draft_6455/]: afterDecoding(63):            3{"a":"upnp.ServerUPnPSessionPopulatePacket","b":11}
[10:28:00] [WebSocketConnectReadThread-121/TRACE] [gg.essential.lib.websocket.drafts.Draft_6455/]: afterDecoding(20):           {"a":[]}
[10:28:00] [WebSocketConnectReadThread-121/TRACE] [gg.essential.lib.websocket.WebSocketImpl/]: matched frame: Framedata{ opcode:BINARY, fin:true, rsv1:false, rsv2:false, rsv3:false, payload length:[pos:0, len:55], payload:           +{"a":"skin.ServerSkinPopulatePacket","b":7}}
[10:28:00] [WebSocketConnectReadThread-121/TRACE] [gg.essential.lib.websocket.WebSocketImpl/]: matched frame: Framedata{ opcode:BINARY, fin:true, rsv1:false, rsv2:false, rsv3:false, payload length:[pos:0, len:222], payload:          Ò{"skins":[{"id":"66cb3dc574462664d0eef289","name":"Skin #1","model":"CLASSIC","hash":"553f2144b57f38a24001c34b8024085540442711889d42dd62be43c965848e8f","last_used_at":1724595702074,"created_at":1724595653952}]}}
[10:28:00] [Client thread/DEBUG] [mixin/]: Mixing accessors.GuiSelectWorldAccessor from mixins.patcher.json into net.minecraft.client.gui.GuiSelectWorld
[10:28:00] [WebSocketConnectReadThread-121/TRACE] [gg.essential.lib.websocket.WebSocketImpl/]: matched frame: Framedata{ opcode:BINARY, fin:true, rsv1:false, rsv2:false, rsv3:false, payload length:[pos:0, len:84], payload:           H{"a":"cosmetic.categories.ServerCosmeticCategoriesPopulatePacket","b":8}}
[10:28:00] [WebSocketConnectReadThread-121/TRACE] [gg.essential.lib.websocket.WebSocketImpl/]: matched frame: Framedata{ opcode:BINARY, fin:true, rsv1:false, rsv2:false, rsv3:false, payload length:[pos:0, len:20], payload:          {"a":[]}}
[10:28:00] [Client thread/INFO] [FML/]: Forge Mod Loader has detected optifine OptiFine_1.8.9_HD_U_M6_pre2, enabling compatibility features
[10:28:00] [WebSocketConnectReadThread-121/TRACE] [gg.essential.lib.websocket.WebSocketImpl/]: matched frame: Framedata{ opcode:BINARY, fin:true, rsv1:false, rsv2:false, rsv3:false, payload length:[pos:0, len:68], payload:           8{"a":"cosmetic.ServerCosmeticTypesPopulatePacket","b":9}}
[10:28:00] [WebSocketConnectReadThread-121/TRACE] [gg.essential.lib.websocket.WebSocketImpl/]: matched frame: Framedata{ opcode:BINARY, fin:true, rsv1:false, rsv2:false, rsv3:false, payload length:[pos:0, len:1093], payload:(too big to display)}
[10:28:00] [WebSocketConnectReadThread-121/TRACE] [gg.essential.lib.websocket.WebSocketImpl/]: matched frame: Framedata{ opcode:BINARY, fin:true, rsv1:false, rsv2:false, rsv3:false, payload length:[pos:0, len:65], payload:           5{"a":"cosmetic.ServerCosmeticsPopulatePacket","b":10}}
[10:28:00] [WebSocketConnectReadThread-121/TRACE] [gg.essential.lib.websocket.WebSocketImpl/]: matched frame: Framedata{ opcode:BINARY, fin:true, rsv1:false, rsv2:false, rsv3:false, payload length:[pos:0, len:63], payload:           3{"a":"upnp.ServerUPnPSessionPopulatePacket","b":11}}
[10:28:00] [WebSocketConnectReadThread-121/TRACE] [gg.essential.lib.websocket.WebSocketImpl/]: matched frame: Framedata{ opcode:BINARY, fin:true, rsv1:false, rsv2:false, rsv3:false, payload length:[pos:0, len:20], payload:          {"a":[]}}
[10:28:00] [WebSocketConnectReadThread-121/TRACE] [gg.essential.lib.websocket.WebSocketImpl/]: process(14480): (too big to display)
[10:28:00] [WebSocketConnectReadThread-121/TRACE] [gg.essential.lib.websocket.drafts.Draft_6455/]: Incomplete frame: maxpacketsize < realpacketsize
[10:28:00] [WebSocketConnectReadThread-121/TRACE] [gg.essential.lib.websocket.WebSocketImpl/]: process(16320): (too big to display)
[10:28:00] [WebSocketConnectReadThread-121/TRACE] [gg.essential.lib.websocket.WebSocketImpl/]: process(8296): (too big to display)
[10:28:00] [WebSocketConnectReadThread-121/TRACE] [gg.essential.lib.websocket.WebSocketImpl/]: process(4344): (too big to display)
[10:28:00] [WebSocketConnectReadThread-121/TRACE] [gg.essential.lib.websocket.WebSocketImpl/]: process(2896): (too big to display)
[10:28:00] [WebSocketConnectReadThread-121/TRACE] [gg.essential.lib.websocket.WebSocketImpl/]: process(16320): (too big to display)
[10:28:00] [WebSocketConnectReadThread-121/TRACE] [gg.essential.lib.websocket.WebSocketImpl/]: process(16384): (too big to display)
[10:28:00] [WebSocketConnectReadThread-121/TRACE] [gg.essential.lib.websocket.drafts.Draft_6455/]: afterDecoding(65536): too big to display
[10:28:00] [WebSocketConnectReadThread-121/TRACE] [gg.essential.lib.websocket.drafts.Draft_6455/]: Incomplete frame: maxpacketsize < realpacketsize
[10:28:00] [WebSocketConnectReadThread-121/TRACE] [gg.essential.lib.websocket.WebSocketImpl/]: matched frame: Framedata{ opcode:BINARY, fin:false, rsv1:false, rsv2:false, rsv3:false, payload length:[pos:0, len:65536], payload:(too big to display)}
[10:28:00] [WebSocketConnectReadThread-121/TRACE] [gg.essential.lib.websocket.WebSocketImpl/]: process(9940): (too big to display)
[10:28:00] [WebSocketConnectReadThread-121/TRACE] [gg.essential.lib.websocket.WebSocketImpl/]: process(16384): (too big to display)
[10:28:00] [WebSocketConnectReadThread-121/TRACE] [gg.essential.lib.websocket.WebSocketImpl/]: process(16384): (too big to display)
[10:28:00] [WebSocketConnectReadThread-121/TRACE] [gg.essential.lib.websocket.WebSocketImpl/]: process(2908): (too big to display)
[10:28:00] [WebSocketConnectReadThread-121/TRACE] [gg.essential.lib.websocket.WebSocketImpl/]: process(16320): (too big to display)
[10:28:00] [WebSocketConnectReadThread-121/TRACE] [gg.essential.lib.websocket.drafts.Draft_6455/]: afterDecoding(65536): too big to display
[10:28:00] [WebSocketConnectReadThread-121/TRACE] [gg.essential.lib.websocket.drafts.Draft_6455/]: Incomplete frame: maxpacketsize < realpacketsize
[10:28:00] [WebSocketConnectReadThread-121/TRACE] [gg.essential.lib.websocket.WebSocketImpl/]: matched frame: Framedata{ opcode:CONTINUOUS, fin:false, rsv1:false, rsv2:false, rsv3:false, payload length:[pos:0, len:65536], payload:(too big to display)}
[10:28:00] [WebSocketConnectReadThread-121/TRACE] [gg.essential.lib.websocket.WebSocketImpl/]: process(16320): (too big to display)
[10:28:00] [WebSocketConnectReadThread-121/TRACE] [gg.essential.lib.websocket.WebSocketImpl/]: process(16384): (too big to display)
[10:28:00] [WebSocketConnectReadThread-121/TRACE] [gg.essential.lib.websocket.WebSocketImpl/]: process(16256): (too big to display)
[10:28:00] [WebSocketConnectReadThread-121/TRACE] [gg.essential.lib.websocket.WebSocketImpl/]: process(16384): (too big to display)
[10:28:00] [WebSocketConnectReadThread-121/TRACE] [gg.essential.lib.websocket.drafts.Draft_6455/]: afterDecoding(65536): too big to display
[10:28:00] [WebSocketConnectReadThread-121/TRACE] [gg.essential.lib.websocket.drafts.Draft_6455/]: Incomplete frame: maxpacketsize < realpacketsize
[10:28:00] [WebSocketConnectReadThread-121/TRACE] [gg.essential.lib.websocket.WebSocketImpl/]: matched frame: Framedata{ opcode:CONTINUOUS, fin:false, rsv1:false, rsv2:false, rsv3:false, payload length:[pos:0, len:65536], payload:(too big to display)}
[10:28:00] [WebSocketConnectReadThread-121/TRACE] [gg.essential.lib.websocket.WebSocketImpl/]: process(16256): (too big to display)
[10:28:00] [WebSocketConnectReadThread-121/TRACE] [gg.essential.lib.websocket.WebSocketImpl/]: process(16384): (too big to display)
[10:28:00] [WebSocketConnectReadThread-121/TRACE] [gg.essential.lib.websocket.WebSocketImpl/]: process(16256): (too big to display)
[10:28:00] [WebSocketConnectReadThread-121/TRACE] [gg.essential.lib.websocket.WebSocketImpl/]: process(16384): (too big to display)
[10:28:00] [WebSocketConnectReadThread-121/TRACE] [gg.essential.lib.websocket.drafts.Draft_6455/]: afterDecoding(65536): too big to display
[10:28:00] [WebSocketConnectReadThread-121/TRACE] [gg.essential.lib.websocket.drafts.Draft_6455/]: Incomplete frame: maxpacketsize < realpacketsize
[10:28:00] [WebSocketConnectReadThread-121/TRACE] [gg.essential.lib.websocket.WebSocketImpl/]: matched frame: Framedata{ opcode:CONTINUOUS, fin:false, rsv1:false, rsv2:false, rsv3:false, payload length:[pos:0, len:65536], payload:(too big to display)}
[10:28:00] [WebSocketConnectReadThread-121/TRACE] [gg.essential.lib.websocket.WebSocketImpl/]: process(16256): (too big to display)
[10:28:00] [WebSocketConnectReadThread-121/TRACE] [gg.essential.lib.websocket.WebSocketImpl/]: process(16384): (too big to display)
[10:28:00] [WebSocketConnectReadThread-121/TRACE] [gg.essential.lib.websocket.WebSocketImpl/]: process(16256): (too big to display)
[10:28:00] [WebSocketConnectReadThread-121/TRACE] [gg.essential.lib.websocket.WebSocketImpl/]: process(128): (958d75c768f5cb65e7c8f69e3d9bb5896eb4a213b6239f92a65f17"},"geometry.steve.json":{"a":"https://cdn.essential.gg/assets/7878823aea7)
[10:28:00] [WebSocketConnectReadThread-121/TRACE] [gg.essential.lib.websocket.WebSocketImpl/]: process(16384): (too big to display)
[10:28:00] [WebSocketConnectReadThread-121/TRACE] [gg.essential.lib.websocket.drafts.Draft_6455/]: afterDecoding(65536): too big to display
[10:28:00] [WebSocketConnectReadThread-121/TRACE] [gg.essential.lib.websocket.drafts.Draft_6455/]: Incomplete frame: maxpacketsize < realpacketsize
[10:28:00] [WebSocketConnectReadThread-121/TRACE] [gg.essential.lib.websocket.WebSocketImpl/]: matched frame: Framedata{ opcode:CONTINUOUS, fin:false, rsv1:false, rsv2:false, rsv3:false, payload length:[pos:0, len:65536], payload:(too big to display)}
[10:28:00] [WebSocketConnectReadThread-121/TRACE] [gg.essential.lib.websocket.WebSocketImpl/]: process(14686): (too big to display)
[10:28:00] [WebSocketConnectReadThread-121/TRACE] [gg.essential.lib.websocket.drafts.Draft_6455/]: afterDecoding(13393): too big to display
[10:28:00] [WebSocketConnectReadThread-121/TRACE] [gg.essential.lib.websocket.drafts.Draft_6455/]: afterDecoding(69):            9{"a":"cosmetic.ServerCosmeticsUserUnlockedPacket","b":12}
[10:28:00] [WebSocketConnectReadThread-121/TRACE] [gg.essential.lib.websocket.drafts.Draft_6455/]: afterDecoding(211):           Ç{"a":["CAPE_DISABLED","RUNNING_IN_PLACE"],"b":false,"d":{"CAPE_DISABLED":{"unlocked_at":1739886459409,"wardrobe_unlock":true},"RUNNING_IN_PLACE":{"unlocked_at":1739886459412,"wardrobe_unlock":true}}}
[10:28:00] [WebSocketConnectReadThread-121/TRACE] [gg.essential.lib.websocket.drafts.Draft_6455/]: afterDecoding(87):            K{"a":"profile.trustedhosts.ServerProfileTrustedHostsPopulatePacket","b":13}
[10:28:00] [WebSocketConnectReadThread-121/TRACE] [gg.essential.lib.websocket.drafts.Draft_6455/]: afterDecoding(712):          ¼{"a":[{"a":"60cb24a50dc956941869312d","b":"Discord","c":["cdn.discordapp.com","media.discordapp.net"]},{"a":"60cb24a50dc956941869312e","b":"BadLion","c":["i.badlion.net"]},{"a":"60cb24a50dc956941869312f","b":"Imgur","c":["i.imgur.com","imgur.com"]},{"a":"60cb24a50dc9569418693130","b":"Reddit","c":["i.redd.it"]},{"a":"60cb24a50dc9569418693131","b":"Twitter","c":["pbs.twimg.com"]},{"a":"62506f631f40308106c1ee4c","b":"Essential","c":["essential-artifacts-1.nyc3.cdn.digitaloceanspaces.com","cdn.essential.gg","essential.gg"]},{"a":"62e280faaee04163948d212a","b":"Essential Media","c":["media.essential.gg"]},{"a":"661c7b3c4c1481093d3bd6d3","b":"Example Name (replaced)","c":["https://google.com"]}]}
[10:28:00] [WebSocketConnectReadThread-121/TRACE] [gg.essential.lib.websocket.drafts.Draft_6455/]: afterDecoding(58):            .{"a":"media.ServerMediaPopulatePacket","b":14}
[10:28:00] [WebSocketConnectReadThread-121/TRACE] [gg.essential.lib.websocket.drafts.Draft_6455/]: afterDecoding(20):           {"a":[]}
[10:28:00] [WebSocketConnectReadThread-121/TRACE] [gg.essential.lib.websocket.drafts.Draft_6455/]: afterDecoding(58):            .{"a":"chat.ServerChatChannelAddPacket","b":15}
[10:28:00] [WebSocketConnectReadThread-121/TRACE] [gg.essential.lib.websocket.drafts.Draft_6455/]: afterDecoding(694):          ª{"a":[{"a":6815223125058097152,"b":"ANNOUNCEMENT","c":"Annoucements","d":"Gaming","f":["cd899a14-de78-4de8-8d31-9d42fff31d7a"],"g":{"a":1626485272935,"b":"cd899a14-de78-4de8-8d31-9d42fff31d7a"},"i":false},{"a":7226727888585560064,"b":"DIRECT_MESSAGE","c":"TechProKing","e":{"a":2},"f":["55ec3042-107a-413f-a189-3a26292be9df","cd899a14-de78-4de8-8d31-9d42fff31d7a"],"g":{"a":1724595653950,"b":"cd899a14-de78-4de8-8d31-9d42fff31d7a"},"i":false},{"a":7227182517458759680,"b":"DIRECT_MESSAGE","c":"TechProKing","e":{"a":2},"f":["55ec3042-107a-413f-a189-3a26292be9df","c1c67830-6392-45ea-ae40-2f06e4fa0056"],"g":{"a":1724704045920,"b":"c1c67830-6392-45ea-ae40-2f06e4fa0056"},"i":false}]}
[10:28:00] [WebSocketConnectReadThread-121/TRACE] [gg.essential.lib.websocket.drafts.Draft_6455/]: afterDecoding(68):            8{"a":"chat.ServerChatAnnouncementsChannelPacket","b":16}
[10:28:00] [WebSocketConnectReadThread-121/TRACE] [gg.essential.lib.websocket.drafts.Draft_6455/]: afterDecoding(68):           8{"channelIds":[6815223125058097152,7226727888585560064]}
[10:28:00] [WebSocketConnectReadThread-121/TRACE] [gg.essential.lib.websocket.drafts.Draft_6455/]: afterDecoding(77):            A{"a":"cosmetic.outfit.ServerCosmeticOutfitPopulatePacket","b":17}
[10:28:00] [WebSocketConnectReadThread-121/TRACE] [gg.essential.lib.websocket.drafts.Draft_6455/]: afterDecoding(164):           ˜{"outfits":[{"a":"66cb3dc574462664d0eef28a","b":"Outfit #1","d":{},"e":{},"f":true,"g":1724595653978,"i":1724595653990,"j":"66cb3dc574462664d0eef289"}]}
[10:28:00] [WebSocketConnectReadThread-121/TRACE] [gg.essential.lib.websocket.drafts.Draft_6455/]: afterDecoding(64):            4{"a":"relationships.ServerUuidNameMapPacket","b":18}
[10:28:00] [WebSocketConnectReadThread-121/TRACE] [gg.essential.lib.websocket.drafts.Draft_6455/]: afterDecoding(71):           ;{"a":{"c1c67830-6392-45ea-ae40-2f06e4fa0056":"CarProKing"}}
[10:28:00] [WebSocketConnectReadThread-121/TRACE] [gg.essential.lib.websocket.drafts.Draft_6455/]: afterDecoding(73):            ={"a":"relationships.ServerRelationshipPopulatePacket","b":19}
[10:28:00] [WebSocketConnectReadThread-121/TRACE] [gg.essential.lib.websocket.drafts.Draft_6455/]: afterDecoding(154):           Ž{"a":[{"a":"55ec3042-107a-413f-a189-3a26292be9df","b":"c1c67830-6392-45ea-ae40-2f06e4fa0056","c":"FRIENDS","d":"VERIFIED","e":1724704045849}]}
[10:28:00] [WebSocketConnectReadThread-121/TRACE] [gg.essential.lib.websocket.drafts.Draft_6455/]: afterDecoding(70):           :{"a":"c1c67830-6392-45ea-ae40-2f06e4fa0056","b":"OFFLINE"}
[10:28:00] [WebSocketConnectReadThread-121/TRACE] [gg.essential.lib.websocket.drafts.Draft_6455/]: afterDecoding(56):           ,{"a":"c1c67830-6392-45ea-ae40-2f06e4fa0056"}
[10:28:00] [WebSocketConnectReadThread-121/TRACE] [gg.essential.lib.websocket.drafts.Draft_6455/]: afterDecoding(79):            C{"a":"cosmetic.ServerCosmeticsUserEquippedVisibilityPacket","b":20}
[10:28:00] [WebSocketConnectReadThread-121/TRACE] [gg.essential.lib.websocket.drafts.Draft_6455/]: afterDecoding(22):           
{"a":true}
[10:28:00] [WebSocketConnectReadThread-121/TRACE] [gg.essential.lib.websocket.drafts.Draft_6455/]: afterDecoding(80):            D{"a":"cosmetic.emote.ServerCosmeticEmoteWheelPopulatePacket","b":21}
[10:28:00] [WebSocketConnectReadThread-121/TRACE] [gg.essential.lib.websocket.drafts.Draft_6455/]: afterDecoding(562):          &{"a":[{"a":"66cb3dc674462664d0eef28b","b":true,"c":{},"d":1724595654003},{"a":"66cb3dc674462664d0eef28c","b":false,"c":{},"d":1724595654010},{"a":"66cb3dc674462664d0eef28d","b":false,"c":{},"d":1724595654014},{"a":"66cb3dc674462664d0eef28e","b":false,"c":{},"d":1724595654018},{"a":"66cb3dc674462664d0eef28f","b":false,"c":{},"d":1724595654022},{"a":"66cb3dc674462664d0eef290","b":false,"c":{},"d":1724595654026},{"a":"66cb3dc674462664d0eef291","b":false,"c":{},"d":1724595654032},{"a":"66cb3dc674462664d0eef292","b":false,"c":{},"d":1724595654036}]}
[10:28:00] [WebSocketConnectReadThread-121/TRACE] [gg.essential.lib.websocket.drafts.Draft_6455/]: afterDecoding(56):            ,{"a":"response.ResponseActionPacket","b":22}
[10:28:00] [WebSocketConnectReadThread-121/TRACE] [gg.essential.lib.websocket.drafts.Draft_6455/]: afterDecoding(59):       $df36e61c-8913-4644-adcf-12dcad57ca50   {"a":false}
[10:28:00] [WebSocketConnectReadThread-121/TRACE] [gg.essential.lib.websocket.drafts.Draft_6455/]: afterDecoding(64):            4{"a":"wardrobe.ServerWardrobeSettingsPacket","b":23}
[10:28:00] [WebSocketConnectReadThread-121/TRACE] [gg.essential.lib.websocket.drafts.Draft_6455/]: afterDecoding(732):          Ð{"outfits_limit":128,"skins_limit":128,"featured_page_config":{"a":"https://cdn.essential.gg/assets/061d2edb927fec315654f722a08e4f6cb005f16d0adf9a74189f53cfcc242cbe","b":"061d2edb927fec315654f722a08e4f6cb005f16d0adf9a74189f53cfcc242cbe"},"gifting_coin_spend_requirement":500,"fallback_featured_page_config":{"a":"https://cdn.essential.gg/assets/061d2edb927fec315654f722a08e4f6cb005f16d0adf9a74189f53cfcc242cbe","b":"061d2edb927fec315654f722a08e4f6cb005f16d0adf9a74189f53cfcc242cbe"},"current_featured_page_config":{"a":"https://cdn.essential.gg/assets/147edf7d20579af49ed534ee7ebc660cc2d659ee755812828544b6b32d061374","b":"147edf7d20579af49ed534ee7ebc660cc2d659ee755812828544b6b32d061374"},"you_need_minimum_amount":500}
[10:28:00] [WebSocketConnectReadThread-121/TRACE] [gg.essential.lib.websocket.drafts.Draft_6455/]: afterDecoding(78):            B{"a":"serverdiscovery.ServerServerDiscoveryPopulatePacket","b":24}
[10:28:00] [WebSocketConnectReadThread-121/TRACE] [gg.essential.lib.websocket.drafts.Draft_6455/]: afterDecoding(299):          {"a":[{"a":"e23471bd0420d50d71892f9c52167cc6\u003c\u003ehypixel","b":{"en_us":"Hypixel"},"c":["mc.hypixel.net"],"e":[768,47,107,108,109,110,210,315,316,335,338,340,393,401,404,477,480,485,490,498,573,575,578,735,736,751,753,754,755,756,757,758,759,760,761,762,763,764,765,766,767,769]}]}
[10:28:00] [WebSocketConnectReadThread-121/TRACE] [gg.essential.lib.websocket.drafts.Draft_6455/]: afterDecoding(63):            3{"a":"currency.ServerCurrencyOptionsPacket","b":25}
[10:28:00] [WebSocketConnectReadThread-121/TRACE] [gg.essential.lib.websocket.drafts.Draft_6455/]: afterDecoding(70):       $c26d10d9-c47f-4a82-a6b9-f0a39ec612e6   {"currencies":["USD"]}
[10:28:00] [WebSocketConnectReadThread-121/TRACE] [gg.essential.lib.websocket.drafts.Draft_6455/]: afterDecoding(57):            -{"a":"coins.ServerCoinsBalancePacket","b":26}
[10:28:00] [WebSocketConnectReadThread-121/TRACE] [gg.essential.lib.websocket.drafts.Draft_6455/]: afterDecoding(77):       $c4801dd8-f19c-47f9-b5e3-b769d9e4a8ed   {"coins":500,"coins_spent":0}
[10:28:00] [WebSocketConnectReadThread-121/TRACE] [gg.essential.lib.websocket.drafts.Draft_6455/]: afterDecoding(61):            1{"a":"notices.ServerNoticePopulatePacket","b":27}
[10:28:00] [WebSocketConnectReadThread-121/TRACE] [gg.essential.lib.websocket.drafts.Draft_6455/]: afterDecoding(931):          —{"a":[{"a":"d9e76f86b825bc1392840f2a","b":"SALE","c":{"sale_id":81.0,"sale_name":"20% off!","discount":20.0,"cosmetics":["ENDER_RAGE","ENDER_ARMS","HOMER_DANCE","MINI_MOOSH","SPIDER_CRAWL","ENDER_GLIMMER","ENDER_ASCENSION","MECH_WINGS","THE_WORM","ENDERMAN","FLUSTERED","ASTRAL_MAGIC","ENDER_ENTITY_HEAD","FAIRY_WINGS","ENDER_EXCALIBUR","ENDER_ENTITY_BODY","KISS","FIRE_BREATHER","DOUBLE_ANGEL_WINGS","HELLCASTLE_BLANCA_HAT","GRIDDY","ENDERMAN_TAKEOVER","CAPYBARA","FIRE_WINGS","SLEEP","ENDER_WINGS","DEMONIC_CHARGE_UP","BREAKDANCE","GUITAR_SHRED","DOUBLE_DEMONIC_OVERLORD_WINGS","BURNING_BLAZE","ANIMATRONIC_HEAD","DEMONIC_OVERLORD_ARMOR","DEMONIC_OVERLORD_STAFF","DRAGON_WINGS","PASTEL_WINGS","MAGMA_WINGS","ANIMATRONIC_WINGS","ASTRAL_WINGS","POWER_BLADE","MECH_ARMOR","DEMONIC_AURA","SPARKLE_TRAIL","OCEAN_AURA","FIREFLIES","DRAGON","RACCOON","SHROOMLING","AXOLOTL"]},"d":false,"e":1743120000000,"f":1743548400000}]}
[10:28:00] [WebSocketConnectReadThread-121/TRACE] [gg.essential.lib.websocket.drafts.Draft_6455/]: afterDecoding(20):           {"a":[]}
[10:28:00] [WebSocketConnectReadThread-121/TRACE] [gg.essential.lib.websocket.drafts.Draft_6455/]: afterDecoding(62):            2{"a":"coins.ServerCoinBundleOptionsPacket","b":28}
[10:28:00] [WebSocketConnectReadThread-121/TRACE] [gg.essential.lib.websocket.drafts.Draft_6455/]: afterDecoding(1257): too big to display
[10:28:00] [WebSocketConnectReadThread-121/TRACE] [gg.essential.lib.websocket.drafts.Draft_6455/]: afterDecoding(72):            <{"a":"knownservers.ServerKnownServersResponsePacket","b":29}
[10:28:00] [WebSocketConnectReadThread-121/TRACE] [gg.essential.lib.websocket.drafts.Draft_6455/]: afterDecoding(78):            B{"a":"serverdiscovery.ServerServerDiscoveryResponsePacket","b":30}
[10:28:00] [WebSocketConnectReadThread-121/TRACE] [gg.essential.lib.websocket.drafts.Draft_6455/]: afterDecoding(938):       $0aba63ac-260b-4600-b5bd-07d542540fda  z{"knownServers":[{"id":"complex-gaming","names":{"en_us":"Complex Gaming"},"addresses":["ess.mc-complex.com"]},{"id":"minebox","names":{"en_us":"Minebox"},"addresses":["essential.minebox.co"]},{"id":"wynncraft","names":{"en_us":"Wynncraft MMORPG"},"addresses":["ess.wynncraft.com"]},{"id":"lemoncloud","names":{"en_us":"LemonCloud"},"addresses":["ess.lemoncloud.net"]},{"id":"mcc-island","names":{"en_us":"MCC Island"},"addresses":["essential.mccisland.net"]},{"id":"cubecraft","names":{"en_us":"CubeCraft"},"addresses":["play.cubecraft.net"]},{"id":"hypixel","names":{"en_us":"Hypixel"},"addresses":["mc.hypixel.net"]},{"id":"op-blocks","names":{"en_us":"OPBlocks"},"addresses":["play.opblocks.com"]},{"id":"craft-your-town","names":{"en_us":"Craft Your Town"},"addresses":["mc.cyt.gg"]},{"id":"origin-realms","names":{"en_us":"Origin Realms"},"addresses":["essential.originrealms.com"]}]}
[10:28:00] [WebSocketConnectReadThread-121/TRACE] [gg.essential.lib.websocket.drafts.Draft_6455/]: afterDecoding(1970): too big to display
[10:28:00] [WebSocketConnectReadThread-121/TRACE] [gg.essential.lib.websocket.WebSocketImpl/]: matched frame: Framedata{ opcode:CONTINUOUS, fin:true, rsv1:false, rsv2:false, rsv3:false, payload length:[pos:0, len:13393], payload:(too big to display)}
[10:28:00] [Client thread/DEBUG] [FML/]: Bar Finished: Loading Resource - Animation took 0.000s
[10:28:00] [Client thread/INFO] [FML/]: MinecraftForge v11.15.1.2318 Initialized
[10:28:00] [WebSocketConnectReadThread-121/TRACE] [gg.essential.lib.websocket.WebSocketImpl/]: matched frame: Framedata{ opcode:BINARY, fin:true, rsv1:false, rsv2:false, rsv3:false, payload length:[pos:0, len:69], payload:           9{"a":"cosmetic.ServerCosmeticsUserUnlockedPacket","b":12}}
[10:28:00] [WebSocketConnectReadThread-121/TRACE] [gg.essential.lib.websocket.WebSocketImpl/]: matched frame: Framedata{ opcode:BINARY, fin:true, rsv1:false, rsv2:false, rsv3:false, payload length:[pos:0, len:211], payload:          Ç{"a":["CAPE_DISABLED","RUNNING_IN_PLACE"],"b":false,"d":{"CAPE_DISABLED":{"unlocked_at":1739886459409,"wardrobe_unlock":true},"RUNNING_IN_PLACE":{"unlocked_at":1739886459412,"wardrobe_unlock":true}}}}
[10:28:00] [WebSocketConnectReadThread-121/TRACE] [gg.essential.lib.websocket.WebSocketImpl/]: matched frame: Framedata{ opcode:BINARY, fin:true, rsv1:false, rsv2:false, rsv3:false, payload length:[pos:0, len:87], payload:           K{"a":"profile.trustedhosts.ServerProfileTrustedHostsPopulatePacket","b":13}}
[10:28:00] [WebSocketConnectReadThread-121/TRACE] [gg.essential.lib.websocket.WebSocketImpl/]: matched frame: Framedata{ opcode:BINARY, fin:true, rsv1:false, rsv2:false, rsv3:false, payload length:[pos:0, len:712], payload:         ¼{"a":[{"a":"60cb24a50dc956941869312d","b":"Discord","c":["cdn.discordapp.com","media.discordapp.net"]},{"a":"60cb24a50dc956941869312e","b":"BadLion","c":["i.badlion.net"]},{"a":"60cb24a50dc956941869312f","b":"Imgur","c":["i.imgur.com","imgur.com"]},{"a":"60cb24a50dc9569418693130","b":"Reddit","c":["i.redd.it"]},{"a":"60cb24a50dc9569418693131","b":"Twitter","c":["pbs.twimg.com"]},{"a":"62506f631f40308106c1ee4c","b":"Essential","c":["essential-artifacts-1.nyc3.cdn.digitaloceanspaces.com","cdn.essential.gg","essential.gg"]},{"a":"62e280faaee04163948d212a","b":"Essential Media","c":["media.essential.gg"]},{"a":"661c7b3c4c1481093d3bd6d3","b":"Example Name (replaced)","c":["https://google.com"]}]}}
[10:28:00] [WebSocketConnectReadThread-121/TRACE] [gg.essential.lib.websocket.WebSocketImpl/]: matched frame: Framedata{ opcode:BINARY, fin:true, rsv1:false, rsv2:false, rsv3:false, payload length:[pos:0, len:58], payload:           .{"a":"media.ServerMediaPopulatePacket","b":14}}
[10:28:00] [WebSocketConnectReadThread-121/TRACE] [gg.essential.lib.websocket.WebSocketImpl/]: matched frame: Framedata{ opcode:BINARY, fin:true, rsv1:false, rsv2:false, rsv3:false, payload length:[pos:0, len:20], payload:          {"a":[]}}
[10:28:00] [WebSocketConnectReadThread-121/TRACE] [gg.essential.lib.websocket.WebSocketImpl/]: matched frame: Framedata{ opcode:BINARY, fin:true, rsv1:false, rsv2:false, rsv3:false, payload length:[pos:0, len:58], payload:           .{"a":"chat.ServerChatChannelAddPacket","b":15}}
[10:28:00] [WebSocketConnectReadThread-121/TRACE] [gg.essential.lib.websocket.WebSocketImpl/]: matched frame: Framedata{ opcode:BINARY, fin:true, rsv1:false, rsv2:false, rsv3:false, payload length:[pos:0, len:694], payload:         ª{"a":[{"a":6815223125058097152,"b":"ANNOUNCEMENT","c":"Annoucements","d":"Gaming","f":["cd899a14-de78-4de8-8d31-9d42fff31d7a"],"g":{"a":1626485272935,"b":"cd899a14-de78-4de8-8d31-9d42fff31d7a"},"i":false},{"a":7226727888585560064,"b":"DIRECT_MESSAGE","c":"TechProKing","e":{"a":2},"f":["55ec3042-107a-413f-a189-3a26292be9df","cd899a14-de78-4de8-8d31-9d42fff31d7a"],"g":{"a":1724595653950,"b":"cd899a14-de78-4de8-8d31-9d42fff31d7a"},"i":false},{"a":7227182517458759680,"b":"DIRECT_MESSAGE","c":"TechProKing","e":{"a":2},"f":["55ec3042-107a-413f-a189-3a26292be9df","c1c67830-6392-45ea-ae40-2f06e4fa0056"],"g":{"a":1724704045920,"b":"c1c67830-6392-45ea-ae40-2f06e4fa0056"},"i":false}]}}
[10:28:00] [WebSocketConnectReadThread-121/TRACE] [gg.essential.lib.websocket.WebSocketImpl/]: matched frame: Framedata{ opcode:BINARY, fin:true, rsv1:false, rsv2:false, rsv3:false, payload length:[pos:0, len:68], payload:           8{"a":"chat.ServerChatAnnouncementsChannelPacket","b":16}}
[10:28:00] [WebSocketConnectReadThread-121/TRACE] [gg.essential.lib.websocket.WebSocketImpl/]: matched frame: Framedata{ opcode:BINARY, fin:true, rsv1:false, rsv2:false, rsv3:false, payload length:[pos:0, len:68], payload:          8{"channelIds":[6815223125058097152,7226727888585560064]}}
[10:28:00] [WebSocketConnectReadThread-121/TRACE] [gg.essential.lib.websocket.WebSocketImpl/]: matched frame: Framedata{ opcode:BINARY, fin:true, rsv1:false, rsv2:false, rsv3:false, payload length:[pos:0, len:77], payload:           A{"a":"cosmetic.outfit.ServerCosmeticOutfitPopulatePacket","b":17}}
[10:28:00] [WebSocketConnectReadThread-121/TRACE] [gg.essential.lib.websocket.WebSocketImpl/]: matched frame: Framedata{ opcode:BINARY, fin:true, rsv1:false, rsv2:false, rsv3:false, payload length:[pos:0, len:164], payload:          ˜{"outfits":[{"a":"66cb3dc574462664d0eef28a","b":"Outfit #1","d":{},"e":{},"f":true,"g":1724595653978,"i":1724595653990,"j":"66cb3dc574462664d0eef289"}]}}
[10:28:00] [WebSocketConnectReadThread-121/TRACE] [gg.essential.lib.websocket.WebSocketImpl/]: matched frame: Framedata{ opcode:BINARY, fin:true, rsv1:false, rsv2:false, rsv3:false, payload length:[pos:0, len:64], payload:           4{"a":"relationships.ServerUuidNameMapPacket","b":18}}
[10:28:00] [WebSocketConnectReadThread-121/TRACE] [gg.essential.lib.websocket.WebSocketImpl/]: matched frame: Framedata{ opcode:BINARY, fin:true, rsv1:false, rsv2:false, rsv3:false, payload length:[pos:0, len:71], payload:          ;{"a":{"c1c67830-6392-45ea-ae40-2f06e4fa0056":"CarProKing"}}}
[10:28:00] [WebSocketConnectReadThread-121/TRACE] [gg.essential.lib.websocket.WebSocketImpl/]: matched frame: Framedata{ opcode:BINARY, fin:true, rsv1:false, rsv2:false, rsv3:false, payload length:[pos:0, len:73], payload:           ={"a":"relationships.ServerRelationshipPopulatePacket","b":19}}
[10:28:00] [WebSocketConnectReadThread-121/TRACE] [gg.essential.lib.websocket.WebSocketImpl/]: matched frame: Framedata{ opcode:BINARY, fin:true, rsv1:false, rsv2:false, rsv3:false, payload length:[pos:0, len:154], payload:          Ž{"a":[{"a":"55ec3042-107a-413f-a189-3a26292be9df","b":"c1c67830-6392-45ea-ae40-2f06e4fa0056","c":"FRIENDS","d":"VERIFIED","e":1724704045849}]}}
[10:28:00] [WebSocketConnectReadThread-121/TRACE] [gg.essential.lib.websocket.WebSocketImpl/]: matched frame: Framedata{ opcode:BINARY, fin:true, rsv1:false, rsv2:false, rsv3:false, payload length:[pos:0, len:70], payload:          :{"a":"c1c67830-6392-45ea-ae40-2f06e4fa0056","b":"OFFLINE"}}
[10:28:00] [WebSocketConnectReadThread-121/TRACE] [gg.essential.lib.websocket.WebSocketImpl/]: matched frame: Framedata{ opcode:BINARY, fin:true, rsv1:false, rsv2:false, rsv3:false, payload length:[pos:0, len:56], payload:          ,{"a":"c1c67830-6392-45ea-ae40-2f06e4fa0056"}}
[10:28:00] [WebSocketConnectReadThread-121/TRACE] [gg.essential.lib.websocket.WebSocketImpl/]: matched frame: Framedata{ opcode:BINARY, fin:true, rsv1:false, rsv2:false, rsv3:false, payload length:[pos:0, len:79], payload:           C{"a":"cosmetic.ServerCosmeticsUserEquippedVisibilityPacket","b":20}}
[10:28:00] [WebSocketConnectReadThread-121/TRACE] [gg.essential.lib.websocket.WebSocketImpl/]: matched frame: Framedata{ opcode:BINARY, fin:true, rsv1:false, rsv2:false, rsv3:false, payload length:[pos:0, len:22], payload:          
{"a":true}}
[10:28:00] [WebSocketConnectReadThread-121/TRACE] [gg.essential.lib.websocket.WebSocketImpl/]: matched frame: Framedata{ opcode:BINARY, fin:true, rsv1:false, rsv2:false, rsv3:false, payload length:[pos:0, len:80], payload:           D{"a":"cosmetic.emote.ServerCosmeticEmoteWheelPopulatePacket","b":21}}
[10:28:00] [WebSocketConnectReadThread-121/TRACE] [gg.essential.lib.websocket.WebSocketImpl/]: matched frame: Framedata{ opcode:BINARY, fin:true, rsv1:false, rsv2:false, rsv3:false, payload length:[pos:0, len:562], payload:         &{"a":[{"a":"66cb3dc674462664d0eef28b","b":true,"c":{},"d":1724595654003},{"a":"66cb3dc674462664d0eef28c","b":false,"c":{},"d":1724595654010},{"a":"66cb3dc674462664d0eef28d","b":false,"c":{},"d":1724595654014},{"a":"66cb3dc674462664d0eef28e","b":false,"c":{},"d":1724595654018},{"a":"66cb3dc674462664d0eef28f","b":false,"c":{},"d":1724595654022},{"a":"66cb3dc674462664d0eef290","b":false,"c":{},"d":1724595654026},{"a":"66cb3dc674462664d0eef291","b":false,"c":{},"d":1724595654032},{"a":"66cb3dc674462664d0eef292","b":false,"c":{},"d":1724595654036}]}}
[10:28:00] [WebSocketConnectReadThread-121/TRACE] [gg.essential.lib.websocket.WebSocketImpl/]: matched frame: Framedata{ opcode:BINARY, fin:true, rsv1:false, rsv2:false, rsv3:false, payload length:[pos:0, len:56], payload:           ,{"a":"response.ResponseActionPacket","b":22}}
[10:28:00] [WebSocketConnectReadThread-121/TRACE] [gg.essential.lib.websocket.WebSocketImpl/]: matched frame: Framedata{ opcode:BINARY, fin:true, rsv1:false, rsv2:false, rsv3:false, payload length:[pos:0, len:59], payload:      $df36e61c-8913-4644-adcf-12dcad57ca50   {"a":false}}
[10:28:00] [WebSocketConnectReadThread-121/TRACE] [gg.essential.lib.websocket.WebSocketImpl/]: matched frame: Framedata{ opcode:BINARY, fin:true, rsv1:false, rsv2:false, rsv3:false, payload length:[pos:0, len:64], payload:           4{"a":"wardrobe.ServerWardrobeSettingsPacket","b":23}}
[10:28:00] [WebSocketConnectReadThread-121/TRACE] [gg.essential.lib.websocket.WebSocketImpl/]: matched frame: Framedata{ opcode:BINARY, fin:true, rsv1:false, rsv2:false, rsv3:false, payload length:[pos:0, len:732], payload:         Ð{"outfits_limit":128,"skins_limit":128,"featured_page_config":{"a":"https://cdn.essential.gg/assets/061d2edb927fec315654f722a08e4f6cb005f16d0adf9a74189f53cfcc242cbe","b":"061d2edb927fec315654f722a08e4f6cb005f16d0adf9a74189f53cfcc242cbe"},"gifting_coin_spend_requirement":500,"fallback_featured_page_config":{"a":"https://cdn.essential.gg/assets/061d2edb927fec315654f722a08e4f6cb005f16d0adf9a74189f53cfcc242cbe","b":"061d2edb927fec315654f722a08e4f6cb005f16d0adf9a74189f53cfcc242cbe"},"current_featured_page_config":{"a":"https://cdn.essential.gg/assets/147edf7d20579af49ed534ee7ebc660cc2d659ee755812828544b6b32d061374","b":"147edf7d20579af49ed534ee7ebc660cc2d659ee755812828544b6b32d061374"},"you_need_minimum_amount":500}}
[10:28:00] [WebSocketConnectReadThread-121/TRACE] [gg.essential.lib.websocket.WebSocketImpl/]: matched frame: Framedata{ opcode:BINARY, fin:true, rsv1:false, rsv2:false, rsv3:false, payload length:[pos:0, len:78], payload:           B{"a":"serverdiscovery.ServerServerDiscoveryPopulatePacket","b":24}}
[10:28:00] [WebSocketConnectReadThread-121/TRACE] [gg.essential.lib.websocket.WebSocketImpl/]: matched frame: Framedata{ opcode:BINARY, fin:true, rsv1:false, rsv2:false, rsv3:false, payload length:[pos:0, len:299], payload:         {"a":[{"a":"e23471bd0420d50d71892f9c52167cc6\u003c\u003ehypixel","b":{"en_us":"Hypixel"},"c":["mc.hypixel.net"],"e":[768,47,107,108,109,110,210,315,316,335,338,340,393,401,404,477,480,485,490,498,573,575,578,735,736,751,753,754,755,756,757,758,759,760,761,762,763,764,765,766,767,769]}]}}
[10:28:00] [WebSocketConnectReadThread-121/TRACE] [gg.essential.lib.websocket.WebSocketImpl/]: matched frame: Framedata{ opcode:BINARY, fin:true, rsv1:false, rsv2:false, rsv3:false, payload length:[pos:0, len:63], payload:           3{"a":"currency.ServerCurrencyOptionsPacket","b":25}}
[10:28:00] [WebSocketConnectReadThread-121/TRACE] [gg.essential.lib.websocket.WebSocketImpl/]: matched frame: Framedata{ opcode:BINARY, fin:true, rsv1:false, rsv2:false, rsv3:false, payload length:[pos:0, len:70], payload:      $c26d10d9-c47f-4a82-a6b9-f0a39ec612e6   {"currencies":["USD"]}}
[10:28:00] [WebSocketConnectReadThread-121/TRACE] [gg.essential.lib.websocket.WebSocketImpl/]: matched frame: Framedata{ opcode:BINARY, fin:true, rsv1:false, rsv2:false, rsv3:false, payload length:[pos:0, len:57], payload:           -{"a":"coins.ServerCoinsBalancePacket","b":26}}
[10:28:00] [WebSocketConnectReadThread-121/TRACE] [gg.essential.lib.websocket.WebSocketImpl/]: matched frame: Framedata{ opcode:BINARY, fin:true, rsv1:false, rsv2:false, rsv3:false, payload length:[pos:0, len:77], payload:      $c4801dd8-f19c-47f9-b5e3-b769d9e4a8ed   {"coins":500,"coins_spent":0}}
[10:28:00] [WebSocketConnectReadThread-121/TRACE] [gg.essential.lib.websocket.WebSocketImpl/]: matched frame: Framedata{ opcode:BINARY, fin:true, rsv1:false, rsv2:false, rsv3:false, payload length:[pos:0, len:61], payload:           1{"a":"notices.ServerNoticePopulatePacket","b":27}}
[10:28:00] [WebSocketConnectReadThread-121/TRACE] [gg.essential.lib.websocket.WebSocketImpl/]: matched frame: Framedata{ opcode:BINARY, fin:true, rsv1:false, rsv2:false, rsv3:false, payload length:[pos:0, len:931], payload:         —{"a":[{"a":"d9e76f86b825bc1392840f2a","b":"SALE","c":{"sale_id":81.0,"sale_name":"20% off!","discount":20.0,"cosmetics":["ENDER_RAGE","ENDER_ARMS","HOMER_DANCE","MINI_MOOSH","SPIDER_CRAWL","ENDER_GLIMMER","ENDER_ASCENSION","MECH_WINGS","THE_WORM","ENDERMAN","FLUSTERED","ASTRAL_MAGIC","ENDER_ENTITY_HEAD","FAIRY_WINGS","ENDER_EXCALIBUR","ENDER_ENTITY_BODY","KISS","FIRE_BREATHER","DOUBLE_ANGEL_WINGS","HELLCASTLE_BLANCA_HAT","GRIDDY","ENDERMAN_TAKEOVER","CAPYBARA","FIRE_WINGS","SLEEP","ENDER_WINGS","DEMONIC_CHARGE_UP","BREAKDANCE","GUITAR_SHRED","DOUBLE_DEMONIC_OVERLORD_WINGS","BURNING_BLAZE","ANIMATRONIC_HEAD","DEMONIC_OVERLORD_ARMOR","DEMONIC_OVERLORD_STAFF","DRAGON_WINGS","PASTEL_WINGS","MAGMA_WINGS","ANIMATRONIC_WINGS","ASTRAL_WINGS","POWER_BLADE","MECH_ARMOR","DEMONIC_AURA","SPARKLE_TRAIL","OCEAN_AURA","FIREFLIES","DRAGON","RACCOON","SHROOMLING","AXOLOTL"]},"d":false,"e":1743120000000,"f":1743548400000}]}}
[10:28:00] [WebSocketConnectReadThread-121/TRACE] [gg.essential.lib.websocket.WebSocketImpl/]: matched frame: Framedata{ opcode:BINARY, fin:true, rsv1:false, rsv2:false, rsv3:false, payload length:[pos:0, len:20], payload:          {"a":[]}}
[10:28:00] [WebSocketConnectReadThread-121/TRACE] [gg.essential.lib.websocket.WebSocketImpl/]: matched frame: Framedata{ opcode:BINARY, fin:true, rsv1:false, rsv2:false, rsv3:false, payload length:[pos:0, len:62], payload:           2{"a":"coins.ServerCoinBundleOptionsPacket","b":28}}
[10:28:00] [WebSocketConnectReadThread-121/TRACE] [gg.essential.lib.websocket.WebSocketImpl/]: matched frame: Framedata{ opcode:BINARY, fin:true, rsv1:false, rsv2:false, rsv3:false, payload length:[pos:0, len:1257], payload:(too big to display)}
[10:28:00] [WebSocketConnectReadThread-121/TRACE] [gg.essential.lib.websocket.WebSocketImpl/]: matched frame: Framedata{ opcode:BINARY, fin:true, rsv1:false, rsv2:false, rsv3:false, payload length:[pos:0, len:72], payload:           <{"a":"knownservers.ServerKnownServersResponsePacket","b":29}}
[10:28:00] [WebSocketConnectReadThread-121/TRACE] [gg.essential.lib.websocket.WebSocketImpl/]: matched frame: Framedata{ opcode:BINARY, fin:true, rsv1:false, rsv2:false, rsv3:false, payload length:[pos:0, len:78], payload:           B{"a":"serverdiscovery.ServerServerDiscoveryResponsePacket","b":30}}
[10:28:00] [WebSocketConnectReadThread-121/TRACE] [gg.essential.lib.websocket.WebSocketImpl/]: matched frame: Framedata{ opcode:BINARY, fin:true, rsv1:false, rsv2:false, rsv3:false, payload length:[pos:0, len:938], payload:      $0aba63ac-260b-4600-b5bd-07d542540fda  z{"knownServers":[{"id":"complex-gaming","names":{"en_us":"Complex Gaming"},"addresses":["ess.mc-complex.com"]},{"id":"minebox","names":{"en_us":"Minebox"},"addresses":["essential.minebox.co"]},{"id":"wynncraft","names":{"en_us":"Wynncraft MMORPG"},"addresses":["ess.wynncraft.com"]},{"id":"lemoncloud","names":{"en_us":"LemonCloud"},"addresses":["ess.lemoncloud.net"]},{"id":"mcc-island","names":{"en_us":"MCC Island"},"addresses":["essential.mccisland.net"]},{"id":"cubecraft","names":{"en_us":"CubeCraft"},"addresses":["play.cubecraft.net"]},{"id":"hypixel","names":{"en_us":"Hypixel"},"addresses":["mc.hypixel.net"]},{"id":"op-blocks","names":{"en_us":"OPBlocks"},"addresses":["play.opblocks.com"]},{"id":"craft-your-town","names":{"en_us":"Craft Your Town"},"addresses":["mc.cyt.gg"]},{"id":"origin-realms","names":{"en_us":"Origin Realms"},"addresses":["essential.originrealms.com"]}]}}
[10:28:00] [WebSocketConnectReadThread-121/TRACE] [gg.essential.lib.websocket.WebSocketImpl/]: matched frame: Framedata{ opcode:BINARY, fin:true, rsv1:false, rsv2:false, rsv3:false, payload length:[pos:0, len:1970], payload:(too big to display)}
[10:28:00] [Client thread/INFO] [FML/]: Replaced 229 ore recipies
[10:28:00] [Client thread/DEBUG] [mixin/]: Mixing crash.MixinCrashReport from mixins.essential.json into net.minecraft.crash.CrashReport
[10:28:00] [Client thread/TRACE] [mixin/]: Added class metadata for gg/essential/util/crash/StacktraceDeobfuscator to metadata cache
[10:28:00] [Client thread/TRACE] [mixin/]: Added class metadata for java/lang/OutOfMemoryError to metadata cache
[10:28:00] [Client thread/TRACE] [mixin/]: Added class metadata for java/lang/VirtualMachineError to metadata cache
[10:28:00] [Client thread/TRACE] [mixin/]: Added class metadata for java/lang/StackOverflowError to metadata cache
[10:28:00] [Client thread/DEBUG] [mixin/]: Mixing crash.MixinCrashReportCategory from mixins.essential.json into net.minecraft.crash.CrashReportCategory
[10:28:00] [Client thread/DEBUG] [mixin/]: Mixing forge.Mixin_PreventExtraPlayerLoadEvent from mixins.essential.json into net.minecraft.world.storage.SaveHandler
[10:28:00] [Client thread/TRACE] [mixin/]: Added class metadata for net/minecraft/world/storage/ISaveHandler to metadata cache
[10:28:00] [Client thread/TRACE] [mixin/]: Added class metadata for java/io/FileInputStream to metadata cache
[10:28:00] [Client thread/DEBUG] [mixin/]: Mixing client.network.Mixin_LogExceptions from mixins.essential.json into net.minecraft.network.NetworkManager
[10:28:00] [Client thread/TRACE] [mixin/]: Added class metadata for io/netty/channel/SimpleChannelInboundHandler to metadata cache
[10:28:00] [Client thread/TRACE] [mixin/]: Added class metadata for io/netty/channel/ChannelInboundHandlerAdapter to metadata cache
[10:28:00] [Client thread/TRACE] [mixin/]: Added class metadata for io/netty/channel/ChannelHandlerAdapter to metadata cache
[10:28:00] [Client thread/TRACE] [mixin/]: Added class metadata for io/netty/channel/ChannelHandlerContext to metadata cache
[10:28:00] [Client thread/TRACE] [mixin/]: Added class metadata for io/netty/channel/Channel to metadata cache
[10:28:00] [Client thread/DEBUG] [mixin/]: Mixing client.network.Mixin_RedirectToLocalConnection from mixins.essential.json into net.minecraft.network.NetworkManager
[10:28:00] [Client thread/DEBUG] [mixin/]: Renaming synthetic method lambda$injectLocalChannel$1(Lgg/essential/network/connectionmanager/ice/IceManager;Ljava/util/UUID;Lio/netty/channel/Channel;Lio/netty/channel/ChannelPromise;)V to md7ca026$lambda$injectLocalChannel$1$0 in mixins.essential.json:client.network.Mixin_RedirectToLocalConnection
[10:28:00] [Client thread/DEBUG] [mixin/]: Renaming synthetic method lambda$null$0(Lio/netty/channel/Channel;Ljava/net/SocketAddress;Lio/netty/channel/ChannelPromise;)V to md7ca026$lambda$null$0$1 in mixins.essential.json:client.network.Mixin_RedirectToLocalConnection
[10:28:00] [Client thread/TRACE] [mixin/]: Added class metadata for gg/essential/network/connectionmanager/ice/util/IWishMixinAllowedForPublicStaticFields to metadata cache
[10:28:00] [Client thread/TRACE] [mixin/]: Added class metadata for gg/essential/network/connectionmanager/ice/IceEventLoopGroups to metadata cache
[10:28:00] [Client thread/TRACE] [mixin/]: Added class metadata for kotlin/Lazy to metadata cache
[10:28:00] [Client thread/TRACE] [mixin/]: Added class metadata for gg/essential/network/pingproxy/ProxyPingServerKt to metadata cache
[10:28:00] [Client thread/TRACE] [mixin/]: Added class metadata for gg/essential/network/pingproxy/ProxyPingServer to metadata cache
[10:28:00] [Client thread/TRACE] [mixin/]: Added class metadata for io/netty/bootstrap/Bootstrap to metadata cache
[10:28:00] [Client thread/TRACE] [mixin/]: Added class metadata for io/netty/bootstrap/AbstractBootstrap to metadata cache
[10:28:00] [Client thread/TRACE] [mixin/]: Added class metadata for io/netty/channel/ChannelFuture to metadata cache
[10:28:00] [Client thread/TRACE] [mixin/]: Added class metadata for kotlinx/coroutines/Dispatchers to metadata cache
[10:28:00] [Client thread/TRACE] [mixin/]: Added class metadata for kotlin/coroutines/EmptyCoroutineContext to metadata cache
[10:28:00] [Client thread/TRACE] [mixin/]: Added class metadata for gg/essential/lib/mixinextras/injector/wrapoperation/Operation to metadata cache
[10:28:00] [Client thread/TRACE] [mixin/]: Added class metadata for gg/essential/network/connectionmanager/ice/IceManager to metadata cache
[10:28:00] [Client thread/TRACE] [mixin/]: Added class metadata for io/netty/channel/EventLoop to metadata cache
[10:28:00] [Client thread/TRACE] [mixin/]: Added class metadata for io/netty/channel/EventLoopGroup to metadata cache
[10:28:00] [Client thread/TRACE] [mixin/]: Added class metadata for io/netty/util/concurrent/EventExecutorGroup to metadata cache
[10:28:00] [Client thread/TRACE] [mixin/]: Added class metadata for java/util/concurrent/ScheduledExecutorService to metadata cache
[10:28:00] [Client thread/TRACE] [mixin/]: Added class metadata for java/util/concurrent/ExecutorService to metadata cache
[10:28:00] [Client thread/TRACE] [mixin/]: Added class metadata for io/netty/channel/ChannelPromise to metadata cache
[10:28:00] [Client thread/DEBUG] [mixin/]: Mixing feature.ice.common.Mixin_IceChannelIsNotLocal from mixins.essential.json into net.minecraft.network.NetworkManager
[10:28:00] [Client thread/INFO] [mixin/]: Mixing NetworkManagerMixin from mixins.oneconfig.json into net.minecraft.network.NetworkManager
[10:28:00] [Client thread/TRACE] [mixin/]: Added class metadata for cc/polyfrost/oneconfig/events/event/SendPacketEvent to metadata cache
[10:28:00] [Client thread/TRACE] [mixin/]: Added class metadata for cc/polyfrost/oneconfig/events/event/ReceivePacketEvent to metadata cache
[10:28:00] [Client thread/TRACE] [mixin/]: Added class metadata for io/netty/channel/ChannelHandler to metadata cache
[10:28:00] [Client thread/TRACE] [mixin/]: Added class metadata for io/netty/channel/ChannelInboundHandler to metadata cache
[10:28:00] [Client thread/TRACE] [mixin/]: Added class metadata for io/netty/channel/local/LocalChannel to metadata cache
[10:28:00] [Client thread/TRACE] [mixin/]: Added class metadata for java/net/InetAddress to metadata cache
[10:28:00] [Client thread/TRACE] [mixin/]: Added class metadata for java/net/SocketAddress to metadata cache
[10:28:00] [Client thread/TRACE] [mixin/]: Added class metadata for io/netty/util/concurrent/GenericFutureListener to metadata cache
[10:28:00] [Client thread/DEBUG] [mixin/]: Mixing feature.difficulty.client.Mixin_TrackClientDifficultyChanges from mixins.essential.json into net.minecraft.world.storage.WorldInfo
[10:28:00] [Client thread/TRACE] [mixin/]: Added class metadata for gg/essential/compatibility/vanilla/difficulty/ClientDifficultyState to metadata cache
[10:28:00] [Client thread/TRACE] [mixin/]: Added class metadata for gg/essential/compatibility/vanilla/difficulty/UpdateDifficultyLock to metadata cache
[10:28:00] [Client thread/DEBUG] [mixin/]: Mixing MixinWorldInfo from mixins.timechanger.json into net.minecraft.world.storage.WorldInfo
[10:28:00] [Client thread/TRACE] [mixin/]: Added class metadata for net/shatterpoint/timechanger/TimeChanger to metadata cache
[10:28:00] [Client thread/DEBUG] [mixin/]: Mixing bugfixes.network.LazyLoadBaseMixin_RaceCondition from mixins.patcher.json into net.minecraft.util.LazyLoadBase
[10:28:00] [Client thread/DEBUG] [mixin/]: Mixing performance.forge.FluidRegistryMixin_Optimization from mixins.patcher.json into net.minecraftforge.fluids.FluidRegistry
[10:28:00] [Client thread/TRACE] [mixin/]: Added class metadata for java/util/Collections to metadata cache
[10:28:00] [Client thread/DEBUG] [FML/]: File C:\Users\tanavm\Documents\MultiMC\instances\v1.8.9\.minecraft\config\injectedDependencies.json not found. No dependencies injected
[10:28:00] [Client thread/DEBUG] [mixin/]: Mixing forge.MixinLoadController from mixins.essential.json into net.minecraftforge.fml.common.LoadController
[10:28:00] [Client thread/DEBUG] [FML/]: Building injected Mod Containers [net.minecraftforge.fml.common.FMLContainer, net.minecraftforge.common.ForgeModContainer, io.prplz.mousedelayfix.MouseDelayFix, club.sk1er.patcher.PolyPatcher]
[10:28:00] [Client thread/DEBUG] [mixin/]: Mixing performance.forge.ASMDataTableMixin_ComputeParallel from mixins.patcher.json into net.minecraftforge.fml.common.discovery.ASMDataTable
[10:28:00] [Client thread/DEBUG] [mixin/]: Renaming synthetic method lambda$computeParallel$1(Lnet/minecraftforge/fml/common/ModContainer;)Lorg/apache/commons/lang3/tuple/Pair; to md7ca026$lambda$computeParallel$1$0 in mixins.patcher.json:performance.forge.ASMDataTableMixin_ComputeParallel
[10:28:00] [Client thread/DEBUG] [mixin/]: Renaming synthetic method lambda$null$0(Lnet/minecraftforge/fml/common/ModContainer;Lnet/minecraftforge/fml/common/discovery/ASMDataTable$ASMData;)Z to md7ca026$lambda$null$0$1 in mixins.patcher.json:performance.forge.ASMDataTableMixin_ComputeParallel
[10:28:00] [Client thread/TRACE] [mixin/]: Added class metadata for java/util/stream/Stream to metadata cache
[10:28:00] [Client thread/TRACE] [mixin/]: Added class metadata for java/util/stream/Collectors to metadata cache
[10:28:00] [Client thread/TRACE] [mixin/]: Added class metadata for com/google/common/collect/ImmutableMap to metadata cache
[10:28:00] [Client thread/TRACE] [mixin/]: Added class metadata for com/google/common/collect/Multimaps to metadata cache
[10:28:00] [Client thread/TRACE] [mixin/]: Added class metadata for com/google/common/collect/ImmutableSetMultimap to metadata cache
[10:28:00] [Client thread/TRACE] [mixin/]: Added class metadata for com/google/common/collect/ImmutableMultimap to metadata cache
[10:28:00] [Client thread/TRACE] [mixin/]: Added class metadata for com/google/common/collect/SetMultimap to metadata cache
[10:28:00] [Client thread/TRACE] [mixin/]: Added class metadata for org/apache/commons/lang3/tuple/Pair to metadata cache
[10:28:00] [Client thread/TRACE] [mixin/]: Added class metadata for net/minecraftforge/fml/common/discovery/ModCandidate to metadata cache
[10:28:00] [Client thread/TRACE] [mixin/]: Added class metadata for java/util/function/Function to metadata cache
[10:28:00] [Client thread/DEBUG] [FML/]: Attempting to load mods contained in the minecraft jar file and associated classes
[10:28:00] [Client thread/DEBUG] [FML/]: Found a minecraft related file at C:\Users\tanavm\Documents\MultiMC\instances\v1.8.9\.minecraft\essential\Essential (forge_1.8.9).processed.jar, examining for mod candidates
[10:28:00] [Client thread/TRACE] [mixin/]: Added class metadata for java/util/zip/ZipEntry to metadata cache
[10:28:00] [Client thread/DEBUG] [mixin/]: Mixing forge.MixinJarDiscoverer from mixins.essential.json into net.minecraftforge.fml.common.discovery.JarDiscoverer
[10:28:00] [Client thread/DEBUG] [mixin/]: Mixing performance.forge.JarDiscovererMixin_ReplaceRegex from mixins.patcher.json into net.minecraftforge.fml.common.discovery.JarDiscoverer
[10:28:00] [Client thread/TRACE] [mixin/]: Added class metadata for net/minecraftforge/fml/common/discovery/ITypeDiscoverer to metadata cache
[10:28:00] [Client thread/DEBUG] [FML/]: Found a minecraft related file at C:\Users\tanavm\Documents\MultiMC\jars\NewLaunch.jar, examining for mod candidates
[10:28:00] [Client thread/TRACE] [FML/]: Skipping known library file C:\Users\tanavm\Documents\MultiMC\libraries\net\java\jinput\jinput\2.0.5\jinput-2.0.5.jar
[10:28:00] [Client thread/TRACE] [FML/]: Skipping known library file C:\Users\tanavm\Documents\MultiMC\libraries\net\java\jutils\jutils\1.0.0\jutils-1.0.0.jar
[10:28:00] [Client thread/TRACE] [FML/]: Skipping known library file C:\Users\tanavm\Documents\MultiMC\libraries\org\lwjgl\lwjgl\lwjgl\2.9.4-nightly-20150209\lwjgl-2.9.4-nightly-20150209.jar
[10:28:00] [Client thread/TRACE] [FML/]: Skipping known library file C:\Users\tanavm\Documents\MultiMC\libraries\org\lwjgl\lwjgl\lwjgl_util\2.9.4-nightly-20150209\lwjgl_util-2.9.4-nightly-20150209.jar
[10:28:00] [Client thread/DEBUG] [FML/]: Found a minecraft related file at C:\Users\tanavm\Documents\MultiMC\libraries\com\mojang\netty\1.8.8\netty-1.8.8.jar, examining for mod candidates
[10:28:00] [Client thread/DEBUG] [FML/]: Found a minecraft related file at C:\Users\tanavm\Documents\MultiMC\libraries\oshi-project\oshi-core\1.1\oshi-core-1.1.jar, examining for mod candidates
[10:28:00] [Client thread/DEBUG] [FML/]: Found a minecraft related file at C:\Users\tanavm\Documents\MultiMC\libraries\net\java\dev\jna\jna\3.4.0\jna-3.4.0.jar, examining for mod candidates
[10:28:00] [Client thread/DEBUG] [FML/]: Found a minecraft related file at C:\Users\tanavm\Documents\MultiMC\libraries\net\java\dev\jna\platform\3.4.0\platform-3.4.0.jar, examining for mod candidates
[10:28:00] [Client thread/TRACE] [FML/]: Skipping known library file C:\Users\tanavm\Documents\MultiMC\libraries\com\ibm\icu\icu4j-core-mojang\51.2\icu4j-core-mojang-51.2.jar
[10:28:00] [Client thread/TRACE] [FML/]: Skipping known library file C:\Users\tanavm\Documents\MultiMC\libraries\net\sf\jopt-simple\jopt-simple\4.6\jopt-simple-4.6.jar
[10:28:00] [Client thread/TRACE] [FML/]: Skipping known library file C:\Users\tanavm\Documents\MultiMC\libraries\com\paulscode\codecjorbis\20101023\codecjorbis-20101023.jar
[10:28:00] [Client thread/TRACE] [FML/]: Skipping known library file C:\Users\tanavm\Documents\MultiMC\libraries\com\paulscode\codecwav\20101023\codecwav-20101023.jar
[10:28:00] [Client thread/DEBUG] [FML/]: Found a minecraft related file at C:\Users\tanavm\Documents\MultiMC\libraries\com\paulscode\libraryjavasound\20101123\libraryjavasound-20101123.jar, examining for mod candidates
[10:28:00] [Client thread/TRACE] [FML/]: Skipping known library file C:\Users\tanavm\Documents\MultiMC\libraries\com\paulscode\librarylwjglopenal\20100824\librarylwjglopenal-20100824.jar
[10:28:00] [Client thread/TRACE] [FML/]: Skipping known library file C:\Users\tanavm\Documents\MultiMC\libraries\com\paulscode\soundsystem\20120107\soundsystem-20120107.jar
[10:28:00] [Client thread/TRACE] [FML/]: Skipping known library file C:\Users\tanavm\Documents\MultiMC\libraries\io\netty\netty-all\4.0.23.Final\netty-all-4.0.23.Final.jar
[10:28:00] [Client thread/TRACE] [FML/]: Skipping known library file C:\Users\tanavm\Documents\MultiMC\libraries\com\google\guava\guava\17.0\guava-17.0.jar
[10:28:00] [Client thread/TRACE] [FML/]: Skipping known library file C:\Users\tanavm\Documents\MultiMC\libraries\org\apache\commons\commons-lang3\3.3.2\commons-lang3-3.3.2.jar
[10:28:00] [Client thread/TRACE] [FML/]: Skipping known library file C:\Users\tanavm\Documents\MultiMC\libraries\commons-io\commons-io\2.4\commons-io-2.4.jar
[10:28:00] [Client thread/TRACE] [FML/]: Skipping known library file C:\Users\tanavm\Documents\MultiMC\libraries\commons-codec\commons-codec\1.9\commons-codec-1.9.jar
[10:28:00] [Client thread/TRACE] [FML/]: Skipping known library file C:\Users\tanavm\Documents\MultiMC\libraries\com\google\code\gson\gson\2.2.4\gson-2.2.4.jar
[10:28:00] [Client thread/TRACE] [FML/]: Skipping known library file C:\Users\tanavm\Documents\MultiMC\libraries\com\mojang\authlib\1.5.21\authlib-1.5.21.jar
[10:28:00] [Client thread/TRACE] [FML/]: Skipping known library file C:\Users\tanavm\Documents\MultiMC\libraries\com\mojang\realms\1.7.59\realms-1.7.59.jar
[10:28:00] [Client thread/TRACE] [FML/]: Skipping known library file C:\Users\tanavm\Documents\MultiMC\libraries\org\apache\commons\commons-compress\1.8.1\commons-compress-1.8.1.jar
[10:28:00] [Client thread/TRACE] [FML/]: Skipping known library file C:\Users\tanavm\Documents\MultiMC\libraries\org\apache\httpcomponents\httpclient\4.3.3\httpclient-4.3.3.jar
[10:28:00] [Client thread/TRACE] [FML/]: Skipping known library file C:\Users\tanavm\Documents\MultiMC\libraries\commons-logging\commons-logging\1.1.3\commons-logging-1.1.3.jar
[10:28:00] [Client thread/TRACE] [FML/]: Skipping known library file C:\Users\tanavm\Documents\MultiMC\libraries\org\apache\httpcomponents\httpcore\4.3.2\httpcore-4.3.2.jar
[10:28:00] [Client thread/TRACE] [FML/]: Skipping known library file C:\Users\tanavm\Documents\MultiMC\libraries\org\apache\logging\log4j\log4j-api\2.0-beta9-fixed\log4j-api-2.0-beta9-fixed.jar
[10:28:00] [Client thread/TRACE] [FML/]: Skipping known library file C:\Users\tanavm\Documents\MultiMC\libraries\org\apache\logging\log4j\log4j-core\2.0-beta9-fixed\log4j-core-2.0-beta9-fixed.jar
[10:28:00] [Client thread/TRACE] [FML/]: Skipping known library file C:\Users\tanavm\Documents\MultiMC\libraries\tv\twitch\twitch\6.5\twitch-6.5.jar
[10:28:00] [Client thread/DEBUG] [FML/]: Found a minecraft related file at C:\Users\tanavm\Documents\MultiMC\libraries\net\minecraftforge\forge\1.8.9-11.15.1.2318-1.8.9\forge-1.8.9-11.15.1.2318-1.8.9-universal.jar, examining for mod candidates
[10:28:00] [Client thread/TRACE] [FML/]: Skipping known library file C:\Users\tanavm\Documents\MultiMC\libraries\net\minecraft\launchwrapper\1.12\launchwrapper-1.12.jar
[10:28:00] [Client thread/TRACE] [FML/]: Skipping known library file C:\Users\tanavm\Documents\MultiMC\libraries\org\ow2\asm\asm-all\5.0.3\asm-all-5.0.3.jar
[10:28:00] [Client thread/DEBUG] [FML/]: Found a minecraft related file at C:\Users\tanavm\Documents\MultiMC\libraries\jline\jline\2.13\jline-2.13.jar, examining for mod candidates
[10:28:00] [Client thread/TRACE] [FML/]: Skipping known library file C:\Users\tanavm\Documents\MultiMC\libraries\com\typesafe\akka\akka-actor_2.11\2.3.3\akka-actor_2.11-2.3.3.jar
[10:28:00] [Client thread/TRACE] [FML/]: Skipping known library file C:\Users\tanavm\Documents\MultiMC\libraries\com\typesafe\config\1.2.1\config-1.2.1.jar
[10:28:00] [Client thread/TRACE] [FML/]: Skipping known library file C:\Users\tanavm\Documents\MultiMC\libraries\org\scala-lang\scala-actors-migration_2.11\1.1.0\scala-actors-migration_2.11-1.1.0.jar
[10:28:00] [Client thread/TRACE] [FML/]: Skipping known library file C:\Users\tanavm\Documents\MultiMC\libraries\org\scala-lang\scala-compiler\2.11.1\scala-compiler-2.11.1.jar
[10:28:00] [Client thread/TRACE] [FML/]: Skipping known library file C:\Users\tanavm\Documents\MultiMC\libraries\org\scala-lang\plugins\scala-continuations-library_2.11\1.0.2\scala-continuations-library_2.11-1.0.2.jar
[10:28:00] [Client thread/TRACE] [FML/]: Skipping known library file C:\Users\tanavm\Documents\MultiMC\libraries\org\scala-lang\plugins\scala-continuations-plugin_2.11.1\1.0.2\scala-continuations-plugin_2.11.1-1.0.2.jar
[10:28:00] [Client thread/TRACE] [FML/]: Skipping known library file C:\Users\tanavm\Documents\MultiMC\libraries\org\scala-lang\scala-library\2.11.1\scala-library-2.11.1.jar
[10:28:00] [Client thread/TRACE] [FML/]: Skipping known library file C:\Users\tanavm\Documents\MultiMC\libraries\org\scala-lang\scala-parser-combinators_2.11\1.0.1\scala-parser-combinators_2.11-1.0.1.jar
[10:28:00] [Client thread/TRACE] [FML/]: Skipping known library file C:\Users\tanavm\Documents\MultiMC\libraries\org\scala-lang\scala-reflect\2.11.1\scala-reflect-2.11.1.jar
[10:28:00] [Client thread/TRACE] [FML/]: Skipping known library file C:\Users\tanavm\Documents\MultiMC\libraries\org\scala-lang\scala-swing_2.11\1.0.1\scala-swing_2.11-1.0.1.jar
[10:28:00] [Client thread/TRACE] [FML/]: Skipping known library file C:\Users\tanavm\Documents\MultiMC\libraries\org\scala-lang\scala-xml_2.11\1.0.2\scala-xml_2.11-1.0.2.jar
[10:28:00] [Client thread/TRACE] [FML/]: Skipping known library file C:\Users\tanavm\Documents\MultiMC\libraries\lzma\lzma\0.0.1\lzma-0.0.1.jar
[10:28:00] [Client thread/TRACE] [FML/]: Skipping known library file C:\Users\tanavm\Documents\MultiMC\libraries\java3d\vecmath\1.5.2\vecmath-1.5.2.jar
[10:28:00] [Client thread/TRACE] [FML/]: Skipping known library file C:\Users\tanavm\Documents\MultiMC\libraries\net\sf\trove4j\trove4j\3.0.3\trove4j-3.0.3.jar
[10:28:00] [Client thread/DEBUG] [FML/]: Found a minecraft related file at C:\Users\tanavm\Documents\MultiMC\libraries\com\mojang\minecraft\1.8.9\minecraft-1.8.9-client.jar, examining for mod candidates
[10:28:00] [Client thread/DEBUG] [FML/]: Found a minecraft related file at C:\Users\tanavm\Documents\MultiMC\instances\v1.8.9\.minecraft\essential\loader\stage0\launchwrapper\stage1.jar, examining for mod candidates
[10:28:00] [Client thread/DEBUG] [FML/]: Found a minecraft related file at C:\Users\tanavm\Documents\MultiMC\instances\v1.8.9\.minecraft\essential\loader\stage1\launchwrapper\stage2.forge_1.8.9.jar, examining for mod candidates
[10:28:00] [Client thread/TRACE] [FML/]: Skipping known library file C:\Users\tanavm\Documents\MultiMC\instances\v1.8.9\.minecraft\mods\Block_Overlay_4.0.3.jar
[10:28:00] [Client thread/TRACE] [FML/]: Skipping known library file C:\Users\tanavm\Documents\MultiMC\instances\v1.8.9\.minecraft\mods\Essential-Client-Mod-Forge-1.8.9.jar
[10:28:00] [Client thread/TRACE] [FML/]: Skipping known library file C:\Users\tanavm\Documents\MultiMC\instances\v1.8.9\.minecraft\mods\EvergreenHUD-1.8.9-forge-2.1.7.jar
[10:28:00] [Client thread/TRACE] [FML/]: Skipping known library file C:\Users\tanavm\Documents\MultiMC\instances\v1.8.9\.minecraft\mods\Hytils Reborn-1.8.9-forge-1.7.3.jar
[10:28:00] [Client thread/TRACE] [FML/]: Skipping known library file C:\Users\tanavm\Documents\MultiMC\instances\v1.8.9\.minecraft\mods\Keystrokes-1.8.9-forge-1.0.0.jar
[10:28:00] [Client thread/TRACE] [FML/]: Skipping known library file C:\Users\tanavm\Documents\MultiMC\instances\v1.8.9\.minecraft\mods\MouseDelayFix-1.0.1.jar
[10:28:00] [Client thread/TRACE] [FML/]: Skipping known library file C:\Users\tanavm\Documents\MultiMC\instances\v1.8.9\.minecraft\mods\PolyCrosshair-1.8.9-forge-1.0.3.jar
[10:28:00] [Client thread/TRACE] [FML/]: Skipping known library file C:\Users\tanavm\Documents\MultiMC\instances\v1.8.9\.minecraft\mods\PolyPatcher-1.8.9-forge-1.10.1.jar
[10:28:00] [Client thread/TRACE] [FML/]: Skipping known library file C:\Users\tanavm\Documents\MultiMC\instances\v1.8.9\.minecraft\mods\PolySprint-1.8.9-forge-1.0.1.jar
[10:28:00] [Client thread/TRACE] [FML/]: Skipping known library file C:\Users\tanavm\Documents\MultiMC\instances\v1.8.9\.minecraft\mods\preview_OptiFine_1.8.9_HD_U_M6_pre2.jar
[10:28:00] [Client thread/TRACE] [FML/]: Skipping known library file C:\Users\tanavm\Documents\MultiMC\instances\v1.8.9\.minecraft\mods\TimeChanger-2.2.1.jar
[10:28:00] [Client thread/TRACE] [FML/]: Skipping known library file C:\Users\tanavm\Documents\MultiMC\instances\v1.8.9\.minecraft\mods\TNT-Time-Mod-Forge-1.8.9.jar
[10:28:00] [Client thread/DEBUG] [FML/]: Found a minecraft related file at C:\Users\tanavm\Documents\MultiMC\instances\v1.8.9\.minecraft\essential\loader\stage0\launchwrapper\stage1.jar, examining for mod candidates
[10:28:00] [Client thread/TRACE] [FML/]:   Skipping already in list C:\Users\tanavm\Documents\MultiMC\instances\v1.8.9\.minecraft\essential\loader\stage0\launchwrapper\stage1.jar
[10:28:00] [Client thread/DEBUG] [FML/]: Found a minecraft related file at C:\Users\tanavm\Documents\MultiMC\instances\v1.8.9\.minecraft\essential\loader\stage1\launchwrapper\stage2.forge_1.8.9.jar, examining for mod candidates
[10:28:00] [Client thread/TRACE] [FML/]:   Skipping already in list C:\Users\tanavm\Documents\MultiMC\instances\v1.8.9\.minecraft\essential\loader\stage1\launchwrapper\stage2.forge_1.8.9.jar
[10:28:00] [Client thread/DEBUG] [FML/]: Found a minecraft related file at C:\Users\tanavm\Documents\MultiMC\instances\v1.8.9\.minecraft\.\OneConfig\launchwrapper\OneConfig-Loader.jar, examining for mod candidates
[10:28:00] [Client thread/DEBUG] [FML/]: Found a minecraft related file at C:\Users\tanavm\Documents\MultiMC\instances\v1.8.9\.minecraft\.\OneConfig\OneConfig (1.8.9-forge).jar, examining for mod candidates
[10:28:00] [Client thread/DEBUG] [FML/]: Minecraft jar mods loaded successfully
[10:28:00] [Client thread/INFO] [FML/]: Found 0 mods from the command line. Injecting into mod discoverer
[10:28:00] [Client thread/INFO] [FML/]: Searching C:\Users\tanavm\Documents\MultiMC\instances\v1.8.9\.minecraft\mods for mods
[10:28:00] [Client thread/DEBUG] [FML/]: Ignoring unknown file .DS_Store in mods directory
[10:28:00] [Client thread/DEBUG] [FML/]: Found a candidate zip or jar file [1.8.9]bspkrsCore-universal-1.8.9.2.jar
[10:28:00] [Client thread/DEBUG] [FML/]: Found a candidate zip or jar file [1.8.9]StatusEffectHUD-client-1.8.9.2.jar
[10:28:00] [Client thread/DEBUG] [FML/]: Found a candidate zip or jar file Block_Overlay_4.0.3.jar
[10:28:00] [Client thread/DEBUG] [FML/]: Found a candidate zip or jar file Essential-Client-Mod-Forge-1.8.9.jar
[10:28:00] [Client thread/DEBUG] [FML/]: Found a candidate zip or jar file EvergreenHUD-1.8.9-forge-2.1.7.jar
[10:28:00] [Client thread/DEBUG] [FML/]: Found a candidate zip or jar file Hytils Reborn-1.8.9-forge-1.7.3.jar
[10:28:00] [Client thread/DEBUG] [FML/]: Found a candidate zip or jar file Keystrokes-1.8.9-forge-1.0.0.jar
[10:28:00] [Client thread/TRACE] [FML/]: Skipping already parsed coremod or tweaker MouseDelayFix-1.0.1.jar
[10:28:00] [Client thread/DEBUG] [FML/]: Found a candidate zip or jar file PolyCrosshair-1.8.9-forge-1.0.3.jar
[10:28:00] [Client thread/DEBUG] [FML/]: Found a candidate zip or jar file PolyPatcher-1.8.9-forge-1.10.1.jar
[10:28:00] [Client thread/DEBUG] [FML/]: Found a candidate zip or jar file PolySprint-1.8.9-forge-1.0.1.jar
[10:28:00] [Client thread/TRACE] [FML/]: Skipping already parsed coremod or tweaker preview_OptiFine_1.8.9_HD_U_M6_pre2.jar
[10:28:00] [Client thread/DEBUG] [FML/]: Found a candidate zip or jar file Squeedometer-mc1.8.x-1.0.4.jar
[10:28:00] [Client thread/DEBUG] [FML/]: Found a candidate zip or jar file TimeChanger-2.2.1.jar
[10:28:00] [Client thread/DEBUG] [FML/]: Found a candidate zip or jar file TNT-Time-Mod-Forge-1.8.9.jar
[10:28:00] [Client thread/DEBUG] [FML/]: Examining file Essential (forge_1.8.9).processed.jar for potential mods
[10:28:00] [Client thread/TRACE] [FML/]: Located mcmod.info file in file Essential (forge_1.8.9).processed.jar
[10:28:00] [Client thread/DEBUG] [FML/]: Identified a mod of type Lnet/minecraftforge/fml/common/Mod; (gg.essential.forge.EssentialForgeMod) - loading
[10:28:00] [Client thread/TRACE] [essential/]: Parsed dependency info : [] [] []
[10:28:00] [Client thread/INFO] [Patcher Entrypoint Cache/]: Found cached entrypoints for C:\Users\tanavm\Documents\MultiMC\instances\v1.8.9\.minecraft\essential\Essential (forge_1.8.9).processed.jar
[10:28:00] [Client thread/DEBUG] [FML/]: Examining file NewLaunch.jar for potential mods
[10:28:00] [Client thread/DEBUG] [FML/]: The mod container NewLaunch.jar appears to be missing an mcmod.info file
[10:28:00] [Client thread/INFO] [Patcher Entrypoint Cache/]: Found cached entrypoints for C:\Users\tanavm\Documents\MultiMC\jars\NewLaunch.jar
[10:28:00] [Client thread/DEBUG] [FML/]: Examining file netty-1.8.8.jar for potential mods
[10:28:00] [Client thread/DEBUG] [FML/]: The mod container netty-1.8.8.jar appears to be missing an mcmod.info file
[10:28:00] [Client thread/INFO] [Patcher Entrypoint Cache/]: Found cached entrypoints for C:\Users\tanavm\Documents\MultiMC\libraries\com\mojang\netty\1.8.8\netty-1.8.8.jar
[10:28:00] [Client thread/DEBUG] [FML/]: Examining file oshi-core-1.1.jar for potential mods
[10:28:00] [Client thread/DEBUG] [FML/]: The mod container oshi-core-1.1.jar appears to be missing an mcmod.info file
[10:28:00] [Client thread/INFO] [Patcher Entrypoint Cache/]: Found cached entrypoints for C:\Users\tanavm\Documents\MultiMC\libraries\oshi-project\oshi-core\1.1\oshi-core-1.1.jar
[10:28:00] [Client thread/DEBUG] [FML/]: Examining file jna-3.4.0.jar for potential mods
[10:28:00] [Client thread/DEBUG] [FML/]: The mod container jna-3.4.0.jar appears to be missing an mcmod.info file
[10:28:00] [Client thread/INFO] [Patcher Entrypoint Cache/]: Found cached entrypoints for C:\Users\tanavm\Documents\MultiMC\libraries\net\java\dev\jna\jna\3.4.0\jna-3.4.0.jar
[10:28:00] [Client thread/DEBUG] [FML/]: Examining file platform-3.4.0.jar for potential mods
[10:28:00] [Client thread/DEBUG] [FML/]: The mod container platform-3.4.0.jar appears to be missing an mcmod.info file
[10:28:00] [Client thread/INFO] [Patcher Entrypoint Cache/]: Found cached entrypoints for C:\Users\tanavm\Documents\MultiMC\libraries\net\java\dev\jna\platform\3.4.0\platform-3.4.0.jar
[10:28:00] [Client thread/DEBUG] [FML/]: Examining file libraryjavasound-20101123.jar for potential mods
[10:28:00] [Client thread/DEBUG] [FML/]: The mod container libraryjavasound-20101123.jar appears to be missing an mcmod.info file
[10:28:00] [Client thread/INFO] [Patcher Entrypoint Cache/]: Found cached entrypoints for C:\Users\tanavm\Documents\MultiMC\libraries\com\paulscode\libraryjavasound\20101123\libraryjavasound-20101123.jar
[10:28:00] [Client thread/DEBUG] [FML/]: Examining file forge-1.8.9-11.15.1.2318-1.8.9-universal.jar for potential mods
[10:28:00] [Client thread/DEBUG] [FML/]: The mod container forge-1.8.9-11.15.1.2318-1.8.9-universal.jar appears to be missing an mcmod.info file
[10:28:00] [Client thread/INFO] [Patcher Entrypoint Cache/]: Found cached entrypoints for C:\Users\tanavm\Documents\MultiMC\libraries\net\minecraftforge\forge\1.8.9-11.15.1.2318-1.8.9\forge-1.8.9-11.15.1.2318-1.8.9-universal.jar
[10:28:00] [Client thread/DEBUG] [FML/]: Examining file jline-2.13.jar for potential mods
[10:28:00] [Client thread/DEBUG] [FML/]: The mod container jline-2.13.jar appears to be missing an mcmod.info file
[10:28:00] [Client thread/INFO] [Patcher Entrypoint Cache/]: Found cached entrypoints for C:\Users\tanavm\Documents\MultiMC\libraries\jline\jline\2.13\jline-2.13.jar
[10:28:00] [Client thread/DEBUG] [FML/]: Examining file minecraft-1.8.9-client.jar for potential mods
[10:28:00] [Client thread/DEBUG] [FML/]: The mod container minecraft-1.8.9-client.jar appears to be missing an mcmod.info file
[10:28:00] [Client thread/INFO] [Patcher Entrypoint Cache/]: Found cached entrypoints for C:\Users\tanavm\Documents\MultiMC\libraries\com\mojang\minecraft\1.8.9\minecraft-1.8.9-client.jar
[10:28:00] [Client thread/DEBUG] [FML/]: Examining file stage1.jar for potential mods
[10:28:00] [Client thread/DEBUG] [FML/]: The mod container stage1.jar appears to be missing an mcmod.info file
[10:28:00] [Client thread/INFO] [Patcher Entrypoint Cache/]: Found cached entrypoints for C:\Users\tanavm\Documents\MultiMC\instances\v1.8.9\.minecraft\essential\loader\stage0\launchwrapper\stage1.jar
[10:28:00] [Client thread/DEBUG] [FML/]: Examining file stage2.forge_1.8.9.jar for potential mods
[10:28:00] [Client thread/DEBUG] [FML/]: The mod container stage2.forge_1.8.9.jar appears to be missing an mcmod.info file
[10:28:00] [Client thread/INFO] [Patcher Entrypoint Cache/]: Found cached entrypoints for C:\Users\tanavm\Documents\MultiMC\instances\v1.8.9\.minecraft\essential\loader\stage1\launchwrapper\stage2.forge_1.8.9.jar
[10:28:00] [Client thread/DEBUG] [FML/]: Examining file OneConfig-Loader.jar for potential mods
[10:28:00] [Client thread/DEBUG] [FML/]: The mod container OneConfig-Loader.jar appears to be missing an mcmod.info file
[10:28:00] [Client thread/INFO] [Patcher Entrypoint Cache/]: Found cached entrypoints for C:\Users\tanavm\Documents\MultiMC\instances\v1.8.9\.minecraft\.\OneConfig\launchwrapper\OneConfig-Loader.jar
[10:28:00] [Client thread/DEBUG] [FML/]: Examining file OneConfig (1.8.9-forge).jar for potential mods
[10:28:00] [Client thread/TRACE] [FML/]: Located mcmod.info file in file OneConfig (1.8.9-forge).jar
[10:28:00] [Client thread/DEBUG] [FML/]: Identified a mod of type Lnet/minecraftforge/fml/common/Mod; (cc.polyfrost.oneconfig.internal.OneConfig) - loading
[10:28:00] [Client thread/TRACE] [oneconfig/]: Parsed dependency info : [] [] []
[10:28:00] [Client thread/INFO] [Patcher Entrypoint Cache/]: Found cached entrypoints for C:\Users\tanavm\Documents\MultiMC\instances\v1.8.9\.minecraft\.\OneConfig\OneConfig (1.8.9-forge).jar
[10:28:00] [Client thread/DEBUG] [FML/]: Examining file [1.8.9]bspkrsCore-universal-1.8.9.2.jar for potential mods
[10:28:00] [Client thread/TRACE] [FML/]: Located mcmod.info file in file [1.8.9]bspkrsCore-universal-1.8.9.2.jar
[10:28:00] [Client thread/DEBUG] [FML/]: Identified a mod of type Lnet/minecraftforge/fml/common/Mod; (bspkrs.bspkrscore.fml.bspkrsCoreMod) - loading
[10:28:00] [Client thread/TRACE] [bspkrscore/]: Using mcmod dependency info : [Forge@[11.15.1.1722,)] [Forge@[11.15.1.1722,)] []
[10:28:00] [Client thread/INFO] [Patcher Entrypoint Cache/]: Found cached entrypoints for C:\Users\tanavm\Documents\MultiMC\instances\v1.8.9\.minecraft\mods\[1.8.9]bspkrsCore-universal-1.8.9.2.jar
[10:28:00] [Client thread/DEBUG] [FML/]: Examining file [1.8.9]StatusEffectHUD-client-1.8.9.2.jar for potential mods
[10:28:00] [Client thread/TRACE] [FML/]: Located mcmod.info file in file [1.8.9]StatusEffectHUD-client-1.8.9.2.jar
[10:28:00] [Client thread/DEBUG] [FML/]: Identified a mod of type Lnet/minecraftforge/fml/common/Mod; (bspkrs.statuseffecthud.fml.StatusEffectHUDMod) - loading
[10:28:00] [Client thread/TRACE] [statuseffecthud/]: Using mcmod dependency info : [bspkrscore@[1.8.9.2,)] [bspkrscore@[1.8.9.2,)] []
[10:28:00] [Client thread/INFO] [Patcher Entrypoint Cache/]: Found cached entrypoints for C:\Users\tanavm\Documents\MultiMC\instances\v1.8.9\.minecraft\mods\[1.8.9]StatusEffectHUD-client-1.8.9.2.jar
[10:28:00] [Client thread/DEBUG] [FML/]: Examining file Block_Overlay_4.0.3.jar for potential mods
[10:28:00] [Client thread/TRACE] [FML/]: Located mcmod.info file in file Block_Overlay_4.0.3.jar
[10:28:00] [Client thread/DEBUG] [FML/]: Identified a mod of type Lnet/minecraftforge/fml/common/Mod; (me.aycy.blockoverlay.BlockOverlay) - loading
[10:28:00] [Client thread/TRACE] [blockoverlay/]: Parsed dependency info : [] [] []
[10:28:00] [Client thread/INFO] [Patcher Entrypoint Cache/]: Found cached entrypoints for C:\Users\tanavm\Documents\MultiMC\instances\v1.8.9\.minecraft\mods\Block_Overlay_4.0.3.jar
[10:28:00] [Client thread/DEBUG] [FML/]: Examining file Essential-Client-Mod-Forge-1.8.9.jar for potential mods
[10:28:00] [Client thread/DEBUG] [FML/]: The mod container Essential-Client-Mod-Forge-1.8.9.jar appears to be missing an mcmod.info file
[10:28:00] [Client thread/INFO] [Patcher Entrypoint Cache/]: Found cached entrypoints for C:\Users\tanavm\Documents\MultiMC\instances\v1.8.9\.minecraft\mods\Essential-Client-Mod-Forge-1.8.9.jar
[10:28:00] [Client thread/DEBUG] [FML/]: Examining file EvergreenHUD-1.8.9-forge-2.1.7.jar for potential mods
[10:28:00] [Client thread/TRACE] [FML/]: Located mcmod.info file in file EvergreenHUD-1.8.9-forge-2.1.7.jar
[10:28:00] [Client thread/DEBUG] [FML/]: Identified a mod of type Lnet/minecraftforge/fml/common/Mod; (org.polyfrost.evergreenhud.EvergreenHUD) - loading
[10:28:00] [Client thread/TRACE] [evergreenhud/]: Parsed dependency info : [] [] []
[10:28:00] [Client thread/INFO] [Patcher Entrypoint Cache/]: Found cached entrypoints for C:\Users\tanavm\Documents\MultiMC\instances\v1.8.9\.minecraft\mods\EvergreenHUD-1.8.9-forge-2.1.7.jar
[10:28:00] [Client thread/DEBUG] [FML/]: Examining file Hytils Reborn-1.8.9-forge-1.7.3.jar for potential mods
[10:28:00] [Client thread/TRACE] [FML/]: Located mcmod.info file in file Hytils Reborn-1.8.9-forge-1.7.3.jar
[10:28:00] [Client thread/DEBUG] [FML/]: Identified a mod of type Lnet/minecraftforge/fml/common/Mod; (org.polyfrost.hytils.HytilsReborn) - loading
[10:28:00] [Client thread/TRACE] [hytils-reborn/]: Parsed dependency info : [] [] []
[10:28:00] [Client thread/INFO] [Patcher Entrypoint Cache/]: Found cached entrypoints for C:\Users\tanavm\Documents\MultiMC\instances\v1.8.9\.minecraft\mods\Hytils Reborn-1.8.9-forge-1.7.3.jar
[10:28:00] [Client thread/DEBUG] [FML/]: Examining file Keystrokes-1.8.9-forge-1.0.0.jar for potential mods
[10:28:00] [Client thread/TRACE] [FML/]: Located mcmod.info file in file Keystrokes-1.8.9-forge-1.0.0.jar
[10:28:00] [Client thread/DEBUG] [FML/]: Identified a mod of type Lnet/minecraftforge/fml/common/Mod; (dev.salmon.keystrokes.Keystrokes) - loading
[10:28:00] [Client thread/TRACE] [polyfrostkeystrokes/]: Parsed dependency info : [] [] []
[10:28:00] [Client thread/INFO] [Patcher Entrypoint Cache/]: Found cached entrypoints for C:\Users\tanavm\Documents\MultiMC\instances\v1.8.9\.minecraft\mods\Keystrokes-1.8.9-forge-1.0.0.jar
[10:28:00] [Client thread/DEBUG] [FML/]: Examining file PolyCrosshair-1.8.9-forge-1.0.3.jar for potential mods
[10:28:00] [Client thread/TRACE] [FML/]: Located mcmod.info file in file PolyCrosshair-1.8.9-forge-1.0.3.jar
[10:28:00] [Client thread/DEBUG] [FML/]: Identified a mod of type Lnet/minecraftforge/fml/common/Mod; (org.polyfrost.crosshair.PolyCrosshair) - loading
[10:28:00] [Client thread/TRACE] [FML/]: Using custom language adapter cc.polyfrost.oneconfig.utils.KotlinLanguageAdapter for org.polyfrost.crosshair.PolyCrosshair (modid: polycrosshair)
[10:28:00] [Client thread/TRACE] [polycrosshair/]: Parsed dependency info : [] [] []
[10:28:00] [Client thread/INFO] [Patcher Entrypoint Cache/]: Found cached entrypoints for C:\Users\tanavm\Documents\MultiMC\instances\v1.8.9\.minecraft\mods\PolyCrosshair-1.8.9-forge-1.0.3.jar
[10:28:00] [Client thread/DEBUG] [FML/]: Examining file PolyPatcher-1.8.9-forge-1.10.1.jar for potential mods
[10:28:00] [Client thread/TRACE] [FML/]: Located mcmod.info file in file PolyPatcher-1.8.9-forge-1.10.1.jar
[10:28:00] [Client thread/DEBUG] [FML/]: Identified a mod of type Lnet/minecraftforge/fml/common/Mod; (club.sk1er.patcher.Patcher) - loading
[10:28:00] [Client thread/TRACE] [patcher/]: Parsed dependency info : [] [] []
[10:28:00] [Client thread/INFO] [Patcher Entrypoint Cache/]: Found cached entrypoints for C:\Users\tanavm\Documents\MultiMC\instances\v1.8.9\.minecraft\mods\PolyPatcher-1.8.9-forge-1.10.1.jar
[10:28:00] [Client thread/DEBUG] [FML/]: Examining file PolySprint-1.8.9-forge-1.0.1.jar for potential mods
[10:28:00] [Client thread/TRACE] [FML/]: Located mcmod.info file in file PolySprint-1.8.9-forge-1.0.1.jar
[10:28:00] [Client thread/DEBUG] [FML/]: Identified a mod of type Lnet/minecraftforge/fml/common/Mod; (org.polyfrost.polysprint.PolySprint) - loading
[10:28:00] [Client thread/TRACE] [FML/]: Using custom language adapter cc.polyfrost.oneconfig.utils.KotlinLanguageAdapter for org.polyfrost.polysprint.PolySprint (modid: polysprint)
[10:28:00] [Client thread/TRACE] [polysprint/]: Parsed dependency info : [] [] []
[10:28:00] [Client thread/INFO] [Patcher Entrypoint Cache/]: Found cached entrypoints for C:\Users\tanavm\Documents\MultiMC\instances\v1.8.9\.minecraft\mods\PolySprint-1.8.9-forge-1.0.1.jar
[10:28:00] [Client thread/DEBUG] [FML/]: Examining file Squeedometer-mc1.8.x-1.0.4.jar for potential mods
[10:28:00] [Client thread/TRACE] [FML/]: Located mcmod.info file in file Squeedometer-mc1.8.x-1.0.4.jar
[10:28:00] [Client thread/DEBUG] [FML/]: Identified a mod of type Lnet/minecraftforge/fml/common/Mod; (squeek.speedometer.ModSpeedometer) - loading
[10:28:00] [Client thread/TRACE] [Squeedometer/]: Parsed dependency info : [] [] []
[10:28:00] [Client thread/INFO] [Patcher Entrypoint Cache/]: Found cached entrypoints for C:\Users\tanavm\Documents\MultiMC\instances\v1.8.9\.minecraft\mods\Squeedometer-mc1.8.x-1.0.4.jar
[10:28:00] [Client thread/DEBUG] [FML/]: Examining file TimeChanger-2.2.1.jar for potential mods
[10:28:00] [Client thread/TRACE] [FML/]: Located mcmod.info file in file TimeChanger-2.2.1.jar
[10:28:00] [Client thread/DEBUG] [FML/]: Identified a mod of type Lnet/minecraftforge/fml/common/Mod; (net.shatterpoint.timechanger.TimeChanger) - loading
[10:28:00] [Client thread/TRACE] [timechanger/]: Parsed dependency info : [] [] []
[10:28:00] [Client thread/INFO] [Patcher Entrypoint Cache/]: Found cached entrypoints for C:\Users\tanavm\Documents\MultiMC\instances\v1.8.9\.minecraft\mods\TimeChanger-2.2.1.jar
[10:28:00] [Client thread/DEBUG] [FML/]: Examining file TNT-Time-Mod-Forge-1.8.9.jar for potential mods
[10:28:00] [Client thread/TRACE] [FML/]: Located mcmod.info file in file TNT-Time-Mod-Forge-1.8.9.jar
[10:28:00] [Client thread/DEBUG] [FML/]: Identified a mod of type Lnet/minecraftforge/fml/common/Mod; (club.sk1er.mods.tnttimer.TNTTime) - loading
[10:28:00] [Client thread/TRACE] [tnttime/]: Parsed dependency info : [] [] []
[10:28:00] [Client thread/INFO] [Patcher Entrypoint Cache/]: Found cached entrypoints for C:\Users\tanavm\Documents\MultiMC\instances\v1.8.9\.minecraft\mods\TNT-Time-Mod-Forge-1.8.9.jar
[10:28:00] [Client thread/INFO] [Patcher Entrypoint Cache/]: ModDiscoverer.identifyMods took 59ms
[10:28:00] [Client thread/INFO] [FML/]: Forge Mod Loader has identified 19 mods to load
[10:28:00] [Client thread/TRACE] [FML/]: Received a system property request ''
[10:28:00] [Client thread/TRACE] [FML/]: System property request managing the state of 0 mods
[10:28:00] [Client thread/DEBUG] [FML/]: After merging, found state information for 0 mods
[10:28:00] [Client thread/DEBUG] [essential/]: Enabling mod essential
[10:28:00] [Client thread/DEBUG] [oneconfig/]: Enabling mod oneconfig
[10:28:00] [Client thread/DEBUG] [bspkrscore/]: Enabling mod bspkrscore
[10:28:00] [Client thread/DEBUG] [statuseffecthud/]: Enabling mod statuseffecthud
[10:28:00] [Client thread/DEBUG] [blockoverlay/]: Enabling mod blockoverlay
[10:28:00] [Client thread/DEBUG] [evergreenhud/]: Enabling mod evergreenhud
[10:28:00] [Client thread/DEBUG] [hytils-reborn/]: Enabling mod hytils-reborn
[10:28:00] [Client thread/DEBUG] [polyfrostkeystrokes/]: Enabling mod polyfrostkeystrokes
[10:28:00] [Client thread/DEBUG] [polycrosshair/]: Enabling mod polycrosshair
[10:28:00] [Client thread/DEBUG] [patcher/]: Enabling mod patcher
[10:28:00] [Client thread/DEBUG] [polysprint/]: Enabling mod polysprint
[10:28:00] [Client thread/DEBUG] [Squeedometer/]: Enabling mod Squeedometer
[10:28:00] [Client thread/DEBUG] [timechanger/]: Enabling mod timechanger
[10:28:00] [Client thread/DEBUG] [tnttime/]: Enabling mod tnttime
[10:28:00] [Client thread/TRACE] [FML/]: Verifying mod requirements are satisfied
[10:28:00] [Client thread/TRACE] [FML/]: All mod requirements are satisfied
[10:28:00] [Client thread/TRACE] [FML/]: Sorting mods into an ordered list
[10:28:00] [Client thread/TRACE] [FML/]: Mod sorting completed successfully
[10:28:00] [Client thread/DEBUG] [FML/]: Mod sorting data
[10:28:00] [Client thread/DEBUG] [FML/]: 	essential(Essential:1.0.0): Essential (forge_1.8.9).processed.jar ()
[10:28:00] [Client thread/DEBUG] [FML/]: 	oneconfig(OneConfig:0.2.2-alpha223): OneConfig (1.8.9-forge).jar ()
[10:28:00] [Client thread/DEBUG] [FML/]: 	bspkrscore(bspkrsCore:1.8.9.2): [1.8.9]bspkrsCore-universal-1.8.9.2.jar ()
[10:28:00] [Client thread/DEBUG] [FML/]: 	statuseffecthud(StatusEffectHUD:1.8.9.2): [1.8.9]StatusEffectHUD-client-1.8.9.2.jar ()
[10:28:00] [Client thread/DEBUG] [FML/]: 	blockoverlay(Block Overlay:4.0.3): Block_Overlay_4.0.3.jar ()
[10:28:00] [Client thread/DEBUG] [FML/]: 	evergreenhud(EvergreenHUD:2.1.7): EvergreenHUD-1.8.9-forge-2.1.7.jar ()
[10:28:00] [Client thread/DEBUG] [FML/]: 	hytils-reborn(Hytils Reborn:1.7.3): Hytils Reborn-1.8.9-forge-1.7.3.jar ()
[10:28:00] [Client thread/DEBUG] [FML/]: 	polyfrostkeystrokes(Keystrokes:1.0.0): Keystrokes-1.8.9-forge-1.0.0.jar ()
[10:28:00] [Client thread/DEBUG] [FML/]: 	polycrosshair(PolyCrosshair:1.0.3): PolyCrosshair-1.8.9-forge-1.0.3.jar ()
[10:28:00] [Client thread/DEBUG] [FML/]: 	patcher(Patcher:1.10.1): PolyPatcher-1.8.9-forge-1.10.1.jar ()
[10:28:00] [Client thread/DEBUG] [FML/]: 	polysprint(PolySprint:1.0.1): PolySprint-1.8.9-forge-1.0.1.jar ()
[10:28:00] [Client thread/DEBUG] [FML/]: 	Squeedometer(Squeedometer:1.0.4): Squeedometer-mc1.8.x-1.0.4.jar ()
[10:28:00] [Client thread/DEBUG] [FML/]: 	timechanger(TimeChanger:2.1): TimeChanger-2.2.1.jar ()
[10:28:00] [Client thread/DEBUG] [FML/]: 	tnttime(TNT Time:1.1.0): TNT-Time-Mod-Forge-1.8.9.jar ()
[10:28:00] [Client thread/INFO] [FML/]: FML has found a non-mod file Essential-Client-Mod-Forge-1.8.9.jar in your mods directory. It will now be injected into your classpath. This could severe stability issues, it should be removed if possible.
[10:28:00] [Client thread/DEBUG] [mixin/]: Selecting config mixins.essential.modcompat.json
[10:28:00] [Client thread/DEBUG] [mixin/]: Preparing mixins.essential.modcompat.json (8)
[10:28:00] [Client thread/TRACE] [mcp/mcp]: Sending event FMLConstructionEvent to mod mcp
[10:28:00] [Client thread/TRACE] [mcp/mcp]: Sent event FMLConstructionEvent to mod mcp
[10:28:00] [Client thread/DEBUG] [FML/]: Bar Step: Construction - Minecraft Coder Pack took 0.001s
[10:28:00] [Client thread/TRACE] [FML/FML]: Sending event FMLConstructionEvent to mod FML
[10:28:00] [Client thread/DEBUG] [mixin/FML]: Mixing forge.MixinNetworkModHolder from mixins.essential.json into net.minecraftforge.fml.common.network.internal.NetworkModHolder
[10:28:00] [Client thread/TRACE] [mixin/FML]: Added class metadata for gg/essential/util/ClientSideModUtil to metadata cache
[10:28:00] [Client thread/TRACE] [mixin/FML]: Added class metadata for net/minecraftforge/fml/common/versioning/InvalidVersionSpecificationException to metadata cache
[10:28:00] [Client thread/TRACE] [mixin/FML]: Added class metadata for com/google/common/collect/ImmutableSet to metadata cache
[10:28:00] [Client thread/TRACE] [FML/FML]: Mod FML is using network checker : Invoking method checkModLists
[10:28:00] [Client thread/TRACE] [FML/FML]: Testing mod FML to verify it accepts its own version in a remote connection
[10:28:00] [Client thread/TRACE] [FML/FML]: The mod FML accepts its own version (8.0.99.99)
[10:28:01] [Client thread/INFO] [FML/FML]: Attempting connection with missing mods [mcp, FML, Forge, mousedelayfix, polypatcher, essential, oneconfig, bspkrscore, statuseffecthud, blockoverlay, evergreenhud, hytils-reborn, polyfrostkeystrokes, polycrosshair, patcher, polysprint, Squeedometer, timechanger, tnttime] at CLIENT
[10:28:01] [Client thread/INFO] [FML/FML]: Attempting connection with missing mods [mcp, FML, Forge, mousedelayfix, polypatcher, essential, oneconfig, bspkrscore, statuseffecthud, blockoverlay, evergreenhud, hytils-reborn, polyfrostkeystrokes, polycrosshair, patcher, polysprint, Squeedometer, timechanger, tnttime] at SERVER
[10:28:01] [Client thread/DEBUG] [mixin/FML]: Mixing forge.Mixin_BypassModCompat_Check from mixins.essential.json into net.minecraftforge.fml.common.network.internal.FMLNetworkHandler
[10:28:01] [Client thread/TRACE] [mixin/FML]: Added class metadata for gg/essential/mixins/ext/client/multiplayer/ServerDataExtKt to metadata cache
[10:28:01] [Client thread/DEBUG] [mixin/FML]: Mixing performance.forge.FMLIndexedMessageToMessageCodecMixin_FastUtil from mixins.patcher.json into net.minecraftforge.fml.common.network.FMLIndexedMessageToMessageCodec
[10:28:01] [Client thread/TRACE] [mixin/FML]: Added class metadata for io/netty/handler/codec/MessageToMessageCodec to metadata cache
[10:28:01] [Client thread/TRACE] [mixin/FML]: Added class metadata for io/netty/channel/ChannelDuplexHandler to metadata cache
[10:28:01] [Client thread/TRACE] [mixin/FML]: Added class metadata for io/netty/channel/ChannelOutboundHandler to metadata cache
[10:28:01] [Client thread/TRACE] [mixin/FML]: Added class metadata for it/unimi/dsi/fastutil/bytes/Byte2ObjectOpenHashMap to metadata cache
[10:28:01] [Client thread/TRACE] [mixin/FML]: Added class metadata for it/unimi/dsi/fastutil/bytes/AbstractByte2ObjectMap to metadata cache
[10:28:01] [Client thread/TRACE] [mixin/FML]: Added class metadata for it/unimi/dsi/fastutil/bytes/AbstractByte2ObjectFunction to metadata cache
[10:28:01] [Client thread/TRACE] [mixin/FML]: Added class metadata for it/unimi/dsi/fastutil/bytes/Byte2ObjectFunction to metadata cache
[10:28:01] [Client thread/TRACE] [mixin/FML]: Added class metadata for java/util/function/IntFunction to metadata cache
[10:28:01] [Client thread/TRACE] [mixin/FML]: Added class metadata for it/unimi/dsi/fastutil/Function to metadata cache
[10:28:01] [Client thread/TRACE] [mixin/FML]: Added class metadata for it/unimi/dsi/fastutil/bytes/Byte2ObjectMap to metadata cache
[10:28:01] [Client thread/TRACE] [mixin/FML]: Added class metadata for it/unimi/dsi/fastutil/objects/Object2ByteOpenHashMap to metadata cache
[10:28:01] [Client thread/TRACE] [mixin/FML]: Added class metadata for it/unimi/dsi/fastutil/objects/AbstractObject2ByteMap to metadata cache
[10:28:01] [Client thread/TRACE] [mixin/FML]: Added class metadata for it/unimi/dsi/fastutil/objects/AbstractObject2ByteFunction to metadata cache
[10:28:01] [Client thread/TRACE] [mixin/FML]: Added class metadata for it/unimi/dsi/fastutil/objects/Object2ByteFunction to metadata cache
[10:28:01] [Client thread/TRACE] [mixin/FML]: Added class metadata for java/util/function/ToIntFunction to metadata cache
[10:28:01] [Client thread/TRACE] [mixin/FML]: Added class metadata for it/unimi/dsi/fastutil/objects/Object2ByteMap to metadata cache
[10:28:01] [Client thread/TRACE] [mixin/FML]: Added class metadata for java/lang/Byte to metadata cache
[10:28:01] [Client thread/TRACE] [mixin/FML]: Added class metadata for net/minecraftforge/fml/common/network/NetworkRegistry to metadata cache
[10:28:01] [Client thread/TRACE] [mixin/FML]: Added class metadata for io/netty/util/AttributeMap to metadata cache
[10:28:01] [Client thread/TRACE] [mixin/FML]: Added class metadata for io/netty/util/Attribute to metadata cache
[10:28:01] [Client thread/TRACE] [mixin/FML]: Added class metadata for net/minecraftforge/fml/common/network/internal/FMLProxyPacket to metadata cache
[10:28:01] [Client thread/TRACE] [mixin/FML]: Added class metadata for java/lang/ref/WeakReference to metadata cache
[10:28:01] [Client thread/TRACE] [mixin/FML]: Added class metadata for java/lang/ref/Reference to metadata cache
[10:28:01] [Client thread/TRACE] [mixin/FML]: Added class metadata for org/apache/logging/log4j/Level to metadata cache
[10:28:01] [Client thread/TRACE] [mixin/FML]: Added class metadata for net/minecraftforge/fml/common/FMLLog to metadata cache
[10:28:01] [Client thread/TRACE] [FML/FML]: Sent event FMLConstructionEvent to mod FML
[10:28:01] [Client thread/DEBUG] [FML/]: Bar Step: Construction - Forge Mod Loader took 0.103s
[10:28:01] [Client thread/TRACE] [Forge/Forge]: Sending event FMLConstructionEvent to mod Forge
[10:28:01] [Client thread/TRACE] [FML/Forge]: Mod Forge is using network checker : No network checking performed
[10:28:01] [Client thread/TRACE] [FML/Forge]: Testing mod Forge to verify it accepts its own version in a remote connection
[10:28:01] [Client thread/TRACE] [FML/Forge]: The mod Forge accepts its own version (11.15.1.2318)
[10:28:01] [Client thread/TRACE] [Forge/Forge]: Sent event FMLConstructionEvent to mod Forge
[10:28:01] [Client thread/DEBUG] [FML/]: Bar Step: Construction - Minecraft Forge took 0.003s
[10:28:01] [Client thread/TRACE] [mousedelayfix/mousedelayfix]: Sending event FMLConstructionEvent to mod mousedelayfix
[10:28:01] [Client thread/TRACE] [mousedelayfix/mousedelayfix]: Sent event FMLConstructionEvent to mod mousedelayfix
[10:28:01] [Client thread/DEBUG] [FML/]: Bar Step: Construction - MouseDelayFix took 0.000s
[10:28:01] [Client thread/TRACE] [polypatcher/polypatcher]: Sending event FMLConstructionEvent to mod polypatcher
[10:28:01] [Client thread/TRACE] [polypatcher/polypatcher]: Sent event FMLConstructionEvent to mod polypatcher
[10:28:01] [Client thread/DEBUG] [FML/]: Bar Step: Construction - PolyPatcher took 0.000s
[10:28:01] [Client thread/TRACE] [essential/essential]: Sending event FMLConstructionEvent to mod essential
[10:28:01] [Client thread/TRACE] [FML/essential]: Mod essential is using network checker : Accepting version 1.0.0
[10:28:01] [Client thread/TRACE] [FML/essential]: Testing mod essential to verify it accepts its own version in a remote connection
[10:28:01] [Client thread/TRACE] [FML/essential]: The mod essential accepts its own version (1.0.0)
[10:28:01] [Client thread/DEBUG] [FML/essential]: Attempting to inject @SidedProxy classes into essential
[10:28:01] [Client thread/TRACE] [essential/essential]: Sent event FMLConstructionEvent to mod essential
[10:28:01] [Client thread/DEBUG] [FML/]: Bar Step: Construction - Essential took 0.008s
[10:28:01] [Client thread/TRACE] [oneconfig/oneconfig]: Sending event FMLConstructionEvent to mod oneconfig
[10:28:01] [Client thread/TRACE] [FML/oneconfig]: Mod oneconfig is using network checker : Accepting version 0.2.2-alpha223
[10:28:01] [Client thread/TRACE] [FML/oneconfig]: Testing mod oneconfig to verify it accepts its own version in a remote connection
[10:28:01] [Client thread/TRACE] [FML/oneconfig]: The mod oneconfig accepts its own version (0.2.2-alpha223)
[10:28:01] [Client thread/DEBUG] [FML/oneconfig]: Attempting to inject @SidedProxy classes into oneconfig
[10:28:01] [Client thread/TRACE] [oneconfig/oneconfig]: Sent event FMLConstructionEvent to mod oneconfig
[10:28:01] [Client thread/DEBUG] [FML/]: Bar Step: Construction - OneConfig took 0.004s
[10:28:01] [Client thread/TRACE] [bspkrscore/bspkrscore]: Sending event FMLConstructionEvent to mod bspkrscore
[10:28:01] [Client thread/TRACE] [FML/bspkrscore]: Mod bspkrscore is using network checker : Accepting version 1.8.9.2
[10:28:01] [Client thread/TRACE] [FML/bspkrscore]: Testing mod bspkrscore to verify it accepts its own version in a remote connection
[10:28:01] [Client thread/TRACE] [FML/bspkrscore]: The mod bspkrscore accepts its own version (1.8.9.2)
[10:28:01] [Client thread/DEBUG] [FML/bspkrscore]: Attempting to inject @SidedProxy classes into bspkrscore
[10:28:01] [Client thread/TRACE] [bspkrscore/bspkrscore]: Sent event FMLConstructionEvent to mod bspkrscore
[10:28:01] [Client thread/DEBUG] [FML/]: Bar Step: Construction - bspkrsCore took 0.005s
[10:28:01] [Client thread/TRACE] [statuseffecthud/statuseffecthud]: Sending event FMLConstructionEvent to mod statuseffecthud
[10:28:01] [Client thread/TRACE] [FML/statuseffecthud]: Mod statuseffecthud is using network checker : Accepting version 1.8.9.2
[10:28:01] [Client thread/TRACE] [FML/statuseffecthud]: Testing mod statuseffecthud to verify it accepts its own version in a remote connection
[10:28:01] [Client thread/TRACE] [FML/statuseffecthud]: The mod statuseffecthud accepts its own version (1.8.9.2)
[10:28:01] [Client thread/DEBUG] [FML/statuseffecthud]: Attempting to inject @SidedProxy classes into statuseffecthud
[10:28:01] [Client thread/TRACE] [statuseffecthud/statuseffecthud]: Sent event FMLConstructionEvent to mod statuseffecthud
[10:28:01] [Client thread/DEBUG] [FML/]: Bar Step: Construction - StatusEffectHUD took 0.002s
[10:28:01] [Client thread/TRACE] [blockoverlay/blockoverlay]: Sending event FMLConstructionEvent to mod blockoverlay
[10:28:01] [Client thread/TRACE] [FML/blockoverlay]: Mod blockoverlay is using network checker : Accepting version 4.0.3
[10:28:01] [Client thread/TRACE] [FML/blockoverlay]: Testing mod blockoverlay to verify it accepts its own version in a remote connection
[10:28:01] [Client thread/TRACE] [FML/blockoverlay]: The mod blockoverlay accepts its own version (4.0.3)
[10:28:01] [Client thread/DEBUG] [FML/blockoverlay]: Attempting to inject @SidedProxy classes into blockoverlay
[10:28:01] [Client thread/TRACE] [blockoverlay/blockoverlay]: Sent event FMLConstructionEvent to mod blockoverlay
[10:28:01] [Client thread/DEBUG] [FML/]: Bar Step: Construction - Block Overlay took 0.005s
[10:28:01] [Client thread/TRACE] [evergreenhud/evergreenhud]: Sending event FMLConstructionEvent to mod evergreenhud
[10:28:01] [Client thread/TRACE] [FML/evergreenhud]: Mod evergreenhud is using network checker : Accepting version 2.1.7
[10:28:01] [Client thread/TRACE] [FML/evergreenhud]: Testing mod evergreenhud to verify it accepts its own version in a remote connection
[10:28:01] [Client thread/TRACE] [FML/evergreenhud]: The mod evergreenhud accepts its own version (2.1.7)
[10:28:01] [Client thread/DEBUG] [FML/evergreenhud]: Attempting to inject @SidedProxy classes into evergreenhud
[10:28:01] [Client thread/TRACE] [evergreenhud/evergreenhud]: Sent event FMLConstructionEvent to mod evergreenhud
[10:28:01] [Client thread/DEBUG] [FML/]: Bar Step: Construction - EvergreenHUD took 0.001s
[10:28:01] [Client thread/TRACE] [hytils-reborn/hytils-reborn]: Sending event FMLConstructionEvent to mod hytils-reborn
[10:28:01] [Client thread/TRACE] [FML/hytils-reborn]: Mod hytils-reborn is using network checker : Accepting version 1.7.3
[10:28:01] [Client thread/TRACE] [FML/hytils-reborn]: Testing mod hytils-reborn to verify it accepts its own version in a remote connection
[10:28:01] [Client thread/TRACE] [FML/hytils-reborn]: The mod hytils-reborn accepts its own version (1.7.3)
[10:28:01] [Client thread/DEBUG] [FML/hytils-reborn]: Attempting to inject @SidedProxy classes into hytils-reborn
[10:28:01] [Client thread/TRACE] [hytils-reborn/hytils-reborn]: Sent event FMLConstructionEvent to mod hytils-reborn
[10:28:01] [Client thread/DEBUG] [FML/]: Bar Step: Construction - Hytils Reborn took 0.294s
[10:28:01] [Client thread/TRACE] [polyfrostkeystrokes/polyfrostkeystrokes]: Sending event FMLConstructionEvent to mod polyfrostkeystrokes
[10:28:01] [Client thread/TRACE] [FML/polyfrostkeystrokes]: Mod polyfrostkeystrokes is using network checker : Accepting version 1.0.0
[10:28:01] [Client thread/TRACE] [FML/polyfrostkeystrokes]: Testing mod polyfrostkeystrokes to verify it accepts its own version in a remote connection
[10:28:01] [Client thread/TRACE] [FML/polyfrostkeystrokes]: The mod polyfrostkeystrokes accepts its own version (1.0.0)
[10:28:01] [Client thread/DEBUG] [FML/polyfrostkeystrokes]: Attempting to inject @SidedProxy classes into polyfrostkeystrokes
[10:28:01] [Client thread/TRACE] [polyfrostkeystrokes/polyfrostkeystrokes]: Sent event FMLConstructionEvent to mod polyfrostkeystrokes
[10:28:01] [Client thread/DEBUG] [FML/]: Bar Step: Construction - Keystrokes took 0.002s
[10:28:01] [Client thread/TRACE] [polycrosshair/polycrosshair]: Sending event FMLConstructionEvent to mod polycrosshair
[10:28:01] [Client thread/TRACE] [FML/polycrosshair]: Mod polycrosshair is using network checker : Accepting version 1.0.3
[10:28:01] [Client thread/TRACE] [FML/polycrosshair]: Testing mod polycrosshair to verify it accepts its own version in a remote connection
[10:28:01] [Client thread/TRACE] [FML/polycrosshair]: The mod polycrosshair accepts its own version (1.0.3)
[10:28:01] [Client thread/DEBUG] [FML/polycrosshair]: Attempting to inject @SidedProxy classes into polycrosshair
[10:28:01] [Client thread/TRACE] [polycrosshair/polycrosshair]: Sent event FMLConstructionEvent to mod polycrosshair
[10:28:01] [Client thread/DEBUG] [FML/]: Bar Step: Construction - PolyCrosshair took 0.287s
[10:28:01] [Client thread/TRACE] [patcher/patcher]: Sending event FMLConstructionEvent to mod patcher
[10:28:01] [Client thread/TRACE] [FML/patcher]: Mod patcher is using network checker : Accepting version 1.10.1
[10:28:01] [Client thread/TRACE] [FML/patcher]: Testing mod patcher to verify it accepts its own version in a remote connection
[10:28:01] [Client thread/TRACE] [FML/patcher]: The mod patcher accepts its own version (1.10.1)
[10:28:01] [Client thread/DEBUG] [FML/patcher]: Attempting to inject @SidedProxy classes into patcher
[10:28:01] [Client thread/TRACE] [patcher/patcher]: Sent event FMLConstructionEvent to mod patcher
[10:28:01] [Client thread/DEBUG] [FML/]: Bar Step: Construction - Patcher took 0.009s
[10:28:01] [Client thread/TRACE] [polysprint/polysprint]: Sending event FMLConstructionEvent to mod polysprint
[10:28:01] [Client thread/TRACE] [FML/polysprint]: Mod polysprint is using network checker : Accepting version 1.0.1
[10:28:01] [Client thread/TRACE] [FML/polysprint]: Testing mod polysprint to verify it accepts its own version in a remote connection
[10:28:01] [Client thread/TRACE] [FML/polysprint]: The mod polysprint accepts its own version (1.0.1)
[10:28:01] [Client thread/DEBUG] [FML/polysprint]: Attempting to inject @SidedProxy classes into polysprint
[10:28:01] [Client thread/TRACE] [polysprint/polysprint]: Sent event FMLConstructionEvent to mod polysprint
[10:28:01] [Client thread/DEBUG] [FML/]: Bar Step: Construction - PolySprint took 0.002s
[10:28:01] [Client thread/TRACE] [Squeedometer/Squeedometer]: Sending event FMLConstructionEvent to mod Squeedometer
[10:28:01] [Client thread/TRACE] [FML/Squeedometer]: Mod Squeedometer is using network checker : Accepting version 1.0.4
[10:28:01] [Client thread/TRACE] [FML/Squeedometer]: Testing mod Squeedometer to verify it accepts its own version in a remote connection
[10:28:01] [Client thread/TRACE] [FML/Squeedometer]: The mod Squeedometer accepts its own version (1.0.4)
[10:28:01] [Client thread/DEBUG] [FML/Squeedometer]: Attempting to inject @SidedProxy classes into Squeedometer
[10:28:01] [Client thread/TRACE] [Squeedometer/Squeedometer]: Sent event FMLConstructionEvent to mod Squeedometer
[10:28:01] [Client thread/DEBUG] [FML/]: Bar Step: Construction - Squeedometer took 0.002s
[10:28:01] [Client thread/TRACE] [timechanger/timechanger]: Sending event FMLConstructionEvent to mod timechanger
[10:28:01] [Client thread/TRACE] [FML/timechanger]: Mod timechanger is using network checker : Accepting version 2.1
[10:28:01] [Client thread/TRACE] [FML/timechanger]: Testing mod timechanger to verify it accepts its own version in a remote connection
[10:28:01] [Client thread/TRACE] [FML/timechanger]: The mod timechanger accepts its own version (2.1)
[10:28:01] [Client thread/DEBUG] [FML/timechanger]: Attempting to inject @SidedProxy classes into timechanger
[10:28:01] [Client thread/TRACE] [timechanger/timechanger]: Sent event FMLConstructionEvent to mod timechanger
[10:28:01] [Client thread/DEBUG] [FML/]: Bar Step: Construction - TimeChanger took 0.002s
[10:28:01] [Client thread/TRACE] [tnttime/tnttime]: Sending event FMLConstructionEvent to mod tnttime
[10:28:01] [Client thread/INFO] [TNTTimer Transformers/tnttime]: Found 1 transformers for net.minecraft.client.renderer.entity.RenderTNTPrimed
[10:28:01] [Client thread/INFO] [TNTTimer Transformers/tnttime]: Applying transformer club.sk1er.mods.tnttimer.forge.transformers.EntityTNTPrimedTransformer on net.minecraft.client.renderer.entity.RenderTNTPrimed...
[10:28:01] [Client thread/TRACE] [FML/tnttime]: Mod tnttime is using network checker : Accepting version 1.1.0
[10:28:01] [Client thread/TRACE] [FML/tnttime]: Testing mod tnttime to verify it accepts its own version in a remote connection
[10:28:01] [Client thread/TRACE] [FML/tnttime]: The mod tnttime accepts its own version (1.1.0)
[10:28:01] [Client thread/DEBUG] [FML/tnttime]: Attempting to inject @SidedProxy classes into tnttime
[10:28:01] [Client thread/TRACE] [tnttime/tnttime]: Sent event FMLConstructionEvent to mod tnttime
[10:28:01] [Client thread/DEBUG] [FML/]: Bar Step: Construction - TNT Time took 0.002s
[10:28:01] [Client thread/DEBUG] [FML/]: Bar Finished: Construction took 0.732s
[10:28:01] [Client thread/DEBUG] [FML/]: Mod signature data
[10:28:01] [Client thread/DEBUG] [FML/]:  	Valid Signatures:
[10:28:01] [Client thread/DEBUG] [FML/]:  	Missing Signatures:
[10:28:01] [Client thread/DEBUG] [FML/]: 		mcp	(Minecraft Coder Pack	9.19)	minecraft.jar
[10:28:01] [Client thread/DEBUG] [FML/]: 		FML	(Forge Mod Loader	8.0.99.99)	forge-1.8.9-11.15.1.2318-1.8.9-universal.jar
[10:28:01] [Client thread/DEBUG] [FML/]: 		Forge	(Minecraft Forge	11.15.1.2318)	forge-1.8.9-11.15.1.2318-1.8.9-universal.jar
[10:28:01] [Client thread/DEBUG] [FML/]: 		mousedelayfix	(MouseDelayFix	1.0.1)	minecraft.jar
[10:28:01] [Client thread/DEBUG] [FML/]: 		polypatcher	(PolyPatcher	1.10.1)	minecraft.jar
[10:28:01] [Client thread/DEBUG] [FML/]: 		essential	(Essential	1.0.0)	Essential (forge_1.8.9).processed.jar
[10:28:01] [Client thread/DEBUG] [FML/]: 		oneconfig	(OneConfig	0.2.2-alpha223)	OneConfig (1.8.9-forge).jar
[10:28:01] [Client thread/DEBUG] [FML/]: 		bspkrscore	(bspkrsCore	1.8.9.2)	[1.8.9]bspkrsCore-universal-1.8.9.2.jar
[10:28:01] [Client thread/DEBUG] [FML/]: 		statuseffecthud	(StatusEffectHUD	1.8.9.2)	[1.8.9]StatusEffectHUD-client-1.8.9.2.jar
[10:28:01] [Client thread/DEBUG] [FML/]: 		blockoverlay	(Block Overlay	4.0.3)	Block_Overlay_4.0.3.jar
[10:28:01] [Client thread/DEBUG] [FML/]: 		evergreenhud	(EvergreenHUD	2.1.7)	EvergreenHUD-1.8.9-forge-2.1.7.jar
[10:28:01] [Client thread/DEBUG] [FML/]: 		hytils-reborn	(Hytils Reborn	1.7.3)	Hytils Reborn-1.8.9-forge-1.7.3.jar
[10:28:01] [Client thread/DEBUG] [FML/]: 		polyfrostkeystrokes	(Keystrokes	1.0.0)	Keystrokes-1.8.9-forge-1.0.0.jar
[10:28:01] [Client thread/DEBUG] [FML/]: 		polycrosshair	(PolyCrosshair	1.0.3)	PolyCrosshair-1.8.9-forge-1.0.3.jar
[10:28:01] [Client thread/DEBUG] [FML/]: 		patcher	(Patcher	1.10.1)	PolyPatcher-1.8.9-forge-1.10.1.jar
[10:28:01] [Client thread/DEBUG] [FML/]: 		polysprint	(PolySprint	1.0.1)	PolySprint-1.8.9-forge-1.0.1.jar
[10:28:01] [Client thread/DEBUG] [FML/]: 		Squeedometer	(Squeedometer	1.0.4)	Squeedometer-mc1.8.x-1.0.4.jar
[10:28:01] [Client thread/DEBUG] [FML/]: 		timechanger	(TimeChanger	2.1)	TimeChanger-2.2.1.jar
[10:28:01] [Client thread/DEBUG] [FML/]: 		tnttime	(TNT Time	1.1.0)	TNT-Time-Mod-Forge-1.8.9.jar
[10:28:01] [Client thread/DEBUG] [FML/]: Bar Step: Loading Resources - Essential Assets took 0.001s
[10:28:01] [Client thread/DEBUG] [FML/]: Bar Step: Loading Resources - Essential (forge_1.8.9).processed.jar took 0.009s
[10:28:01] [Client thread/DEBUG] [FML/]: Bar Step: Loading Resources - Default took 0.000s
[10:28:01] [Client thread/DEBUG] [FML/]: Bar Step: Loading Resources - FMLFileResourcePack:Forge Mod Loader took 0.000s
[10:28:01] [Client thread/DEBUG] [FML/]: Bar Step: Loading Resources - FMLFileResourcePack:Minecraft Forge took 0.000s
[10:28:01] [Client thread/DEBUG] [FML/]: Bar Step: Loading Resources - FMLFileResourcePack:Essential took 0.006s
[10:28:01] [Client thread/DEBUG] [FML/]: Bar Step: Loading Resources - FMLFileResourcePack:OneConfig took 0.002s
[10:28:01] [Client thread/DEBUG] [FML/]: Bar Step: Loading Resources - FMLFileResourcePack:bspkrsCore took 0.000s
[10:28:01] [Client thread/DEBUG] [FML/]: Bar Step: Loading Resources - FMLFileResourcePack:StatusEffectHUD took 0.000s
[10:28:01] [Client thread/DEBUG] [FML/]: Bar Step: Loading Resources - FMLFileResourcePack:Block Overlay took 0.000s
[10:28:01] [Client thread/DEBUG] [FML/]: Bar Step: Loading Resources - FMLFileResourcePack:EvergreenHUD took 0.000s
[10:28:01] [Client thread/DEBUG] [FML/]: Bar Step: Loading Resources - FMLFileResourcePack:Hytils Reborn took 0.000s
[10:28:01] [Client thread/DEBUG] [FML/]: Bar Step: Loading Resources - FMLFileResourcePack:Keystrokes took 0.000s
[10:28:01] [Client thread/DEBUG] [FML/]: Bar Step: Loading Resources - FMLFileResourcePack:PolyCrosshair took 0.000s
[10:28:01] [Client thread/DEBUG] [FML/]: Bar Step: Loading Resources - FMLFileResourcePack:Patcher took 0.005s
[10:28:01] [Client thread/DEBUG] [FML/]: Bar Step: Loading Resources - FMLFileResourcePack:PolySprint took 0.000s
[10:28:01] [Client thread/DEBUG] [FML/]: Bar Step: Loading Resources - FMLFileResourcePack:Squeedometer took 0.000s
[10:28:01] [Client thread/DEBUG] [FML/]: Bar Step: Loading Resources - FMLFileResourcePack:TimeChanger took 0.000s
[10:28:01] [Client thread/DEBUG] [FML/]: Bar Step: Loading Resources - FMLFileResourcePack:TNT Time took 0.000s
[10:28:01] [Client thread/DEBUG] [FML/]: Bar Step: Loading Resources - TechProKing16x.zip took 0.003s
[10:28:01] [Client thread/DEBUG] [FML/]: Bar Finished: Reloading took 0.012s
[10:28:01] [Client thread/DEBUG] [FML/]: Bar Step: Loading Resources - Reloading listeners took 0.012s
[10:28:01] [Client thread/DEBUG] [FML/]: Bar Finished: Loading Resources took 0.041s
[10:28:01] [Client thread/DEBUG] [Forge Mod Loader/]: Mod Forge Mod Loader is missing a pack.mcmeta file, substituting a dummy one
[10:28:01] [Client thread/DEBUG] [Minecraft Forge/]: Mod Minecraft Forge is missing a pack.mcmeta file, substituting a dummy one
[10:28:01] [Client thread/DEBUG] [bspkrsCore/]: Mod bspkrsCore is missing a pack.mcmeta file, substituting a dummy one
[10:28:01] [Client thread/DEBUG] [StatusEffectHUD/]: Mod StatusEffectHUD is missing a pack.mcmeta file, substituting a dummy one
[10:28:01] [Client thread/DEBUG] [Block Overlay/]: Mod Block Overlay is missing a pack.mcmeta file, substituting a dummy one
[10:28:01] [Client thread/DEBUG] [EvergreenHUD/]: Mod EvergreenHUD is missing a pack.mcmeta file, substituting a dummy one
[10:28:01] [Client thread/DEBUG] [Hytils Reborn/]: Mod Hytils Reborn is missing a pack.mcmeta file, substituting a dummy one
[10:28:01] [Client thread/DEBUG] [Keystrokes/]: Mod Keystrokes is missing a pack.mcmeta file, substituting a dummy one
[10:28:01] [Client thread/DEBUG] [PolyCrosshair/]: Mod PolyCrosshair is missing a pack.mcmeta file, substituting a dummy one
[10:28:01] [Client thread/DEBUG] [Squeedometer/]: Mod Squeedometer is missing a pack.mcmeta file, substituting a dummy one
[10:28:01] [Client thread/DEBUG] [TimeChanger/]: Mod TimeChanger is missing a pack.mcmeta file, substituting a dummy one
[10:28:01] [Client thread/DEBUG] [TNT Time/]: Mod TNT Time is missing a pack.mcmeta file, substituting a dummy one
[10:28:01] [Client thread/INFO] [FML/]: Processing ObjectHolder annotations
[10:28:01] [Client thread/INFO] [FML/]: Found 384 ObjectHolder annotations
[10:28:01] [Client thread/INFO] [FML/]: Identifying ItemStackHolder annotations
[10:28:01] [Client thread/INFO] [FML/]: Found 0 ItemStackHolder annotations
[10:28:01] [Client thread/TRACE] [mcp/mcp]: Sending event FMLPreInitializationEvent to mod mcp
[10:28:01] [Client thread/TRACE] [mcp/mcp]: Sent event FMLPreInitializationEvent to mod mcp
[10:28:01] [Client thread/DEBUG] [FML/]: Bar Step: PreInitialization - Minecraft Coder Pack took 0.000s
[10:28:01] [Client thread/TRACE] [FML/FML]: Sending event FMLPreInitializationEvent to mod FML
[10:28:01] [Client thread/TRACE] [FML/FML]: Sent event FMLPreInitializationEvent to mod FML
[10:28:01] [Client thread/DEBUG] [FML/]: Bar Step: PreInitialization - Forge Mod Loader took 0.006s
[10:28:01] [Client thread/TRACE] [Forge/Forge]: Sending event FMLPreInitializationEvent to mod Forge
[10:28:01] [Client thread/INFO] [FML/Forge]: Configured a dormant chunk cache size of 0
[10:28:01] [Client thread/TRACE] [Forge/Forge]: Sent event FMLPreInitializationEvent to mod Forge
[10:28:01] [Client thread/DEBUG] [FML/]: Bar Step: PreInitialization - Minecraft Forge took 0.018s
[10:28:01] [Client thread/TRACE] [mousedelayfix/mousedelayfix]: Sending event FMLPreInitializationEvent to mod mousedelayfix
[10:28:01] [Client thread/TRACE] [mousedelayfix/mousedelayfix]: Sent event FMLPreInitializationEvent to mod mousedelayfix
[10:28:01] [Client thread/DEBUG] [FML/]: Bar Step: PreInitialization - MouseDelayFix took 0.000s
[10:28:01] [Client thread/TRACE] [polypatcher/polypatcher]: Sending event FMLPreInitializationEvent to mod polypatcher
[10:28:01] [Client thread/TRACE] [polypatcher/polypatcher]: Sent event FMLPreInitializationEvent to mod polypatcher
[10:28:01] [Client thread/DEBUG] [FML/]: Bar Step: PreInitialization - PolyPatcher took 0.000s
[10:28:01] [Client thread/TRACE] [essential/essential]: Sending event FMLPreInitializationEvent to mod essential
[10:28:01] [Forge Version Check/INFO] [ForgeVersionCheck/Forge]: [bspkrscore] Starting version check at http://bspk.rs/Minecraft/bspkrscore.json
[10:28:01] [Client thread/TRACE] [essential/essential]: Sent event FMLPreInitializationEvent to mod essential
[10:28:01] [Client thread/DEBUG] [FML/]: Bar Step: PreInitialization - Essential took 0.000s
[10:28:01] [Client thread/TRACE] [oneconfig/oneconfig]: Sending event FMLPreInitializationEvent to mod oneconfig
[10:28:01] [Client thread/TRACE] [oneconfig/oneconfig]: Sent event FMLPreInitializationEvent to mod oneconfig
[10:28:01] [Client thread/DEBUG] [FML/]: Bar Step: PreInitialization - OneConfig took 0.000s
[10:28:01] [Client thread/TRACE] [bspkrscore/bspkrscore]: Sending event FMLPreInitializationEvent to mod bspkrscore
[10:28:01] [Client thread/TRACE] [bspkrscore/bspkrscore]: Sent event FMLPreInitializationEvent to mod bspkrscore
[10:28:01] [Client thread/DEBUG] [FML/]: Bar Step: PreInitialization - bspkrsCore took 0.010s
[10:28:01] [Client thread/TRACE] [statuseffecthud/statuseffecthud]: Sending event FMLPreInitializationEvent to mod statuseffecthud
[10:28:01] [Client thread/TRACE] [statuseffecthud/statuseffecthud]: Sent event FMLPreInitializationEvent to mod statuseffecthud
[10:28:01] [Client thread/DEBUG] [FML/]: Bar Step: PreInitialization - StatusEffectHUD took 0.004s
[10:28:01] [Client thread/TRACE] [blockoverlay/blockoverlay]: Sending event FMLPreInitializationEvent to mod blockoverlay
[10:28:01] [Client thread/TRACE] [blockoverlay/blockoverlay]: Sent event FMLPreInitializationEvent to mod blockoverlay
[10:28:01] [Client thread/DEBUG] [FML/]: Bar Step: PreInitialization - Block Overlay took 0.005s
[10:28:01] [Client thread/TRACE] [evergreenhud/evergreenhud]: Sending event FMLPreInitializationEvent to mod evergreenhud
[10:28:01] [Client thread/TRACE] [evergreenhud/evergreenhud]: Sent event FMLPreInitializationEvent to mod evergreenhud
[10:28:01] [Client thread/DEBUG] [FML/]: Bar Step: PreInitialization - EvergreenHUD took 0.000s
[10:28:01] [Client thread/TRACE] [hytils-reborn/hytils-reborn]: Sending event FMLPreInitializationEvent to mod hytils-reborn
[10:28:01] [Client thread/TRACE] [hytils-reborn/hytils-reborn]: Sent event FMLPreInitializationEvent to mod hytils-reborn
[10:28:01] [Client thread/DEBUG] [FML/]: Bar Step: PreInitialization - Hytils Reborn took 0.000s
[10:28:01] [Client thread/TRACE] [polyfrostkeystrokes/polyfrostkeystrokes]: Sending event FMLPreInitializationEvent to mod polyfrostkeystrokes
[10:28:01] [Client thread/TRACE] [polyfrostkeystrokes/polyfrostkeystrokes]: Sent event FMLPreInitializationEvent to mod polyfrostkeystrokes
[10:28:01] [Client thread/DEBUG] [FML/]: Bar Step: PreInitialization - Keystrokes took 0.000s
[10:28:01] [Client thread/TRACE] [polycrosshair/polycrosshair]: Sending event FMLPreInitializationEvent to mod polycrosshair
[10:28:01] [Client thread/TRACE] [polycrosshair/polycrosshair]: Sent event FMLPreInitializationEvent to mod polycrosshair
[10:28:01] [Client thread/DEBUG] [FML/]: Bar Step: PreInitialization - PolyCrosshair took 0.000s
[10:28:01] [Client thread/TRACE] [patcher/patcher]: Sending event FMLPreInitializationEvent to mod patcher
[10:28:01] [Client thread/TRACE] [patcher/patcher]: Sent event FMLPreInitializationEvent to mod patcher
[10:28:01] [Client thread/DEBUG] [FML/]: Bar Step: PreInitialization - Patcher took 0.000s
[10:28:01] [Client thread/TRACE] [polysprint/polysprint]: Sending event FMLPreInitializationEvent to mod polysprint
[10:28:01] [Client thread/TRACE] [polysprint/polysprint]: Sent event FMLPreInitializationEvent to mod polysprint
[10:28:01] [Client thread/DEBUG] [FML/]: Bar Step: PreInitialization - PolySprint took 0.000s
[10:28:01] [Client thread/TRACE] [Squeedometer/Squeedometer]: Sending event FMLPreInitializationEvent to mod Squeedometer
[10:28:01] [Client thread/TRACE] [Squeedometer/Squeedometer]: Sent event FMLPreInitializationEvent to mod Squeedometer
[10:28:01] [Client thread/DEBUG] [FML/]: Bar Step: PreInitialization - Squeedometer took 0.002s
[10:28:01] [Client thread/TRACE] [timechanger/timechanger]: Sending event FMLPreInitializationEvent to mod timechanger
[10:28:01] [Client thread/TRACE] [timechanger/timechanger]: Sent event FMLPreInitializationEvent to mod timechanger
[10:28:01] [Client thread/DEBUG] [FML/]: Bar Step: PreInitialization - TimeChanger took 0.000s
[10:28:01] [Client thread/TRACE] [tnttime/tnttime]: Sending event FMLPreInitializationEvent to mod tnttime
[10:28:01] [Client thread/TRACE] [tnttime/tnttime]: Sent event FMLPreInitializationEvent to mod tnttime
[10:28:01] [Client thread/DEBUG] [FML/]: Bar Step: PreInitialization - TNT Time took 0.000s
[10:28:01] [Client thread/DEBUG] [FML/]: Bar Finished: PreInitialization took 0.047s
[10:28:01] [Client thread/INFO] [FML/]: Applying holder lookups
[10:28:01] [Client thread/INFO] [FML/]: Holder lookups applied
[10:28:01] [Client thread/INFO] [FML/]: Injecting itemstacks
[10:28:01] [Client thread/INFO] [FML/]: Itemstack injection complete
[10:28:01] [Client thread/DEBUG] [mixin/]: Mixing performance.TextureManagerMixin_MemoryLeak from mixins.patcher.json into net.minecraft.client.renderer.texture.TextureManager
[10:28:01] [Client thread/TRACE] [mixin/]: Added class metadata for net/minecraft/client/renderer/texture/ITickable to metadata cache
[10:28:01] [Client thread/TRACE] [mixin/]: Added class metadata for net/minecraft/client/renderer/texture/DynamicTexture to metadata cache
[10:28:01] [Essential Thread 10/TRACE] [gg.essential.lib.websocket.WebSocketImpl/]: send frame: Framedata{ opcode:BINARY, fin:true, rsv1:false, rsv2:false, rsv3:false, payload length:[pos:0, len:84], payload:           H{"a":"cosmetic.categories.ClientCosmeticCategoriesRequestPacket","b":11}}
[10:28:01] [Essential Thread 10/TRACE] [gg.essential.lib.websocket.drafts.Draft_6455/]: afterEnconding(84):            H{"a":"cosmetic.categories.ClientCosmeticCategoriesRequestPacket","b":11}
[10:28:01] [Essential Thread 10/TRACE] [gg.essential.lib.websocket.WebSocketImpl/]: write(90): ‚Ô"dQ"dQ"dQ"dY6s6>Qy%KwJ2C`6Mf4Q:'=Kq
%a{<G`2au4E{8Gg64Sa"VD2Iqs6s%U,
[10:28:01] [Essential Thread 10/TRACE] [gg.essential.lib.websocket.WebSocketImpl/]: send frame: Framedata{ opcode:BINARY, fin:true, rsv1:false, rsv2:false, rsv3:false, payload length:[pos:0, len:66], payload:      $37b8d70a-c796-4a4b-92e7-2434da310bcb   {"a":["MOVEMENT"]}}
[10:28:01] [Essential Thread 10/TRACE] [gg.essential.lib.websocket.drafts.Draft_6455/]: afterEnconding(66):       $37b8d70a-c796-4a4b-92e7-2434da310bcb   {"a":["MOVEMENT"]}
[10:28:01] [Essential Thread 10/TRACE] [gg.essential.lib.websocket.WebSocketImpl/]: write(72): ‚Â[­\[­W[­xhšqd?š#=vÎ$em€'=oÏ>eiÈ$qi™ h?Ì mkÏp>[­N ?r~aö1ûVãG~Ð
[10:28:01] [Essential Thread 1/TRACE] [gg.essential.lib.websocket.WebSocketImpl/]: send frame: Framedata{ opcode:BINARY, fin:true, rsv1:false, rsv2:false, rsv3:false, payload length:[pos:0, len:67], payload:      $1529dd99-2677-439f-8127-d18f9bacf7a7   {"a":["PARTICLES"]}}
[10:28:01] [Essential Thread 1/TRACE] [gg.essential.lib.websocket.drafts.Draft_6455/]: afterEnconding(67):       $1529dd99-2677-439f-8127-d18f9bacf7a7   {"a":["PARTICLES"]}
[10:28:01] [Essential Thread 1/TRACE] [gg.essential.lib.websocket.WebSocketImpl/]: write(73): ‚Ã$à–å$à–î$à–ÁÕ¤Ü@„¯Ü	Ò ÒÍ¢Ö†»ÝÒ¡È@Ñ®ƒ‚÷†B×÷Ò$à–ö_Â÷Ç»´µe²Â¬g¬Ó¶½ë
[10:28:01] [WebSocketConnectReadThread-121/TRACE] [gg.essential.lib.websocket.WebSocketImpl/]: process(209): (‚~ Í      $37b8d70a-c796-4a4b-92e7-2434da310bcb   ?{"a":[{"a":"MOVEMENT","b":{"en_us":"Movement"},"c":{"a":"","b":""},"e":["EMOTE"],"f":3,"g":1701881635000,"i":{"en_us":"Movement"},"j":{"en_us":"Movement"}}]})
[10:28:01] [WebSocketConnectReadThread-121/TRACE] [gg.essential.lib.websocket.drafts.Draft_6455/]: afterDecoding(205):       $37b8d70a-c796-4a4b-92e7-2434da310bcb   ?{"a":[{"a":"MOVEMENT","b":{"en_us":"Movement"},"c":{"a":"","b":""},"e":["EMOTE"],"f":3,"g":1701881635000,"i":{"en_us":"Movement"},"j":{"en_us":"Movement"}}]}
[10:28:01] [WebSocketConnectReadThread-121/TRACE] [gg.essential.lib.websocket.WebSocketImpl/]: matched frame: Framedata{ opcode:BINARY, fin:true, rsv1:false, rsv2:false, rsv3:false, payload length:[pos:0, len:205], payload:      $37b8d70a-c796-4a4b-92e7-2434da310bcb   ?{"a":[{"a":"MOVEMENT","b":{"en_us":"Movement"},"c":{"a":"","b":""},"e":["EMOTE"],"f":3,"g":1701881635000,"i":{"en_us":"Movement"},"j":{"en_us":"Movement"}}]}}
[10:28:01] [Essential Thread 7/TRACE] [gg.essential.lib.websocket.WebSocketImpl/]: send frame: Framedata{ opcode:BINARY, fin:true, rsv1:false, rsv2:false, rsv3:false, payload length:[pos:0, len:63], payload:      $3afecab8-3786-48bb-964c-46de5144f3bc   {"a":["BASIC"]}}
[10:28:01] [Essential Thread 7/TRACE] [gg.essential.lib.websocket.drafts.Draft_6455/]: afterEnconding(63):       $3afecab8-3786-48bb-964c-46de5144f3bc   {"a":["BASIC"]}
[10:28:01] [Essential Thread 7/TRACE] [gg.essential.lib.websocket.WebSocketImpl/]: write(69): ‚¿ZSï÷ZSïüZSïÓi2‰’92?Ïw`ØÏl~ÛÏ81ÂÎlgŒÚne‹’obÛÃ<`?”ZSïø!qŽÕ`Íµ ¦´x’
[10:28:02] [WebSocketConnectReadThread-121/TRACE] [gg.essential.lib.websocket.WebSocketImpl/]: process(206): (‚~ Ê      $1529dd99-2677-439f-8127-d18f9bacf7a7   š{"a":[{"a":"PARTICLES","b":{"en_us":"Particles"},"c":{"a":"","b":""},"e":[],"f":2,"g":1701881680000,"i":{"en_us":"Particles"},"j":{"en_us":"Particles"}}]})
[10:28:02] [WebSocketConnectReadThread-121/TRACE] [gg.essential.lib.websocket.drafts.Draft_6455/]: afterDecoding(202):       $1529dd99-2677-439f-8127-d18f9bacf7a7   š{"a":[{"a":"PARTICLES","b":{"en_us":"Particles"},"c":{"a":"","b":""},"e":[],"f":2,"g":1701881680000,"i":{"en_us":"Particles"},"j":{"en_us":"Particles"}}]}
[10:28:02] [WebSocketConnectReadThread-121/TRACE] [gg.essential.lib.websocket.WebSocketImpl/]: matched frame: Framedata{ opcode:BINARY, fin:true, rsv1:false, rsv2:false, rsv3:false, payload length:[pos:0, len:202], payload:      $1529dd99-2677-439f-8127-d18f9bacf7a7   š{"a":[{"a":"PARTICLES","b":{"en_us":"Particles"},"c":{"a":"","b":""},"e":[],"f":2,"g":1701881680000,"i":{"en_us":"Particles"},"j":{"en_us":"Particles"}}]}}
[10:28:02] [Essential Thread 6/TRACE] [gg.essential.lib.websocket.WebSocketImpl/]: send frame: Framedata{ opcode:BINARY, fin:true, rsv1:false, rsv2:false, rsv3:false, payload length:[pos:0, len:63], payload:      $b763841f-4ada-47cc-ad56-c8abc013b249   {"a":["DANCE"]}}
[10:28:02] [Essential Thread 6/TRACE] [gg.essential.lib.websocket.drafts.Draft_6455/]: afterEnconding(63):       $b763841f-4ada-47cc-ad56-c8abc013b249   {"a":["DANCE"]}
[10:28:02] [Essential Thread 6/TRACE] [gg.essential.lib.websocket.WebSocketImpl/]: write(69): ‚¿D-ë D-ëD-ë$&Ý3|ÚfiŠd% ß7'NÆa Ý-'Šb'Ú3&ß9D-ë?Š"~vÉDc¨Efp–
[10:28:02] [Essential Thread 10/TRACE] [gg.essential.lib.websocket.WebSocketImpl/]: send frame: Framedata{ opcode:BINARY, fin:true, rsv1:false, rsv2:false, rsv3:false, payload length:[pos:0, len:62], payload:      $e29b5b68-341e-468a-8d59-a7bdc05d3e31   {"a":["CAPE"]}}
[10:28:02] [Essential Thread 10/TRACE] [gg.essential.lib.websocket.drafts.Draft_6455/]: afterEnconding(62):       $e29b5b68-341e-468a-8d59-a7bdc05d3e31   {"a":["CAPE"]}
[10:28:02] [Essential Thread 10/TRACE] [gg.essential.lib.websocket.WebSocketImpl/]: write(68): ‚¾-3[~-3[u-3[ZHbQmF  oOHoHRvFIbSL9NnVhO-3[pV:\hy=lc\pN
[10:28:02] [WebSocketConnectReadThread-121/TRACE] [gg.essential.lib.websocket.WebSocketImpl/]: process(200): (‚~ Ä      $3afecab8-3786-48bb-964c-46de5144f3bc   ”{"a":[{"a":"BASIC","b":{"en_us":"Simple"},"c":{"a":"","b":""},"e":["EMOTE"],"f":4,"g":1701881495000,"i":{"en_us":"Simple"},"j":{"en_us":"Simple"}}]})
[10:28:02] [WebSocketConnectReadThread-121/TRACE] [gg.essential.lib.websocket.drafts.Draft_6455/]: afterDecoding(196):       $3afecab8-3786-48bb-964c-46de5144f3bc   ”{"a":[{"a":"BASIC","b":{"en_us":"Simple"},"c":{"a":"","b":""},"e":["EMOTE"],"f":4,"g":1701881495000,"i":{"en_us":"Simple"},"j":{"en_us":"Simple"}}]}
[10:28:02] [WebSocketConnectReadThread-121/TRACE] [gg.essential.lib.websocket.WebSocketImpl/]: matched frame: Framedata{ opcode:BINARY, fin:true, rsv1:false, rsv2:false, rsv3:false, payload length:[pos:0, len:196], payload:      $3afecab8-3786-48bb-964c-46de5144f3bc   ”{"a":[{"a":"BASIC","b":{"en_us":"Simple"},"c":{"a":"","b":""},"e":["EMOTE"],"f":4,"g":1701881495000,"i":{"en_us":"Simple"},"j":{"en_us":"Simple"}}]}}
[10:28:02] [WebSocketConnectReadThread-121/TRACE] [gg.essential.lib.websocket.WebSocketImpl/]: process(200): (‚~ Ä      $b763841f-4ada-47cc-ad56-c8abc013b249   ”{"a":[{"a":"DANCE","b":{"en_us":"Dances"},"c":{"a":"","b":""},"e":["EMOTE"],"f":1,"g":1701881518000,"i":{"en_us":"Dances"},"j":{"en_us":"Dances"}}]})
[10:28:02] [WebSocketConnectReadThread-121/TRACE] [gg.essential.lib.websocket.drafts.Draft_6455/]: afterDecoding(196):       $b763841f-4ada-47cc-ad56-c8abc013b249   ”{"a":[{"a":"DANCE","b":{"en_us":"Dances"},"c":{"a":"","b":""},"e":["EMOTE"],"f":1,"g":1701881518000,"i":{"en_us":"Dances"},"j":{"en_us":"Dances"}}]}
[10:28:02] [WebSocketConnectReadThread-121/TRACE] [gg.essential.lib.websocket.WebSocketImpl/]: matched frame: Framedata{ opcode:BINARY, fin:true, rsv1:false, rsv2:false, rsv3:false, payload length:[pos:0, len:196], payload:      $b763841f-4ada-47cc-ad56-c8abc013b249   ”{"a":[{"a":"DANCE","b":{"en_us":"Dances"},"c":{"a":"","b":""},"e":["EMOTE"],"f":1,"g":1701881518000,"i":{"en_us":"Dances"},"j":{"en_us":"Dances"}}]}}
[10:28:02] [WebSocketConnectReadThread-121/TRACE] [gg.essential.lib.websocket.WebSocketImpl/]: process(186): (‚~ ¶      $e29b5b68-341e-468a-8d59-a7bdc05d3e31   †{"a":[{"a":"CAPE","b":{"en_us":"Cape"},"c":{"a":"","b":""},"e":[],"f":0,"g":1701881513000,"i":{"en_us":"Cape"},"j":{"en_us":"Cape"}}]})
[10:28:02] [WebSocketConnectReadThread-121/TRACE] [gg.essential.lib.websocket.drafts.Draft_6455/]: afterDecoding(182):       $e29b5b68-341e-468a-8d59-a7bdc05d3e31   †{"a":[{"a":"CAPE","b":{"en_us":"Cape"},"c":{"a":"","b":""},"e":[],"f":0,"g":1701881513000,"i":{"en_us":"Cape"},"j":{"en_us":"Cape"}}]}
[10:28:02] [WebSocketConnectReadThread-121/TRACE] [gg.essential.lib.websocket.WebSocketImpl/]: matched frame: Framedata{ opcode:BINARY, fin:true, rsv1:false, rsv2:false, rsv3:false, payload length:[pos:0, len:182], payload:      $e29b5b68-341e-468a-8d59-a7bdc05d3e31   †{"a":[{"a":"CAPE","b":{"en_us":"Cape"},"c":{"a":"","b":""},"e":[],"f":0,"g":1701881513000,"i":{"en_us":"Cape"},"j":{"en_us":"Cape"}}]}}
[10:28:02] [Essential Thread 7/TRACE] [gg.essential.lib.websocket.WebSocketImpl/]: send frame: Framedata{ opcode:BINARY, fin:true, rsv1:false, rsv2:false, rsv3:false, payload length:[pos:0, len:71], payload:           ;{"a":"chat.ClientChatChannelMessagesRetrievePacket","b":12}}
[10:28:02] [Essential Thread 7/TRACE] [gg.essential.lib.websocket.drafts.Draft_6455/]: afterEnconding(71):            ;{"a":"chat.ClientChatChannelMessagesRetrievePacket","b":12}
[10:28:02] [Essential Thread 7/TRACE] [gg.essential.lib.websocket.WebSocketImpl/]: write(77): ‚ÇÔF2†ÔF2†ÔF2†ÔF2½¯dS¤îdQîµ2Å¸/Wè Zç Zçº(Wê™#Aõµ!Wõ†#Fô½#Dã„'Qí±2ªö$¼åtO
[10:28:02] [Essential Thread 7/TRACE] [gg.essential.lib.websocket.WebSocketImpl/]: send frame: Framedata{ opcode:BINARY, fin:true, rsv1:false, rsv2:false, rsv3:false, payload length:[pos:0, len:80], payload:      $d4270809-027e-4b90-bd9f-e2379728b5d7    {"a":6815223125058097152,"d":10}}
[10:28:02] [Essential Thread 7/TRACE] [gg.essential.lib.websocket.drafts.Draft_6455/]: afterEnconding(80):       $d4270809-027e-4b90-bd9f-e2379728b5d7    {"a":6815223125058097152,"d":10}
[10:28:02] [Essential Thread 7/TRACE] [gg.essential.lib.websocket.WebSocketImpl/]: write(86): ‚Ðz¢+·z¢+»z¢+“–€JšŽW’€?ÕC’Õ›Mš?€C•?—O€z¢+—€J•@”†O?„K?‡OšŽM“…V€O•@“Ê
[10:28:02] [Essential Thread 4/TRACE] [gg.essential.lib.websocket.WebSocketImpl/]: send frame: Framedata{ opcode:BINARY, fin:true, rsv1:false, rsv2:false, rsv3:false, payload length:[pos:0, len:80], payload:      $7f127941-a0f0-4d04-9d6b-c69b50eb57c8    {"a":7226727888585560064,"d":10}}
[10:28:02] [Essential Thread 4/TRACE] [gg.essential.lib.websocket.drafts.Draft_6455/]: afterEnconding(80):       $7f127941-a0f0-4d04-9d6b-c69b50eb57c8    {"a":7226727888585560064,"d":10}
[10:28:02] [Essential Thread 4/TRACE] [gg.essential.lib.websocket.WebSocketImpl/]: write(86): ‚Ðã‹Ã=ã‹Ã1ã‹ÃÔíòÔ²÷Îêó[Ó¦÷YÓ¿î‡½¡€½ú_Ö»¦_Ö¼ ã‹Ã˜©¢Ù¼ñÕ¼ñ
Û³ûÛ¾öÓ»õ	Ï©§Ùºó@
[10:28:02] [Essential Thread 8/TRACE] [gg.essential.lib.websocket.WebSocketImpl/]: send frame: Framedata{ opcode:BINARY, fin:true, rsv1:false, rsv2:false, rsv3:false, payload length:[pos:0, len:81], payload:      $193c4584-0250-45d9-9b00-024f16d701ba   !{"a":6815223125058097152,"d":100}}
[10:28:02] [Essential Thread 8/TRACE] [gg.essential.lib.websocket.drafts.Draft_6455/]: afterEnconding(81):       $193c4584-0250-45d9-9b00-024f16d701ba   !{"a":6815223125058097152,"d":100}
[10:28:02] [Essential Thread 8/TRACE] [gg.essential.lib.websocket.WebSocketImpl/]: write(87): ‚Ñšxštš\:£#?¯(L&ª"M;·$Mo£=Aiª U;¨$:¬tO;«ršYp¸qZ1¬(I>¨"K:¨%H>¢ A<«%J'¸tZ1« Hv
[10:28:02] [Essential Thread 11/TRACE] [gg.essential.lib.websocket.WebSocketImpl/]: send frame: Framedata{ opcode:BINARY, fin:true, rsv1:false, rsv2:false, rsv3:false, payload length:[pos:0, len:80], payload:      $66c4b05a-df73-46c8-8da1-8f8450173122    {"a":7227182517458759680,"d":10}}
[10:28:02] [Essential Thread 11/TRACE] [gg.essential.lib.websocket.drafts.Draft_6455/]: afterEnconding(80):       $66c4b05a-df73-46c8-8da1-8f8450173122    {"a":7227182517458759680,"d":10}
[10:28:02] [Essential Thread 11/TRACE] [gg.essential.lib.websocket.WebSocketImpl/]: write(86): ‚Ð{˜Ÿí{˜Ÿá{˜ŸÉM®üÙ¨ªŒVüùÚHµ«Û ²Õù®ÀCþ§ÙN¨®ÚH©­ß{˜ŸÍ ºþÏA¯­ßL©§ßN©¨ÙN ¨ØB®§ÝWºûÏA©¯?
[10:28:02] [WebSocketConnectReadThread-121/TRACE] [gg.essential.lib.websocket.WebSocketImpl/]: process(2280): (too big to display)
[10:28:02] [WebSocketConnectReadThread-121/TRACE] [gg.essential.lib.websocket.drafts.Draft_6455/]: afterDecoding(62):            2{"a":"chat.ServerChatChannelMessagePacket","b":31}
[10:28:02] [WebSocketConnectReadThread-121/TRACE] [gg.essential.lib.websocket.drafts.Draft_6455/]: afterDecoding(2212): too big to display
[10:28:02] [WebSocketConnectReadThread-121/TRACE] [gg.essential.lib.websocket.WebSocketImpl/]: matched frame: Framedata{ opcode:BINARY, fin:true, rsv1:false, rsv2:false, rsv3:false, payload length:[pos:0, len:62], payload:           2{"a":"chat.ServerChatChannelMessagePacket","b":31}}
[10:28:02] [WebSocketConnectReadThread-121/TRACE] [gg.essential.lib.websocket.WebSocketImpl/]: matched frame: Framedata{ opcode:BINARY, fin:true, rsv1:false, rsv2:false, rsv3:false, payload length:[pos:0, len:2212], payload:(too big to display)}
[10:28:02] [WebSocketConnectReadThread-121/TRACE] [gg.essential.lib.websocket.WebSocketImpl/]: process(58): (‚8      $7f127941-a0f0-4d04-9d6b-c69b50eb57c8   {"a":[]})
[10:28:02] [WebSocketConnectReadThread-121/TRACE] [gg.essential.lib.websocket.drafts.Draft_6455/]: afterDecoding(56):       $7f127941-a0f0-4d04-9d6b-c69b50eb57c8   {"a":[]}
[10:28:02] [WebSocketConnectReadThread-121/TRACE] [gg.essential.lib.websocket.WebSocketImpl/]: matched frame: Framedata{ opcode:BINARY, fin:true, rsv1:false, rsv2:false, rsv3:false, payload length:[pos:0, len:56], payload:      $7f127941-a0f0-4d04-9d6b-c69b50eb57c8   {"a":[]}}
[10:28:02] [WebSocketConnectReadThread-121/TRACE] [gg.essential.lib.websocket.WebSocketImpl/]: process(170): (‚~ ¦      $66c4b05a-df73-46c8-8da1-8f8450173122   v{"a":[{"a":7227182582593536000,"b":7227182517458759680,"c":"55ec3042-107a-413f-a189-3a26292be9df","d":"hi","e":true}]})
[10:28:02] [WebSocketConnectReadThread-121/TRACE] [gg.essential.lib.websocket.drafts.Draft_6455/]: afterDecoding(166):       $66c4b05a-df73-46c8-8da1-8f8450173122   v{"a":[{"a":7227182582593536000,"b":7227182517458759680,"c":"55ec3042-107a-413f-a189-3a26292be9df","d":"hi","e":true}]}
[10:28:02] [WebSocketConnectReadThread-121/TRACE] [gg.essential.lib.websocket.WebSocketImpl/]: matched frame: Framedata{ opcode:BINARY, fin:true, rsv1:false, rsv2:false, rsv3:false, payload length:[pos:0, len:166], payload:      $66c4b05a-df73-46c8-8da1-8f8450173122   v{"a":[{"a":7227182582593536000,"b":7227182517458759680,"c":"55ec3042-107a-413f-a189-3a26292be9df","d":"hi","e":true}]}}
[10:28:02] [WebSocketConnectReadThread-121/TRACE] [gg.essential.lib.websocket.WebSocketImpl/]: process(7240): (too big to display)
[10:28:02] [WebSocketConnectReadThread-121/TRACE] [gg.essential.lib.websocket.drafts.Draft_6455/]: Incomplete frame: maxpacketsize < realpacketsize
[10:28:02] [WebSocketConnectReadThread-121/TRACE] [gg.essential.lib.websocket.WebSocketImpl/]: process(7240): (too big to display)
[10:28:02] [WebSocketConnectReadThread-121/TRACE] [gg.essential.lib.websocket.WebSocketImpl/]: process(700): (th Forge and Fabric.\n","e":true},{"a":6933232624812679168,"b":6815223125058097152,"c":"cd899a14-de78-4de8-8d31-9d42fff31d7a","d":"**This announcement is WILD!**\n\nEssential now supports MC 1.19. Create a new world, invite your friends, and discover The Wild Update together using singleplayer sharing!\n\nESSENTIAL FOR 1.19 â†’ https://essential.gg/download","e":true},{"a":6872370944456568832,"b":6815223125058097152,"c":"cd899a14-de78-4de8-8d31-9d42fff31d7a","d":"**NEW COSMETIC DROP!**\n\nThe **Flame Collection** includes 18 new cosmetics. Check out the Flame, Soul Flame, and Neon RGB Flame sets. We got wings, we got effects, we got crazy stuff.\n\nBest wishes, Essential Team \n","e":true}]})
[10:28:02] [WebSocketConnectReadThread-121/TRACE] [gg.essential.lib.websocket.drafts.Draft_6455/]: afterDecoding(15176): too big to display
[10:28:02] [WebSocketConnectReadThread-121/TRACE] [gg.essential.lib.websocket.WebSocketImpl/]: matched frame: Framedata{ opcode:BINARY, fin:true, rsv1:false, rsv2:false, rsv3:false, payload length:[pos:0, len:15176], payload:(too big to display)}
[10:28:02] [Essential Thread 6/TRACE] [gg.essential.lib.websocket.WebSocketImpl/]: send frame: Framedata{ opcode:BINARY, fin:true, rsv1:false, rsv2:false, rsv3:false, payload length:[pos:0, len:66], payload:      $ef76b7eb-59e9-44be-a734-faa0687b60cf   {"a":["ADVANCED"]}}
[10:28:02] [Essential Thread 6/TRACE] [gg.essential.lib.websocket.drafts.Draft_6455/]: afterEnconding(66):       $ef76b7eb-59e9-44be-a734-faa0687b60cf   {"a":["ADVANCED"]}
[10:28:02] [Essential Thread 6/TRACE] [gg.essential.lib.websocket.WebSocketImpl/]: write(72): ‚Â˜ýI,˜ýI'˜ýIý›~úÊ,NµÈpI¡Ð}ú˜dM¯Î}þœ(®Å~N®Í*J˜ýI>ãß(¢¦kmÜ«bÛ¸Å€
[10:28:02] [Essential Thread 10/TRACE] [gg.essential.lib.websocket.WebSocketImpl/]: send frame: Framedata{ opcode:BINARY, fin:true, rsv1:false, rsv2:false, rsv3:false, payload length:[pos:0, len:63], payload:      $ba00cf39-32e2-4f2e-b453-c04392634f91   {"a":["PANTS"]}}
[10:28:02] [Essential Thread 10/TRACE] [gg.essential.lib.websocket.drafts.Draft_6455/]: afterEnconding(63):       $ba00cf39-32e2-4f2e-b453-c04392634f91   {"a":["PANTS"]}
[10:28:02] [Essential Thread 10/TRACE] [gg.essential.lib.websocket.WebSocketImpl/]: write(69): ‚¿qIm±qImºqIm•(]?/^ˆ\z_ÔCdY×C,@ÓE|^œyY‚H{[‚E/T€qIm¾
k“KOá09âS
[10:28:02] [Essential Thread 10/TRACE] [gg.essential.lib.websocket.WebSocketImpl/]: send frame: Framedata{ opcode:BINARY, fin:true, rsv1:false, rsv2:false, rsv3:false, payload length:[pos:0, len:62], payload:      $a1ba8453-770a-4e92-acaa-460416a3dbd9   {"a":["ARMS"]}}
[10:28:02] [Essential Thread 10/TRACE] [gg.essential.lib.websocket.drafts.Draft_6455/]: afterEnconding(62):       $a1ba8453-770a-4e92-acaa-460416a3dbd9   {"a":["ARMS"]}
[10:28:02] [Essential Thread 10/TRACE] [gg.essential.lib.websocket.WebSocketImpl/]: write(68): ‚¾	}	v	Yd8x==/N(>-Md$.<;7fh{P1?*I4?{Nak~D	s~+{_?R8<WDI_Xt
[10:28:02] [Essential Thread 2/TRACE] [gg.essential.lib.websocket.WebSocketImpl/]: send frame: Framedata{ opcode:BINARY, fin:true, rsv1:false, rsv2:false, rsv3:false, payload length:[pos:0, len:62], payload:      $1ca4bf66-5283-42ce-914f-3f2a799aab49   {"a":["HAIR"]}}
[10:28:02] [Essential Thread 2/TRACE] [gg.essential.lib.websocket.drafts.Draft_6455/]: afterEnconding(62):       $1ca4bf66-5283-42ce-914f-3f2a799aab49   {"a":["HAIR"]}
[10:28:02] [Essential Thread 2/TRACE] [gg.essential.lib.websocket.WebSocketImpl/]: write(68): ‚¾Ú³éÚ³âÚ³Í&¹ÒÝu¼…ß:ï?Ñ$÷‡Ût¿žÐ&îÕÄ$¼?ˆ ãŠˆv¸‡ÐÚ³çløÒË-?‘¡V“áËJ§
[10:28:02] [Essential Thread 7/TRACE] [gg.essential.lib.websocket.WebSocketImpl/]: send frame: Framedata{ opcode:BINARY, fin:true, rsv1:false, rsv2:false, rsv3:false, payload length:[pos:0, len:62], payload:      $d2d738e6-3c9d-42af-8eeb-a5bc4b849e66   {"a":["FACE"]}}
[10:28:02] [Essential Thread 7/TRACE] [gg.essential.lib.websocket.drafts.Draft_6455/]: afterEnconding(62):       $d2d738e6-3c9d-42af-8eeb-a5bc4b849e66   {"a":["FACE"]}
[10:28:02] [Essential Thread 7/TRACE] [gg.essential.lib.websocket.WebSocketImpl/]: write(68): ‚¾`ù€I`ù€B`ù€mËä~SÁåMÊãpÔ´{Ÿ­qœâdÌâ*T›¸}Yœ¶`ù€GÛákZ¢¢!ºÅk=„
[10:28:02] [Essential Thread 4/TRACE] [gg.essential.lib.websocket.WebSocketImpl/]: send frame: Framedata{ opcode:BINARY, fin:true, rsv1:false, rsv2:false, rsv3:false, payload length:[pos:0, len:63], payload:      $c5245cb4-c4f3-4c8b-962e-19ab0a914c2a   {"a":["WINGS"]}}
[10:28:02] [Essential Thread 4/TRACE] [gg.essential.lib.websocket.drafts.Draft_6455/]: afterEnconding(63):       $c5245cb4-c4f3-4c8b-962e-19ab0a914c2a   {"a":["WINGS"]}
[10:28:02] [Essential Thread 4/TRACE] [gg.essential.lib.websocket.WebSocketImpl/]: write(69): ‚¿ÔÒuÈÔÒuÃÔÒuì·çGüá±üù±A®çÿA«ì°Xñâàååëªä³Lùà±G©ÔÒuÇ¯ðêî‰WŸ?œ2›ö?
[10:28:02] [Essential Thread 8/TRACE] [gg.essential.lib.websocket.WebSocketImpl/]: send frame: Framedata{ opcode:BINARY, fin:true, rsv1:false, rsv2:false, rsv3:false, payload length:[pos:0, len:62], payload:      $1f339324-322f-44c0-bb64-4f423e86fb43   {"a":["BACK"]}}
[10:28:02] [Essential Thread 8/TRACE] [gg.essential.lib.websocket.drafts.Draft_6455/]: afterEnconding(62):       $1f339324-322f-44c0-bb64-4f423e86fb43   {"a":["BACK"]}
[10:28:02] [Essential Thread 8/TRACE] [gg.essential.lib.websocket.WebSocketImpl/]: write(68): ‚¾3 ×A3 ×J3 ×eFär
åuåsUãuPú#QãlFãs EïwUBãr3 ×OH¶c	{õrcœcn]
[10:28:02] [Essential Thread 10/TRACE] [gg.essential.lib.websocket.WebSocketImpl/]: send frame: Framedata{ opcode:BINARY, fin:true, rsv1:false, rsv2:false, rsv3:false, payload length:[pos:0, len:62], payload:      $1cd88c1a-3650-47b5-b854-0b2fae2b5c0e   {"a":["HEAD"]}}
[10:28:02] [Essential Thread 10/TRACE] [gg.essential.lib.websocket.drafts.Draft_6455/]: afterEnconding(62):       $1cd88c1a-3650-47b5-b854-0b2fae2b5c0e   {"a":["HEAD"]}
[10:28:02] [Essential Thread 10/TRACE] [gg.essential.lib.websocket.WebSocketImpl/]: write(68): ‚¾–‡Å–‡Î–‡á§hãý®h¶¤»8±ð¦&³òô>ª§®>³è¦iµ£÷nµ§£h· –‡Ëí)æç¬P¥?ÓJÃçËv
[10:28:02] [Essential Thread 1/TRACE] [gg.essential.lib.websocket.WebSocketImpl/]: send frame: Framedata{ opcode:BINARY, fin:true, rsv1:false, rsv2:false, rsv3:false, payload length:[pos:0, len:62], payload:      $be39d270-9c25-4654-903e-760130d78d82   {"a":["EARS"]}}
[10:28:02] [Essential Thread 1/TRACE] [gg.essential.lib.websocket.drafts.Draft_6455/]: afterEnconding(62):       $be39d270-9c25-4654-903e-760130d78d82   {"a":["EARS"]}
[10:28:02] [Essential Thread 1/TRACE] [gg.essential.lib.websocket.WebSocketImpl/]: write(68): ‚¾<A€ª<A€¡<A€Ž^$³“Xs·šxã˜	l´œ	u­“rå‡w°›qä?%¸˜<A€¤Gcáˆ¢ï}Óˆa<
[10:28:02] [WebSocketConnectReadThread-121/TRACE] [gg.essential.lib.websocket.WebSocketImpl/]: process(209): (‚~ Í      $ef76b7eb-59e9-44be-a734-faa0687b60cf   ?{"a":[{"a":"ADVANCED","b":{"en_us":"Advanced"},"c":{"a":"","b":""},"e":["EMOTE"],"f":2,"g":1701881433000,"i":{"en_us":"Advanced"},"j":{"en_us":"Advanced"}}]})
[10:28:02] [WebSocketConnectReadThread-121/TRACE] [gg.essential.lib.websocket.drafts.Draft_6455/]: afterDecoding(205):       $ef76b7eb-59e9-44be-a734-faa0687b60cf   ?{"a":[{"a":"ADVANCED","b":{"en_us":"Advanced"},"c":{"a":"","b":""},"e":["EMOTE"],"f":2,"g":1701881433000,"i":{"en_us":"Advanced"},"j":{"en_us":"Advanced"}}]}
[10:28:02] [WebSocketConnectReadThread-121/TRACE] [gg.essential.lib.websocket.WebSocketImpl/]: matched frame: Framedata{ opcode:BINARY, fin:true, rsv1:false, rsv2:false, rsv3:false, payload length:[pos:0, len:205], payload:      $ef76b7eb-59e9-44be-a734-faa0687b60cf   ?{"a":[{"a":"ADVANCED","b":{"en_us":"Advanced"},"c":{"a":"","b":""},"e":["EMOTE"],"f":2,"g":1701881433000,"i":{"en_us":"Advanced"},"j":{"en_us":"Advanced"}}]}}
[10:28:02] [Essential Thread 5/TRACE] [gg.essential.lib.websocket.WebSocketImpl/]: send frame: Framedata{ opcode:BINARY, fin:true, rsv1:false, rsv2:false, rsv3:false, payload length:[pos:0, len:61], payload:      $107ccb61-c1e1-4501-9748-e9743129bc6b   {"a":["TOP"]}}
[10:28:02] [Essential Thread 5/TRACE] [gg.essential.lib.websocket.drafts.Draft_6455/]: afterEnconding(61):       $107ccb61-c1e1-4501-9748-e9743129bc6b   {"a":["TOP"]}
[10:28:02] [Essential Thread 5/TRACE] [gg.essential.lib.websocket.WebSocketImpl/]: write(67): ‚½}ÕÍñ}ÕÍú}ÕÍÕLåú’·ûÀP¶ü”LøùÄMäàÈJáõÜìúÅNäÿÈ¶û“}ÕÍü÷¬ÓGŽï¥2…ï¬ 
[10:28:02] [Essential Thread 6/TRACE] [gg.essential.lib.websocket.WebSocketImpl/]: send frame: Framedata{ opcode:BINARY, fin:true, rsv1:false, rsv2:false, rsv3:false, payload length:[pos:0, len:63], payload:      $f1511acd-8715-4d5e-8163-63018032a132   {"a":["SHOES"]}}
[10:28:02] [Essential Thread 6/TRACE] [gg.essential.lib.websocket.drafts.Draft_6455/]: afterEnconding(63):       $f1511acd-8715-4d5e-8163-63018032a132   {"a":["SHOES"]}
[10:28:02] [Essential Thread 6/TRACE] [gg.essential.lib.websocket.WebSocketImpl/]: write(69): ‚¿ÛÍ¨ÇÛÍ¨ÌÛÍ¨ã½ü?öê¬Ë£öõŸöîàœ£î¨…ÿêû›êíþ˜öãý›õºü›õÛÍ¨È ïÉåá–Š”“‚í”ù?Õ
[10:28:02] [Essential Thread 11/TRACE] [gg.essential.lib.websocket.WebSocketImpl/]: send frame: Framedata{ opcode:BINARY, fin:true, rsv1:false, rsv2:false, rsv3:false, payload length:[pos:0, len:67], payload:      $98f36504-ec5b-434a-8eb9-642a56e4bc9b   {"a":["OUTERWEAR"]}}
[10:28:02] [Essential Thread 11/TRACE] [gg.essential.lib.websocket.drafts.Draft_6455/]: afterEnconding(67):       $98f36504-ec5b-434a-8eb9-642a56e4bc9b   {"a":["OUTERWEAR"]}
[10:28:02] [Essential Thread 11/TRACE] [gg.essential.lib.websocket.WebSocketImpl/]: write(73): ‚ÃãJTãJ_ãJpÚ=,gÕ0z`Î`)a?(~g×dgl†gsyÕ1x5Ö3/`?fs6ãJG˜'+vÙ^h¶Q´@ÁX7
[10:28:02] [Essential Thread 2/TRACE] [gg.essential.lib.websocket.WebSocketImpl/]: send frame: Framedata{ opcode:BINARY, fin:true, rsv1:false, rsv2:false, rsv3:false, payload length:[pos:0, len:61], payload:      $69cf8fde-80ff-440c-8a96-bb4e1b950350   {"a":["HAT"]}}
[10:28:02] [Essential Thread 2/TRACE] [gg.essential.lib.websocket.drafts.Draft_6455/]: afterEnconding(61):       $69cf8fde-80ff-440c-8a96-bb4e1b950350   {"a":["HAT"]}
[10:28:02] [Essential Thread 2/TRACE] [gg.essential.lib.websocket.WebSocketImpl/]: write(67): ‚½Š*nŠ*eŠ*J>³I0ìN%²n§Z8éVi³Cjè9è[8¹^Š*cs¨KL2Ñ&IÞ3u
[10:28:02] [WebSocketConnectReadThread-121/TRACE] [gg.essential.lib.websocket.WebSocketImpl/]: process(564): (‚~ »      $ba00cf39-32e2-4f2e-b453-c04392634f91   ‹{"a":[{"a":"PANTS","b":{"en_us":"Pants"},"c":{"a":"","b":""},"e":[],"f":14,"g":1701881668000,"i":{"en_us":"Pants"},"j":{"en_us":"Pants"}}]}‚~ ¶      $a1ba8453-770a-4e92-acaa-460416a3dbd9   †{"a":[{"a":"ARMS","b":{"en_us":"Arms"},"c":{"a":"","b":""},"e":[],"f":7,"g":1701881456000,"i":{"en_us":"Arms"},"j":{"en_us":"Arms"}}]}‚~ ·      $1ca4bf66-5283-42ce-914f-3f2a799aab49   ‡{"a":[{"a":"HAIR","b":{"en_us":"Hair"},"c":{"a":"","b":""},"e":[],"f":10,"g":1701881580000,"i":{"en_us":"Hair"},"j":{"en_us":"Hair"}}]})
[10:28:02] [WebSocketConnectReadThread-121/TRACE] [gg.essential.lib.websocket.drafts.Draft_6455/]: afterDecoding(187):       $ba00cf39-32e2-4f2e-b453-c04392634f91   ‹{"a":[{"a":"PANTS","b":{"en_us":"Pants"},"c":{"a":"","b":""},"e":[],"f":14,"g":1701881668000,"i":{"en_us":"Pants"},"j":{"en_us":"Pants"}}]}
[10:28:02] [WebSocketConnectReadThread-121/TRACE] [gg.essential.lib.websocket.drafts.Draft_6455/]: afterDecoding(182):       $a1ba8453-770a-4e92-acaa-460416a3dbd9   †{"a":[{"a":"ARMS","b":{"en_us":"Arms"},"c":{"a":"","b":""},"e":[],"f":7,"g":1701881456000,"i":{"en_us":"Arms"},"j":{"en_us":"Arms"}}]}
[10:28:02] [WebSocketConnectReadThread-121/TRACE] [gg.essential.lib.websocket.drafts.Draft_6455/]: afterDecoding(183):       $1ca4bf66-5283-42ce-914f-3f2a799aab49   ‡{"a":[{"a":"HAIR","b":{"en_us":"Hair"},"c":{"a":"","b":""},"e":[],"f":10,"g":1701881580000,"i":{"en_us":"Hair"},"j":{"en_us":"Hair"}}]}
[10:28:02] [WebSocketConnectReadThread-121/TRACE] [gg.essential.lib.websocket.WebSocketImpl/]: matched frame: Framedata{ opcode:BINARY, fin:true, rsv1:false, rsv2:false, rsv3:false, payload length:[pos:0, len:187], payload:      $ba00cf39-32e2-4f2e-b453-c04392634f91   ‹{"a":[{"a":"PANTS","b":{"en_us":"Pants"},"c":{"a":"","b":""},"e":[],"f":14,"g":1701881668000,"i":{"en_us":"Pants"},"j":{"en_us":"Pants"}}]}}
[10:28:02] [WebSocketConnectReadThread-121/TRACE] [gg.essential.lib.websocket.WebSocketImpl/]: matched frame: Framedata{ opcode:BINARY, fin:true, rsv1:false, rsv2:false, rsv3:false, payload length:[pos:0, len:182], payload:      $a1ba8453-770a-4e92-acaa-460416a3dbd9   †{"a":[{"a":"ARMS","b":{"en_us":"Arms"},"c":{"a":"","b":""},"e":[],"f":7,"g":1701881456000,"i":{"en_us":"Arms"},"j":{"en_us":"Arms"}}]}}
[10:28:02] [WebSocketConnectReadThread-121/TRACE] [gg.essential.lib.websocket.WebSocketImpl/]: matched frame: Framedata{ opcode:BINARY, fin:true, rsv1:false, rsv2:false, rsv3:false, payload length:[pos:0, len:183], payload:      $1ca4bf66-5283-42ce-914f-3f2a799aab49   ‡{"a":[{"a":"HAIR","b":{"en_us":"Hair"},"c":{"a":"","b":""},"e":[],"f":10,"g":1701881580000,"i":{"en_us":"Hair"},"j":{"en_us":"Hair"}}]}}
[10:28:02] [WebSocketConnectReadThread-121/TRACE] [gg.essential.lib.websocket.WebSocketImpl/]: process(749): (‚~ ·      $d2d738e6-3c9d-42af-8eeb-a5bc4b849e66   ‡{"a":[{"a":"FACE","b":{"en_us":"Face"},"c":{"a":"","b":""},"e":[],"f":12,"g":1701881544000,"i":{"en_us":"Face"},"j":{"en_us":"Face"}}]}‚~ º      $c5245cb4-c4f3-4c8b-962e-19ab0a914c2a   Š{"a":[{"a":"WINGS","b":{"en_us":"Wings"},"c":{"a":"","b":""},"e":[],"f":1,"g":1701881759000,"i":{"en_us":"Wings"},"j":{"en_us":"Wings"}}]}‚~ ¶      $1f339324-322f-44c0-bb64-4f423e86fb43   †{"a":[{"a":"BACK","b":{"en_us":"Back"},"c":{"a":"","b":""},"e":[],"f":6,"g":1701881467000,"i":{"en_us":"Back"},"j":{"en_us":"Back"}}]}‚~ ¶      $1cd88c1a-3650-47b5-b854-0b2fae2b5c0e   †{"a":[{"a":"HEAD","b":{"en_us":"Head"},"c":{"a":"","b":""},"e":[],"f":4,"g":1701881605000,"i":{"en_us":"Head"},"j":{"en_us":"Head"}}]})
[10:28:02] [WebSocketConnectReadThread-121/TRACE] [gg.essential.lib.websocket.drafts.Draft_6455/]: afterDecoding(183):       $d2d738e6-3c9d-42af-8eeb-a5bc4b849e66   ‡{"a":[{"a":"FACE","b":{"en_us":"Face"},"c":{"a":"","b":""},"e":[],"f":12,"g":1701881544000,"i":{"en_us":"Face"},"j":{"en_us":"Face"}}]}
[10:28:02] [WebSocketConnectReadThread-121/TRACE] [gg.essential.lib.websocket.drafts.Draft_6455/]: afterDecoding(186):       $c5245cb4-c4f3-4c8b-962e-19ab0a914c2a   Š{"a":[{"a":"WINGS","b":{"en_us":"Wings"},"c":{"a":"","b":""},"e":[],"f":1,"g":1701881759000,"i":{"en_us":"Wings"},"j":{"en_us":"Wings"}}]}
[10:28:02] [WebSocketConnectReadThread-121/TRACE] [gg.essential.lib.websocket.drafts.Draft_6455/]: afterDecoding(182):       $1f339324-322f-44c0-bb64-4f423e86fb43   †{"a":[{"a":"BACK","b":{"en_us":"Back"},"c":{"a":"","b":""},"e":[],"f":6,"g":1701881467000,"i":{"en_us":"Back"},"j":{"en_us":"Back"}}]}
[10:28:02] [WebSocketConnectReadThread-121/TRACE] [gg.essential.lib.websocket.drafts.Draft_6455/]: afterDecoding(182):       $1cd88c1a-3650-47b5-b854-0b2fae2b5c0e   †{"a":[{"a":"HEAD","b":{"en_us":"Head"},"c":{"a":"","b":""},"e":[],"f":4,"g":1701881605000,"i":{"en_us":"Head"},"j":{"en_us":"Head"}}]}
[10:28:02] [WebSocketConnectReadThread-121/TRACE] [gg.essential.lib.websocket.WebSocketImpl/]: matched frame: Framedata{ opcode:BINARY, fin:true, rsv1:false, rsv2:false, rsv3:false, payload length:[pos:0, len:183], payload:      $d2d738e6-3c9d-42af-8eeb-a5bc4b849e66   ‡{"a":[{"a":"FACE","b":{"en_us":"Face"},"c":{"a":"","b":""},"e":[],"f":12,"g":1701881544000,"i":{"en_us":"Face"},"j":{"en_us":"Face"}}]}}
[10:28:02] [WebSocketConnectReadThread-121/TRACE] [gg.essential.lib.websocket.WebSocketImpl/]: matched frame: Framedata{ opcode:BINARY, fin:true, rsv1:false, rsv2:false, rsv3:false, payload length:[pos:0, len:186], payload:      $c5245cb4-c4f3-4c8b-962e-19ab0a914c2a   Š{"a":[{"a":"WINGS","b":{"en_us":"Wings"},"c":{"a":"","b":""},"e":[],"f":1,"g":1701881759000,"i":{"en_us":"Wings"},"j":{"en_us":"Wings"}}]}}
[10:28:02] [WebSocketConnectReadThread-121/TRACE] [gg.essential.lib.websocket.WebSocketImpl/]: matched frame: Framedata{ opcode:BINARY, fin:true, rsv1:false, rsv2:false, rsv3:false, payload length:[pos:0, len:182], payload:      $1f339324-322f-44c0-bb64-4f423e86fb43   †{"a":[{"a":"BACK","b":{"en_us":"Back"},"c":{"a":"","b":""},"e":[],"f":6,"g":1701881467000,"i":{"en_us":"Back"},"j":{"en_us":"Back"}}]}}
[10:28:02] [WebSocketConnectReadThread-121/TRACE] [gg.essential.lib.websocket.WebSocketImpl/]: matched frame: Framedata{ opcode:BINARY, fin:true, rsv1:false, rsv2:false, rsv3:false, payload length:[pos:0, len:182], payload:      $1cd88c1a-3650-47b5-b854-0b2fae2b5c0e   †{"a":[{"a":"HEAD","b":{"en_us":"Head"},"c":{"a":"","b":""},"e":[],"f":4,"g":1701881605000,"i":{"en_us":"Head"},"j":{"en_us":"Head"}}]}}
[10:28:02] [WebSocketConnectReadThread-121/TRACE] [gg.essential.lib.websocket.WebSocketImpl/]: process(187): (‚~ ·      $be39d270-9c25-4654-903e-760130d78d82   ‡{"a":[{"a":"EARS","b":{"en_us":"Ears"},"c":{"a":"","b":""},"e":[],"f":11,"g":1701881534000,"i":{"en_us":"Ears"},"j":{"en_us":"Ears"}}]})
[10:28:02] [WebSocketConnectReadThread-121/TRACE] [gg.essential.lib.websocket.drafts.Draft_6455/]: afterDecoding(183):       $be39d270-9c25-4654-903e-760130d78d82   ‡{"a":[{"a":"EARS","b":{"en_us":"Ears"},"c":{"a":"","b":""},"e":[],"f":11,"g":1701881534000,"i":{"en_us":"Ears"},"j":{"en_us":"Ears"}}]}
[10:28:02] [WebSocketConnectReadThread-121/TRACE] [gg.essential.lib.websocket.WebSocketImpl/]: matched frame: Framedata{ opcode:BINARY, fin:true, rsv1:false, rsv2:false, rsv3:false, payload length:[pos:0, len:183], payload:      $be39d270-9c25-4654-903e-760130d78d82   ‡{"a":[{"a":"EARS","b":{"en_us":"Ears"},"c":{"a":"","b":""},"e":[],"f":11,"g":1701881534000,"i":{"en_us":"Ears"},"j":{"en_us":"Ears"}}]}}
[10:28:02] [WebSocketConnectReadThread-121/TRACE] [gg.essential.lib.websocket.WebSocketImpl/]: process(183): (‚~ ³      $107ccb61-c1e1-4501-9748-e9743129bc6b   ƒ{"a":[{"a":"TOP","b":{"en_us":"Top"},"c":{"a":"","b":""},"e":[],"f":13,"g":1701881749000,"i":{"en_us":"Top"},"j":{"en_us":"Top"}}]})
[10:28:02] [WebSocketConnectReadThread-121/TRACE] [gg.essential.lib.websocket.drafts.Draft_6455/]: afterDecoding(179):       $107ccb61-c1e1-4501-9748-e9743129bc6b   ƒ{"a":[{"a":"TOP","b":{"en_us":"Top"},"c":{"a":"","b":""},"e":[],"f":13,"g":1701881749000,"i":{"en_us":"Top"},"j":{"en_us":"Top"}}]}
[10:28:02] [WebSocketConnectReadThread-121/TRACE] [gg.essential.lib.websocket.WebSocketImpl/]: matched frame: Framedata{ opcode:BINARY, fin:true, rsv1:false, rsv2:false, rsv3:false, payload length:[pos:0, len:179], payload:      $107ccb61-c1e1-4501-9748-e9743129bc6b   ƒ{"a":[{"a":"TOP","b":{"en_us":"Top"},"c":{"a":"","b":""},"e":[],"f":13,"g":1701881749000,"i":{"en_us":"Top"},"j":{"en_us":"Top"}}]}}
[10:28:02] [WebSocketConnectReadThread-121/TRACE] [gg.essential.lib.websocket.WebSocketImpl/]: process(190): (‚~ º      $f1511acd-8715-4d5e-8163-63018032a132   Š{"a":[{"a":"SHOES","b":{"en_us":"Shoes"},"c":{"a":"","b":""},"e":[],"f":8,"g":1701881721000,"i":{"en_us":"Shoes"},"j":{"en_us":"Shoes"}}]})
[10:28:02] [WebSocketConnectReadThread-121/TRACE] [gg.essential.lib.websocket.drafts.Draft_6455/]: afterDecoding(186):       $f1511acd-8715-4d5e-8163-63018032a132   Š{"a":[{"a":"SHOES","b":{"en_us":"Shoes"},"c":{"a":"","b":""},"e":[],"f":8,"g":1701881721000,"i":{"en_us":"Shoes"},"j":{"en_us":"Shoes"}}]}
[10:28:02] [WebSocketConnectReadThread-121/TRACE] [gg.essential.lib.websocket.WebSocketImpl/]: matched frame: Framedata{ opcode:BINARY, fin:true, rsv1:false, rsv2:false, rsv3:false, payload length:[pos:0, len:186], payload:      $f1511acd-8715-4d5e-8163-63018032a132   Š{"a":[{"a":"SHOES","b":{"en_us":"Shoes"},"c":{"a":"","b":""},"e":[],"f":8,"g":1701881721000,"i":{"en_us":"Shoes"},"j":{"en_us":"Shoes"}}]}}
[10:28:02] [WebSocketConnectReadThread-121/TRACE] [gg.essential.lib.websocket.WebSocketImpl/]: process(388): (‚~ Ê      $98f36504-ec5b-434a-8eb9-642a56e4bc9b   š{"a":[{"a":"OUTERWEAR","b":{"en_us":"Outerwear"},"c":{"a":"","b":""},"e":[],"f":5,"g":1701881655000,"i":{"en_us":"Outerwear"},"j":{"en_us":"Outerwear"}}]}‚~ ²      $69cf8fde-80ff-440c-8a96-bb4e1b950350   ‚{"a":[{"a":"HAT","b":{"en_us":"Hat"},"c":{"a":"","b":""},"e":[],"f":9,"g":1701881598000,"i":{"en_us":"Hat"},"j":{"en_us":"Hat"}}]})
[10:28:02] [WebSocketConnectReadThread-121/TRACE] [gg.essential.lib.websocket.drafts.Draft_6455/]: afterDecoding(202):       $98f36504-ec5b-434a-8eb9-642a56e4bc9b   š{"a":[{"a":"OUTERWEAR","b":{"en_us":"Outerwear"},"c":{"a":"","b":""},"e":[],"f":5,"g":1701881655000,"i":{"en_us":"Outerwear"},"j":{"en_us":"Outerwear"}}]}
[10:28:02] [WebSocketConnectReadThread-121/TRACE] [gg.essential.lib.websocket.drafts.Draft_6455/]: afterDecoding(178):       $69cf8fde-80ff-440c-8a96-bb4e1b950350   ‚{"a":[{"a":"HAT","b":{"en_us":"Hat"},"c":{"a":"","b":""},"e":[],"f":9,"g":1701881598000,"i":{"en_us":"Hat"},"j":{"en_us":"Hat"}}]}
[10:28:02] [WebSocketConnectReadThread-121/TRACE] [gg.essential.lib.websocket.WebSocketImpl/]: matched frame: Framedata{ opcode:BINARY, fin:true, rsv1:false, rsv2:false, rsv3:false, payload length:[pos:0, len:202], payload:      $98f36504-ec5b-434a-8eb9-642a56e4bc9b   š{"a":[{"a":"OUTERWEAR","b":{"en_us":"Outerwear"},"c":{"a":"","b":""},"e":[],"f":5,"g":1701881655000,"i":{"en_us":"Outerwear"},"j":{"en_us":"Outerwear"}}]}}
[10:28:02] [WebSocketConnectReadThread-121/TRACE] [gg.essential.lib.websocket.WebSocketImpl/]: matched frame: Framedata{ opcode:BINARY, fin:true, rsv1:false, rsv2:false, rsv3:false, payload length:[pos:0, len:178], payload:      $69cf8fde-80ff-440c-8a96-bb4e1b950350   ‚{"a":[{"a":"HAT","b":{"en_us":"Hat"},"c":{"a":"","b":""},"e":[],"f":9,"g":1701881598000,"i":{"en_us":"Hat"},"j":{"en_us":"Hat"}}]}}
[10:28:02] [Essential Thread 7/TRACE] [gg.essential.lib.websocket.WebSocketImpl/]: send frame: Framedata{ opcode:BINARY, fin:true, rsv1:false, rsv2:false, rsv3:false, payload length:[pos:0, len:62], payload:      $37eb0702-3fe2-47ee-84ea-12f5e3325b3d   {"a":["PETS"]}}
[10:28:02] [Essential Thread 7/TRACE] [gg.essential.lib.websocket.drafts.Draft_6455/]: afterEnconding(62):       $37eb0702-3fe2-47ee-84ea-12f5e3325b3d   {"a":["PETS"]}
[10:28:02] [Essential Thread 7/TRACE] [gg.essential.lib.websocket.WebSocketImpl/]: write(68): ‚¾Û~ °Û~ »Û~ ”èIÅÒëI?‚öMÆÕéS”‡¾?ˆïÁ?êLÆ…¾M“‚î“ÔÛ~ ¾ \Á’á%‚àž*ó’†
[10:28:02] [Essential Thread 7/TRACE] [gg.essential.lib.websocket.WebSocketImpl/]: send frame: Framedata{ opcode:BINARY, fin:true, rsv1:false, rsv2:false, rsv3:false, payload length:[pos:0, len:67], payload:      $1b36633e-78ab-4e53-9a2d-021978c5eb0d   {"a":["SHOULDERS"]}}
[10:28:02] [Essential Thread 7/TRACE] [gg.essential.lib.websocket.drafts.Draft_6455/]: afterEnconding(67):       $1b36633e-78ab-4e53-9a2d-021978c5eb0d   {"a":["SHOULDERS"]}
[10:28:02] [Essential Thread 7/TRACE] [gg.essential.lib.websocket.WebSocketImpl/]: write(73): ‚Ã¼ÐŠ¼Ð?¼Ð®?²"¼Šã"ï‘ç)ëÞý%ï‰ã<³Ýâu§Œâ ³‹èr¿Ù²!î¼Ð™Çòp¨†‹3ÙôŸDÆø•CÙž?l
[10:28:02] [WebSocketConnectReadThread-121/TRACE] [gg.essential.lib.websocket.WebSocketImpl/]: process(393): (‚~ ¶      $37eb0702-3fe2-47ee-84ea-12f5e3325b3d   †{"a":[{"a":"PETS","b":{"en_us":"Pets"},"c":{"a":"","b":""},"e":[],"f":3,"g":1701881699000,"i":{"en_us":"Pets"},"j":{"en_us":"Pets"}}]}‚~ Ë      $1b36633e-78ab-4e53-9a2d-021978c5eb0d   ›{"a":[{"a":"SHOULDERS","b":{"en_us":"Shoulders"},"c":{"a":"","b":""},"e":[],"f":20,"g":1701881731000,"i":{"en_us":"Shoulders"},"j":{"en_us":"Shoulders"}}]})
[10:28:02] [WebSocketConnectReadThread-121/TRACE] [gg.essential.lib.websocket.drafts.Draft_6455/]: afterDecoding(182):       $37eb0702-3fe2-47ee-84ea-12f5e3325b3d   †{"a":[{"a":"PETS","b":{"en_us":"Pets"},"c":{"a":"","b":""},"e":[],"f":3,"g":1701881699000,"i":{"en_us":"Pets"},"j":{"en_us":"Pets"}}]}
[10:28:02] [WebSocketConnectReadThread-121/TRACE] [gg.essential.lib.websocket.drafts.Draft_6455/]: afterDecoding(203):       $1b36633e-78ab-4e53-9a2d-021978c5eb0d   ›{"a":[{"a":"SHOULDERS","b":{"en_us":"Shoulders"},"c":{"a":"","b":""},"e":[],"f":20,"g":1701881731000,"i":{"en_us":"Shoulders"},"j":{"en_us":"Shoulders"}}]}
[10:28:02] [WebSocketConnectReadThread-121/TRACE] [gg.essential.lib.websocket.WebSocketImpl/]: matched frame: Framedata{ opcode:BINARY, fin:true, rsv1:false, rsv2:false, rsv3:false, payload length:[pos:0, len:182], payload:      $37eb0702-3fe2-47ee-84ea-12f5e3325b3d   †{"a":[{"a":"PETS","b":{"en_us":"Pets"},"c":{"a":"","b":""},"e":[],"f":3,"g":1701881699000,"i":{"en_us":"Pets"},"j":{"en_us":"Pets"}}]}}
[10:28:02] [WebSocketConnectReadThread-121/TRACE] [gg.essential.lib.websocket.WebSocketImpl/]: matched frame: Framedata{ opcode:BINARY, fin:true, rsv1:false, rsv2:false, rsv3:false, payload length:[pos:0, len:203], payload:      $1b36633e-78ab-4e53-9a2d-021978c5eb0d   ›{"a":[{"a":"SHOULDERS","b":{"en_us":"Shoulders"},"c":{"a":"","b":""},"e":[],"f":20,"g":1701881731000,"i":{"en_us":"Shoulders"},"j":{"en_us":"Shoulders"}}]}}
[10:28:02] [Essential Thread 11/TRACE] [gg.essential.lib.websocket.WebSocketImpl/]: send frame: Framedata{ opcode:BINARY, fin:true, rsv1:false, rsv2:false, rsv3:false, payload length:[pos:0, len:74], payload:           >{"a":"wardrobe.ClientWardrobeStoreBundleRequestPacket","b":13}}
[10:28:02] [Essential Thread 11/TRACE] [gg.essential.lib.websocket.drafts.Draft_6455/]: afterEnconding(74):            >{"a":"wardrobe.ClientWardrobeStoreBundleRequestPacket","b":13}
[10:28:02] [Essential Thread 11/TRACE] [gg.essential.lib.websocket.WebSocketImpl/]: write(80): ‚ÊÉìˆsÉìˆsÉìˆsÉìˆM²ÎéQóÎÿ»ˆú«‰¦0¥…í½»é­žç¬¿ü»‰Ê§ˆä›‰ù¬Ÿü#¨?ã½Î¤Q«Î²Bú‘
[10:28:02] [Essential Thread 11/TRACE] [gg.essential.lib.websocket.WebSocketImpl/]: send frame: Framedata{ opcode:BINARY, fin:true, rsv1:false, rsv2:false, rsv3:false, payload length:[pos:0, len:134], payload:      $55028f6f-752b-4268-ae58-9f03a9073727   V{"store_bundle_ids":["ENDER_IMP_2025","BLAZING_HELLBREATH_2025","BATTLEMISS_HEROICA"]}}
[10:28:02] [Essential Thread 11/TRACE] [gg.essential.lib.websocket.drafts.Draft_6455/]: afterEnconding(134):       $55028f6f-752b-4268-ae58-9f03a9073727   V{"store_bundle_ids":["ENDER_IMP_2025","BLAZING_HELLBREATH_2025","BATTLEMISS_HEROICA"]}
[10:28:02] [Essential Thread 11/TRACE] [gg.essential.lib.websocket.WebSocketImpl/]: write(142): ‚þ †
"è®
"è£
"èŠ?Øœ2DÞÈ'ÝœhÜœ<ÅÏoÐƒ3DØ?kØ™9Ú™
"èøq ›ÚeP?ñhW†ÊfG·ÇnQÊ”Q ­àNgºñCo¸ñ8Ú›(ÊìFc²çDe·æOn¤ìXg©úB}Úž8Ê‚(`©ú^n­ãCq»ñBgºáCa©ŒW_
[10:28:02] [Essential Thread 11/TRACE] [gg.essential.lib.websocket.WebSocketImpl/]: send frame: Framedata{ opcode:BINARY, fin:true, rsv1:false, rsv2:false, rsv3:false, payload length:[pos:0, len:63], payload:           3{"a":"cosmetic.ClientCosmeticRequestPacket","b":14}}
[10:28:02] [Essential Thread 11/TRACE] [gg.essential.lib.websocket.drafts.Draft_6455/]: afterEnconding(63):            3{"a":"cosmetic.ClientCosmeticRequestPacket","b":14}
[10:28:02] [Essential Thread 11/TRACE] [gg.essential.lib.websocket.WebSocketImpl/]: write(69): ‚¿sšsšsšsš/wQû>6Qùsÿhe´_`ÿrx0õoaîuo!ÿmyéh\ùwi¸0.¸&=Gç
[10:28:02] [Client thread/DEBUG] [FML/]: Bar Finished: Loading Resource - ResourceManagerUtil took 0.004s
[10:28:02] [Client thread/INFO] [Config/]: [OptiFine] *** Reloading textures ***
[10:28:02] [Client thread/INFO] [Config/]: [OptiFine] Resource packs: TechProKing16x.zip
[10:28:02] [Essential Thread 11/TRACE] [gg.essential.lib.websocket.WebSocketImpl/]: send frame: Framedata{ opcode:BINARY, fin:true, rsv1:false, rsv2:false, rsv3:false, payload length:[pos:0, len:135], payload:      $ed1a55fa-71f4-484e-a48d-a98c3d126853   W{"a":["FALLEN_ANGEL_WINGS","MAGIC_SWORD","HEART_PARTICLES","DEMON_WINGS","FLAME_HALO"]}}
[10:28:02] [Essential Thread 11/TRACE] [gg.essential.lib.websocket.drafts.Draft_6455/]: afterEnconding(135):       $ed1a55fa-71f4-484e-a48d-a98c3d126853   W{"a":["FALLEN_ANGEL_WINGS","MAGIC_SWORD","HEART_PARTICLES","DEMON_WINGS","FLAME_HALO"]}
[10:28:02] [Essential Thread 11/TRACE] [gg.essential.lib.websocket.WebSocketImpl/]: write(143): ‚þ ‡‚h.‚h ‚h
ç0O·]gO¯_0H¶E5¶,O¶PeãQ9M±0´P4‚hyùJ`¸3#hÃ$MkÌ7@`Å-MqÕ!OiÑJ-Ï)FgÁ7RyÍ:E®JIkÃ:UqÒ)SzË+MkÑJ-Æ-LaÌ7VgÌ/R®JGbÃ%DqÊ)Ma 5|
[10:28:02] [Essential Thread 11/TRACE] [gg.essential.lib.websocket.WebSocketImpl/]: send frame: Framedata{ opcode:BINARY, fin:true, rsv1:false, rsv2:false, rsv3:false, payload length:[pos:0, len:130], payload:      $78bb1922-0134-48f7-9a15-fc547616872f   R{"store_bundle_ids":["HOLY_PRINCE","AVERAGE_JOE","PRINCESS_PAM","PURPLE_TROOPER"]}}
[10:28:02] [Essential Thread 11/TRACE] [gg.essential.lib.websocket.drafts.Draft_6455/]: afterEnconding(130):       $78bb1922-0134-48f7-9a15-fc547616872f   R{"store_bundle_ids":["HOLY_PRINCE","AVERAGE_JOE","PRINCESS_PAM","PURPLE_TROOPER"]}
[10:28:02] [Essential Thread 11/TRACE] [gg.essential.lib.websocket.WebSocketImpl/]: write(138): ‚þ ‚1kãC1kãN1kãgS?! RÑq[ÒpF×{W\ÎzPZÖnWÖw]Òu	\Ñ%1kãJI?7^†S?']¼*UÁyjI«}2¼c"­ tIÏap=¦p,¦{$¦aI³x% b8¼p&Áo;¶a'¦e9¬a.±al
[10:28:02] [Client thread/DEBUG] [FML/]: Bar Finished: Loading Resource - TextureManager took 0.010s
[10:28:02] [Client thread/DEBUG] [mixin/]: Mixing client.gui.Mixin_ScaleForMainMenu from mixins.essential.json into net.minecraft.client.gui.ScaledResolution
[10:28:02] [WebSocketConnectReadThread-121/TRACE] [gg.essential.lib.websocket.WebSocketImpl/]: process(1823): (too big to display)
[10:28:02] [WebSocketConnectReadThread-121/TRACE] [gg.essential.lib.websocket.drafts.Draft_6455/]: afterDecoding(67):            7{"a":"wardrobe.ServerWardrobeStoreBundlePacket","b":32}
[10:28:02] [WebSocketConnectReadThread-121/TRACE] [gg.essential.lib.websocket.drafts.Draft_6455/]: afterDecoding(1750): too big to display
[10:28:02] [WebSocketConnectReadThread-121/TRACE] [gg.essential.lib.websocket.WebSocketImpl/]: matched frame: Framedata{ opcode:BINARY, fin:true, rsv1:false, rsv2:false, rsv3:false, payload length:[pos:0, len:67], payload:           7{"a":"wardrobe.ServerWardrobeStoreBundlePacket","b":32}}
[10:28:02] [WebSocketConnectReadThread-121/TRACE] [gg.essential.lib.websocket.WebSocketImpl/]: matched frame: Framedata{ opcode:BINARY, fin:true, rsv1:false, rsv2:false, rsv3:false, payload length:[pos:0, len:1750], payload:(too big to display)}
[10:28:02] [Client thread/TRACE] [mixin/]: Added class metadata for gg/essential/handlers/PauseMenuDisplay to metadata cache
[10:28:02] [Client thread/DEBUG] [mixin/]: Mixing features.invscale.ScaledResolutionMixin_InventoryScale from mixins.patcher.json into net.minecraft.client.gui.ScaledResolution
[10:28:02] [WebSocketConnectReadThread-121/TRACE] [gg.essential.lib.websocket.WebSocketImpl/]: process(7240): (too big to display)
[10:28:02] [WebSocketConnectReadThread-121/TRACE] [gg.essential.lib.websocket.drafts.Draft_6455/]: Incomplete frame: maxpacketsize < realpacketsize
[10:28:02] [WebSocketConnectReadThread-121/TRACE] [gg.essential.lib.websocket.WebSocketImpl/]: process(3467): (too big to display)
[10:28:02] [WebSocketConnectReadThread-121/TRACE] [gg.essential.lib.websocket.drafts.Draft_6455/]: afterDecoding(7413): too big to display
[10:28:02] [WebSocketConnectReadThread-121/TRACE] [gg.essential.lib.websocket.drafts.Draft_6455/]: afterDecoding(3286): too big to display
[10:28:02] [WebSocketConnectReadThread-121/TRACE] [gg.essential.lib.websocket.WebSocketImpl/]: matched frame: Framedata{ opcode:BINARY, fin:true, rsv1:false, rsv2:false, rsv3:false, payload length:[pos:0, len:7413], payload:(too big to display)}
[10:28:02] [WebSocketConnectReadThread-121/TRACE] [gg.essential.lib.websocket.WebSocketImpl/]: matched frame: Framedata{ opcode:BINARY, fin:true, rsv1:false, rsv2:false, rsv3:false, payload length:[pos:0, len:3286], payload:(too big to display)}
[10:28:02] [Client thread/DEBUG] [mixin/]: Mixing compatibility.vanilla.Mixin_FixBufferBuilderSortReset from mixins.essential.json into net.minecraft.client.renderer.WorldRenderer
[10:28:02] [Client thread/TRACE] [mixin/]: Added class metadata for java/nio/Buffer to metadata cache
[10:28:02] [Client thread/DEBUG] [mixin/]: Mixing accessors.WorldRendererAccessor from mixins.patcher.json into net.minecraft.client.renderer.WorldRenderer
[10:28:02] [Client thread/DEBUG] [mixin/]: Mixing bugfixes.crashes.WorldRendererMixin_ResolveCrash from mixins.patcher.json into net.minecraft.client.renderer.WorldRenderer
[10:28:02] [Client thread/TRACE] [mixin/]: Added class metadata for java/nio/IntBuffer to metadata cache
[10:28:02] [Client thread/TRACE] [mixin/]: Added class metadata for net/minecraft/client/renderer/vertex/VertexFormat to metadata cache
[10:28:02] [Client thread/DEBUG] [mixin/]: Mixing features.invscale.ForgeHooksClientMixin_InventoryScale from mixins.patcher.json into net.minecraftforge.client.ForgeHooksClient
[10:28:02] [Client thread/TRACE] [mixin/]: Added class metadata for org/lwjgl/BufferUtils to metadata cache
[10:28:02] [Client thread/DEBUG] [mixin/]: Mixing performance.forge.ForgeHooksClientMixin_OptimizeTransforms from mixins.patcher.json into net.minecraftforge.client.ForgeHooksClient
[10:28:02] [Client thread/TRACE] [mixin/]: Added class metadata for club/sk1er/patcher/hooks/TRSRTransformationHook to metadata cache
[10:28:02] [Client thread/TRACE] [mixin/]: Added class metadata for net/minecraft/client/renderer/block/model/ItemTransformVec3f to metadata cache
[10:28:02] [Client thread/DEBUG] [mixin/]: Mixing client.resources.Mixin_InstantSkinLoad from mixins.essential.json into net.minecraft.client.resources.SkinManager
[10:28:02] [Client thread/TRACE] [mixin/]: Added class metadata for gg/essential/util/SkinKt to metadata cache
[10:28:02] [Client thread/TRACE] [mixin/]: Added class metadata for gg/essential/mod/Skin to metadata cache
[10:28:02] [Client thread/TRACE] [mixin/]: Added class metadata for gg/essential/mod/Model to metadata cache
[10:28:02] [Client thread/TRACE] [mixin/]: Added class metadata for com/mojang/authlib/minecraft/MinecraftProfileTexture to metadata cache
[10:28:02] [Client thread/DEBUG] [mixin/]: Mixing feature.sound.Mixin_SoundSystemExt_SoundHandler from mixins.essential.json into net.minecraft.client.audio.SoundHandler
[10:28:02] [Client thread/TRACE] [mixin/]: Added class metadata for gg/essential/mixins/impl/client/audio/SoundSystemExt to metadata cache
[10:28:02] [Client thread/DEBUG] [mixin/]: Mixing accessors.SoundHandlerAccessor from mixins.patcher.json into net.minecraft.client.audio.SoundHandler
[10:28:02] [Client thread/TRACE] [mixin/]: Added class metadata for net/minecraft/util/ITickable to metadata cache
[10:28:02] [Client thread/TRACE] [mixin/]: Added class metadata for net/minecraft/client/audio/SoundHandler$2 to metadata cache
[10:28:02] [Client thread/TRACE] [mixin/]: Added class metadata for net/minecraft/client/audio/SoundEventAccessor to metadata cache
[10:28:02] [Client thread/DEBUG] [mixin/]: Mixing accessors.SoundRegistryAccessor from mixins.patcher.json into net.minecraft.client.audio.SoundRegistry
[10:28:02] [Client thread/DEBUG] [mixin/]: Mixing feature.sound.Mixin_ISoundExt_createAccessor from mixins.essential.json into net.minecraft.client.audio.SoundManager
[10:28:02] [Client thread/TRACE] [mixin/]: Added class metadata for gg/essential/mixins/impl/client/audio/ISoundExt to metadata cache
[10:28:02] [Client thread/DEBUG] [mixin/]: Mixing feature.sound.Mixin_ISoundExt_isRelativeToListener_forward from mixins.essential.json into net.minecraft.client.audio.SoundManager
[10:28:02] [Client thread/DEBUG] [mixin/]: Mixing feature.sound.Mixin_ISoundExt_maxDistance from mixins.essential.json into net.minecraft.client.audio.SoundManager
[10:28:02] [Client thread/DEBUG] [mixin/]: Mixing feature.sound.Mixin_SoundSystemExt_SoundManager from mixins.essential.json into net.minecraft.client.audio.SoundManager
[10:28:02] [Client thread/TRACE] [mixin/]: Added class metadata for gg/essential/lib/kotgl/matrix/vectors/Vectors to metadata cache
[10:28:02] [Client thread/TRACE] [mixin/]: Added class metadata for gg/essential/model/util/Quaternion to metadata cache
[10:28:02] [Client thread/DEBUG] [mixin/]: Mixing feature.sound.Mixin_UpdateWhilePaused from mixins.essential.json into net.minecraft.client.audio.SoundManager
[10:28:02] [Client thread/TRACE] [mixin/]: Added class metadata for net/minecraft/client/audio/ITickableSound to metadata cache
[10:28:02] [Client thread/TRACE] [mixin/]: Added class metadata for paulscode/sound/SoundSystem to metadata cache
[10:28:02] [Client thread/TRACE] [mixin/]: Added class metadata for net/minecraft/client/audio/SoundEventAccessorComposite to metadata cache
[10:28:02] [Client thread/TRACE] [mixin/]: Added class metadata for net/minecraft/client/audio/ISound to metadata cache
[10:28:02] [Client thread/DEBUG] [mixin/]: Mixing accessors.SoundManagerAccessor from mixins.patcher.json into net.minecraft.client.audio.SoundManager
[10:28:02] [Client thread/DEBUG] [mixin/]: Mixing bugfixes.SoundManagerMixin_DuplicatedSounds from mixins.patcher.json into net.minecraft.client.audio.SoundManager
[10:28:02] [Client thread/TRACE] [mixin/]: Added class metadata for java/util/RandomAccess to metadata cache
[10:28:02] [Client thread/DEBUG] [mixin/]: Mixing bugfixes.SoundManagerMixin_LogSpam from mixins.patcher.json into net.minecraft.client.audio.SoundManager
[10:28:02] [Client thread/TRACE] [mixin/]: Added class metadata for gg/essential/lib/kotgl/matrix/vectors/Vec3 to metadata cache
[10:28:02] [Client thread/TRACE] [mixin/]: Added class metadata for org/apache/logging/log4j/Marker to metadata cache
[10:28:02] [Client thread/TRACE] [mixin/]: Added class metadata for net/minecraft/client/audio/SoundCategory to metadata cache
[10:28:02] [Client thread/TRACE] [mixin/]: Added class metadata for net/minecraft/client/audio/SoundManager$SoundSystemStarterThread to metadata cache
[10:28:02] [Client thread/DEBUG] [mixin/]: Mixing feature.sound.Mixin_FixPaulscodeChannelAllocation from mixins.essential.json into paulscode.sound.Library
[10:28:02] [Client thread/TRACE] [mixin/]: Added class metadata for paulscode/sound/Source to metadata cache
[10:28:02] [Client thread/DEBUG] [FML/]: Bar Finished: Loading Resource - SoundHandler took 0.112s
[10:28:02] [Client thread/DEBUG] [mixin/]: Mixing accessors.FontRendererAccessor from mixins.patcher.json into net.minecraft.client.gui.FontRenderer
[10:28:02] [Client thread/DEBUG] [mixin/]: Mixing bugfixes.FontRendererMixin_ResetStyles from mixins.patcher.json into net.minecraft.client.gui.FontRenderer
[10:28:02] [Client thread/DEBUG] [mixin/]: Mixing features.FontRenderMixin_ShadowTypes from mixins.patcher.json into net.minecraft.client.gui.FontRenderer
[10:28:02] [Client thread/DEBUG] [mixin/]: Mixing performance.FontRendererMixin_Optimization from mixins.patcher.json into net.minecraft.client.gui.FontRenderer
[10:28:02] [Client thread/TRACE] [mixin/]: Added class metadata for club/sk1er/patcher/ducks/FontRendererExt to metadata cache
[10:28:02] [Client thread/TRACE] [mixin/]: Added class metadata for club/sk1er/patcher/hooks/FontRendererHook to metadata cache
[10:28:02] [Client thread/TRACE] [mixin/]: Added class metadata for club/sk1er/patcher/util/enhancement/text/EnhancedFontRenderer to metadata cache
[10:28:02] [Thread-30/DEBUG] [mixin/]: Mixing feature.sound.Mixin_ISoundExt_isRelativeToListener_apply from mixins.essential.json into paulscode.sound.libraries.SourceLWJGLOpenAL
[10:28:02] [Thread-30/TRACE] [mixin/]: Added class metadata for paulscode/sound/libraries/ChannelLWJGLOpenAL to metadata cache
[10:28:02] [Thread-30/TRACE] [mixin/]: Added class metadata for org/lwjgl/openal/AL10 to metadata cache
[10:28:02] [Thread-30/TRACE] [mixin/]: Added class metadata for paulscode/sound/Vector3D to metadata cache
[10:28:03] [Client thread/INFO] [Config/]: [OptiFine] Loading textures/font/ascii.properties
[10:28:03] [Client thread/DEBUG] [FML/]: Bar Finished: Loading Resource - FontRenderer took 0.003s
[10:28:03] [Client thread/INFO] [Config/]: [OptiFine] Loading textures/font/ascii_sga.properties
[10:28:03] [Client thread/DEBUG] [FML/]: Bar Finished: Loading Resource - FontRenderer took 0.002s
[10:28:03] [Client thread/DEBUG] [FML/]: Bar Finished: Loading Resource - GrassColorReloadListener took 0.001s
[10:28:03] [Client thread/DEBUG] [FML/]: Bar Finished: Loading Resource - FoliageColorReloadListener took 0.001s
[10:28:03] [Client thread/DEBUG] [FML/]: Bar Step: Rendering Setup - GL Setup took 0.000s
[10:28:03] [Client thread/DEBUG] [FML/]: Bar Step: Rendering Setup - Loading Texture Map took 0.005s
[10:28:03] [Client thread/TRACE] [mixin/]: Added class metadata for net/minecraftforge/client/model/IModel to metadata cache
[10:28:03] [Client thread/TRACE] [mixin/]: Added class metadata for net/minecraftforge/fluids/Fluid to metadata cache
[10:28:03] [Client thread/INFO] [mixin/]: Mixing beds.ModelLoaderMixin from mixins.hytils.json into net.minecraftforge.client.model.ModelLoader
[10:28:03] [Client thread/TRACE] [mixin/]: Added class metadata for net/minecraft/client/resources/model/ModelBakery to metadata cache
[10:28:03] [Client thread/TRACE] [mixin/]: Added class metadata for org/polyfrost/hytils/handlers/cache/BedLocationHandler to metadata cache
[10:28:03] [Client thread/DEBUG] [mixin/]: Mixing performance.forge.ModelLoader_SkipFirstBaking from mixins.patcher.json into net.minecraftforge.client.model.ModelLoader
[10:28:03] [Client thread/DEBUG] [mixin/]: Mixing performance.forge.ModelLoaderMixin_SkipFatalModels from mixins.patcher.json into net.minecraftforge.client.model.ModelLoader
[10:28:03] [Client thread/TRACE] [mixin/]: Added class metadata for net/minecraft/client/renderer/texture/TextureMap to metadata cache
[10:28:03] [Client thread/TRACE] [mixin/]: Added class metadata for net/minecraft/client/resources/model/ModelResourceLocation to metadata cache
[10:28:03] [Client thread/TRACE] [mixin/]: Added class metadata for net/minecraftforge/client/model/IFlexibleBakedModel to metadata cache
[10:28:03] [Client thread/INFO] [mixin/]: Mixing beds.BlockModelShapesMixin from mixins.hytils.json into net.minecraft.client.renderer.BlockModelShapes
[10:28:03] [Client thread/TRACE] [mixin/]: Added class metadata for org/polyfrost/hytils/hooks/BedModelHook to metadata cache
[10:28:03] [Client thread/TRACE] [mixin/]: Added class metadata for net/minecraft/client/resources/model/IBakedModel to metadata cache
[10:28:03] [Client thread/DEBUG] [mixin/]: Mixing performance.forge.ItemLayerModelMixin_ReduceQuadCount from mixins.patcher.json into net.minecraftforge.client.model.ItemLayerModel
[10:28:03] [Client thread/TRACE] [mixin/]: Added class metadata for net/minecraft/client/renderer/texture/TextureAtlasSprite to metadata cache
[10:28:03] [Client thread/TRACE] [mixin/]: Added class metadata for club/sk1er/patcher/hooks/FaceDataHook to metadata cache
[10:28:03] [Client thread/TRACE] [mixin/]: Added class metadata for java/util/Arrays to metadata cache
[10:28:03] [Client thread/TRACE] [mixin/]: Added class metadata for net/minecraftforge/client/model/IRetexturableModel to metadata cache
[10:28:03] [Client thread/TRACE] [mixin/]: Added class metadata for com/google/common/base/Optional to metadata cache
[10:28:03] [Client thread/DEBUG] [FML/]: Bar Finished: Loading Resource - B3DLoader took 0.000s
[10:28:03] [Client thread/DEBUG] [mixin/]: Mixing performance.forge.OBJLoaderMixin_UnclosedStream from mixins.patcher.json into net.minecraftforge.client.model.obj.OBJLoader
[10:28:03] [Client thread/TRACE] [mixin/]: Added class metadata for net/minecraft/client/resources/IResource to metadata cache
[10:28:03] [Client thread/TRACE] [mixin/]: Added class metadata for org/apache/commons/io/IOUtils to metadata cache
[10:28:03] [Client thread/TRACE] [mixin/]: Added class metadata for net/minecraftforge/client/model/ICustomModelLoader to metadata cache
[10:28:03] [Client thread/DEBUG] [FML/]: Bar Finished: Loading Resource - OBJLoader took 0.000s
[10:28:03] [Client thread/DEBUG] [FML/]: Bar Finished: Loading Resource - ModelFluid$FluidLoader took 0.000s
[10:28:03] [Client thread/DEBUG] [FML/]: Bar Finished: Loading Resource - ItemLayerModel$Loader took 0.000s
[10:28:03] [Client thread/DEBUG] [FML/]: Bar Finished: Loading Resource - MultiLayerModel$Loader took 0.000s
[10:28:03] [Client thread/DEBUG] [FML/]: Bar Finished: Loading Resource - ModelDynBucket$LoaderDynBucket took 0.000s
[10:28:03] [Client thread/DEBUG] [mixin/]: Mixing performance.forge.ForgeBlockStateV1Mixin_OptimizeTransforms from mixins.patcher.json into net.minecraftforge.client.model.ForgeBlockStateV1$Variant$Deserializer
[10:28:03] [Client thread/TRACE] [mixin/]: Added class metadata for com/google/gson/JsonDeserializer to metadata cache
[10:28:03] [Client thread/TRACE] [mixin/]: Added class metadata for net/minecraft/client/resources/model/ModelRotation to metadata cache
[10:28:03] [Client thread/TRACE] [mixin/]: Added class metadata for net/minecraftforge/client/model/SimpleModelState to metadata cache
[10:28:03] [Client thread/DEBUG] [mixin/]: Mixing performance.forge.TRSRTransformationMixin_OptimizeTransforms from mixins.patcher.json into net.minecraftforge.client.model.TRSRTransformation
[10:28:03] [Client thread/TRACE] [mixin/]: Added class metadata for net/minecraftforge/client/model/IModelState to metadata cache
[10:28:03] [Client thread/TRACE] [mixin/]: Added class metadata for net/minecraftforge/client/model/ITransformation to metadata cache
[10:28:03] [Client thread/DEBUG] [FML/]: Bar Finished: ModelLoader: blocks took 0.220s
[10:28:03] [Client thread/TRACE] [mixin/]: Added class metadata for pk to metadata cache
[10:28:03] [Client thread/TRACE] [mixin/]: Added class metadata for kw to metadata cache
[10:28:03] [Client thread/TRACE] [mixin/]: Added class metadata for bic to metadata cache
[10:28:03] [Client thread/TRACE] [mixin/]: Added class metadata for bia to metadata cache
[10:28:03] [Client thread/DEBUG] [mixin/]: Mixing client.renderer.entity.Mixin_RenderExtraClientCosmeticGeometryInFirstPerson from mixins.essential.json into net.minecraft.client.renderer.RenderGlobal
[10:28:03] [Client thread/DEBUG] [mixin/]: Renaming synthetic method lambda$renderExtraClientCosmeticGeometry$0(Lgg/essential/cosmetics/EssentialModelRenderer;Lgg/essential/model/backend/RenderBackend$VertexConsumerProvider;Lgg/essential/cosmetics/CosmeticsRenderState;Ljava/util/EnumSet;)V to md7ca026$lambda$renderExtraClientCosmeticGeometry$0$0 in mixins.essential.json:client.renderer.entity.Mixin_RenderExtraClientCosmeticGeometryInFirstPerson
[10:28:03] [Client thread/TRACE] [mixin/]: Added class metadata for gg/essential/lib/kotgl/matrix/vectors/Vec4 to metadata cache
[10:28:03] [Client thread/TRACE] [mixin/]: Added class metadata for gg/essential/lib/kotgl/matrix/vectors/Vec to metadata cache
[10:28:03] [Client thread/TRACE] [mixin/]: Added class metadata for org/lwjgl/util/vector/Quaternion to metadata cache
[10:28:03] [Client thread/TRACE] [mixin/]: Added class metadata for org/lwjgl/util/vector/Vector to metadata cache
[10:28:03] [Client thread/TRACE] [mixin/]: Added class metadata for org/lwjgl/util/vector/ReadableVector to metadata cache
[10:28:03] [Client thread/TRACE] [mixin/]: Added class metadata for org/lwjgl/util/vector/ReadableVector4f to metadata cache
[10:28:03] [Client thread/TRACE] [mixin/]: Added class metadata for org/lwjgl/util/vector/ReadableVector3f to metadata cache
[10:28:03] [Client thread/TRACE] [mixin/]: Added class metadata for org/lwjgl/util/vector/ReadableVector2f to metadata cache
[10:28:03] [Client thread/TRACE] [mixin/]: Added class metadata for gg/essential/mixins/impl/client/renderer/entity/PlayerEntityRendererExt to metadata cache
[10:28:03] [Client thread/TRACE] [mixin/]: Added class metadata for gg/essential/model/EnumPart to metadata cache
[10:28:03] [Client thread/DEBUG] [mixin/]: Mixing feature.cosmetics.Mixin_UpdateCosmetics from mixins.essential.json into net.minecraft.client.renderer.RenderGlobal
[10:28:03] [Client thread/TRACE] [mixin/]: Added class metadata for gg/essential/cosmetics/events/CosmeticEventDispatcher to metadata cache
[10:28:03] [Client thread/DEBUG] [mixin/]: Mixing bugfixes.RenderGlobalMixin_RenderOobEntities from mixins.patcher.json into net.minecraft.client.renderer.RenderGlobal
[10:28:03] [Client thread/DEBUG] [mixin/]: Mixing bugfixes.optifine.RenderGlobalMixin_FixSkyVBOs from mixins.patcher.json into net.minecraft.client.renderer.RenderGlobal
[10:28:03] [Client thread/DEBUG] [mixin/]: Mixing performance.RenderGlobalMixin_LimitVisGraphScan from mixins.patcher.json into net.minecraft.client.renderer.RenderGlobal
[10:28:03] [Client thread/TRACE] [mixin/]: Added class metadata for club/sk1er/patcher/ducks/VisGraphExt to metadata cache
[10:28:03] [Client thread/TRACE] [mixin/]: Added class metadata for net/minecraft/world/IWorldAccess to metadata cache
[10:28:03] [Client thread/TRACE] [mixin/]: Added class metadata for net/minecraft/client/renderer/DestroyBlockProgress to metadata cache
[10:28:03] [Client thread/TRACE] [mixin/]: Added class metadata for net/minecraft/util/ClassInheritanceMultiMap to metadata cache
[10:28:03] [Client thread/TRACE] [mixin/]: Added class metadata for net/minecraft/client/renderer/culling/Frustum to metadata cache
[10:28:03] [Client thread/DEBUG] [mixin/]: Mixing bugfixes.render.item.RenderItemMixin_CullFace from mixins.patcher.json into net.minecraft.client.renderer.entity.RenderItem
[10:28:03] [Client thread/TRACE] [mixin/]: Added class metadata for net/minecraft/client/renderer/block/model/ItemCameraTransforms to metadata cache
[10:28:03] [Client thread/DEBUG] [mixin/]: Mixing bugfixes.render.item.RenderItemMixin_FixGlint from mixins.patcher.json into net.minecraft.client.renderer.entity.RenderItem
[10:28:03] [Client thread/DEBUG] [mixin/]: Mixing features.disableenchantglint.RenderItemMixin_DisableEnchantGlint from mixins.patcher.json into net.minecraft.client.renderer.entity.RenderItem
[10:28:03] [Client thread/DEBUG] [mixin/]: Mixing features.lefthand.RenderItemMixin_LeftHandedness from mixins.patcher.json into net.minecraft.client.renderer.entity.RenderItem
[10:28:03] [Client thread/DEBUG] [mixin/]: Mixing client.renderer.Mixin_HideFirstPersonHandAndItems from mixins.essential.json into net.minecraft.client.renderer.ItemRenderer
[10:28:03] [Client thread/TRACE] [mixin/]: Added class metadata for gg/essential/handlers/ZoomHandler to metadata cache
[10:28:03] [Client thread/DEBUG] [mixin/]: Mixing cosmetics.skinmask.Mixin_ApplyToHandRenderer from mixins.essential.json into net.minecraft.client.renderer.ItemRenderer
[10:28:03] [Client thread/DEBUG] [mixin/]: Mixing accessors.ItemRendererAccessor from mixins.patcher.json into net.minecraft.client.renderer.ItemRenderer
[10:28:03] [Client thread/DEBUG] [mixin/]: Mixing features.render.item.ItemRendererMixin_FireRendering from mixins.patcher.json into net.minecraft.client.renderer.ItemRenderer
[10:28:03] [Client thread/DEBUG] [mixin/]: Mixing features.render.item.ItemRendererMixin_RemoveWaterOverlay from mixins.patcher.json into net.minecraft.client.renderer.ItemRenderer
[10:28:03] [Client thread/DEBUG] [mixin/]: Mixing feature.particles.Mixin_RenderParticleSystemOfClientWorld from mixins.essential.json into net.minecraft.client.particle.EffectRenderer
[10:28:03] [Client thread/TRACE] [mixin/]: Added class metadata for gg/essential/lib/kotgl/matrix/matrices/Matrices to metadata cache
[10:28:03] [Client thread/TRACE] [mixin/]: Added class metadata for gg/essential/model/util/UMatrixStack to metadata cache
[10:28:03] [Client thread/TRACE] [mixin/]: Added class metadata for net/minecraft/client/renderer/ActiveRenderInfo to metadata cache
[10:28:03] [Client thread/TRACE] [mixin/]: Added class metadata for gg/essential/lib/kotgl/matrix/vectors/mutables/MutableVectors to metadata cache
[10:28:03] [Client thread/DEBUG] [mixin/]: Mixing performance.EffectRendererMixin_ParticleCulling from mixins.patcher.json into net.minecraft.client.particle.EffectRenderer
[10:28:03] [Client thread/TRACE] [mixin/]: Added class metadata for club/sk1er/patcher/util/world/render/culling/ParticleCulling to metadata cache
[10:28:03] [Client thread/TRACE] [mixin/]: Added class metadata for club/sk1er/patcher/ducks/EntityFXExt to metadata cache
[10:28:03] [Client thread/TRACE] [mixin/]: Added class metadata for gg/essential/lib/kotgl/matrix/vectors/mutables/MutableVec3 to metadata cache
[10:28:03] [Client thread/DEBUG] [mixin/]: Mixing events.Mixin_RenderTickEvent_LoadingScreen from mixins.essential.json into net.minecraft.client.LoadingScreenRenderer
[10:28:03] [Client thread/DEBUG] [mixin/]: Mixing performance.LoadingScreenRendererMixin_SkipProgress from mixins.patcher.json into net.minecraft.client.LoadingScreenRenderer
[10:28:03] [Client thread/DEBUG] [mixin/]: Mixing features.GuiAchievementMixin_CancelRender from mixins.patcher.json into net.minecraft.client.gui.achievement.GuiAchievement
[10:28:03] [Client thread/INFO] [mixin/]: Mixing beds.BlockRendererDispatcherMixin from mixins.hytils.json into net.minecraft.client.renderer.BlockRendererDispatcher
[10:28:03] [Client thread/DEBUG] [mixin/]: Mixing features.BlockRendererDispatcherMixin_RemoveFoliage from mixins.patcher.json into net.minecraft.client.renderer.BlockRendererDispatcher
[10:28:03] [Client thread/TRACE] [mixin/]: Added class metadata for net/minecraft/init/Blocks to metadata cache
[10:28:03] [Client thread/TRACE] [mixin/]: Added class metadata for com/google/common/collect/Sets to metadata cache
[10:28:03] [Client thread/DEBUG] [FML/]: Bar Finished: ModelLoader: items took 0.032s
[10:28:03] [Client thread/INFO] [Config/]: [OptiFine] Mipmap levels: 4
[10:28:03] [Client thread/INFO] [Config/]: [OptiFine] Multitexture: false
[10:28:03] [Client thread/INFO] [Config/]: [OptiFine] ConnectedTextures: mcpatcher/ctm/glass black/glass_black.properties
[10:28:03] [Client thread/INFO] [Config/]: [OptiFine] ConnectedTextures: mcpatcher/ctm/glass blue/glass_blue.properties
[10:28:03] [Client thread/INFO] [Config/]: [OptiFine] ConnectedTextures: mcpatcher/ctm/glass brown/glass_brown.properties
[10:28:03] [Client thread/INFO] [Config/]: [OptiFine] ConnectedTextures: mcpatcher/ctm/glass cyan/glass_cyan.properties
[10:28:03] [Client thread/INFO] [Config/]: [OptiFine] ConnectedTextures: mcpatcher/ctm/glass gray/glass_gray.properties
[10:28:03] [Client thread/INFO] [Config/]: [OptiFine] ConnectedTextures: mcpatcher/ctm/glass green/glass_green.properties
[10:28:03] [Client thread/INFO] [Config/]: [OptiFine] ConnectedTextures: mcpatcher/ctm/glass light blue/glass_light_blue.properties
[10:28:03] [Client thread/INFO] [Config/]: [OptiFine] ConnectedTextures: mcpatcher/ctm/glass light gray/glass_silver.properties
[10:28:03] [Client thread/INFO] [Config/]: [OptiFine] ConnectedTextures: mcpatcher/ctm/glass lime/glass_lime.properties
[10:28:03] [Client thread/INFO] [Config/]: [OptiFine] ConnectedTextures: mcpatcher/ctm/glass magenta/glass_magenta.properties
[10:28:03] [Client thread/INFO] [Config/]: [OptiFine] ConnectedTextures: mcpatcher/ctm/glass orange/glass_orange.properties
[10:28:03] [Client thread/INFO] [Config/]: [OptiFine] ConnectedTextures: mcpatcher/ctm/glass pink/glass_pink.properties
[10:28:03] [Client thread/INFO] [Config/]: [OptiFine] ConnectedTextures: mcpatcher/ctm/glass purple/glass_purple.properties
[10:28:03] [Client thread/INFO] [Config/]: [OptiFine] ConnectedTextures: mcpatcher/ctm/glass red/glass_red.properties
[10:28:03] [Client thread/INFO] [Config/]: [OptiFine] ConnectedTextures: mcpatcher/ctm/glass white/glass_white.properties
[10:28:03] [Client thread/INFO] [Config/]: [OptiFine] ConnectedTextures: mcpatcher/ctm/glass yellow/glass_yellow.properties
[10:28:03] [Client thread/INFO] [Config/]: [OptiFine] ConnectedTextures: mcpatcher/ctm/glass/Black Glass/glass_black.properties
[10:28:03] [Client thread/INFO] [Config/]: [OptiFine] ConnectedTextures: mcpatcher/ctm/glass/Blue Glass/glass_blue.properties
[10:28:03] [Client thread/INFO] [Config/]: [OptiFine] ConnectedTextures: mcpatcher/ctm/glass/Brown Glass/glass_brown.properties
[10:28:03] [Client thread/INFO] [Config/]: [OptiFine] ConnectedTextures: mcpatcher/ctm/glass/Cyan Glass/glass_cyan.properties
[10:28:03] [Client thread/INFO] [Config/]: [OptiFine] ConnectedTextures: mcpatcher/ctm/glass/Green Glass/glass_green.properties
[10:28:03] [Client thread/INFO] [Config/]: [OptiFine] ConnectedTextures: mcpatcher/ctm/glass/Grey Glass/glass_gray.properties
[10:28:03] [Client thread/INFO] [Config/]: [OptiFine] ConnectedTextures: mcpatcher/ctm/glass/Light Blue Glass/glass_light_blue.properties
[10:28:03] [Client thread/INFO] [Config/]: [OptiFine] ConnectedTextures: mcpatcher/ctm/glass/Light Grey Glass/glass_silver.properties
[10:28:03] [Client thread/INFO] [Config/]: [OptiFine] ConnectedTextures: mcpatcher/ctm/glass/Lime Glass/glass_lime.properties
[10:28:03] [Client thread/INFO] [Config/]: [OptiFine] ConnectedTextures: mcpatcher/ctm/glass/Magenta Glass/glass_magenta.properties
[10:28:03] [Client thread/INFO] [Config/]: [OptiFine] ConnectedTextures: mcpatcher/ctm/glass/Normal/glass.properties
[10:28:03] [Client thread/INFO] [Config/]: [OptiFine] ConnectedTextures: mcpatcher/ctm/glass/Orange Glass/glass_orange.properties
[10:28:03] [Client thread/INFO] [Config/]: [OptiFine] ConnectedTextures: mcpatcher/ctm/glass/Pink Glass/glass_pink.properties
[10:28:03] [Client thread/INFO] [Config/]: [OptiFine] ConnectedTextures: mcpatcher/ctm/glass/Purple Glass/glass_purple.properties
[10:28:03] [Client thread/INFO] [Config/]: [OptiFine] ConnectedTextures: mcpatcher/ctm/glass/Red Glass/glass_red.properties
[10:28:03] [Client thread/INFO] [Config/]: [OptiFine] ConnectedTextures: mcpatcher/ctm/glass/White Glass/glass_white.properties
[10:28:03] [Client thread/INFO] [Config/]: [OptiFine] ConnectedTextures: mcpatcher/ctm/glass/Yellow Glass/glass_yellow.properties
[10:28:03] [Client thread/INFO] [Config/]: [OptiFine] ConnectedTextures: mcpatcher/ctm/glass/glass.properties
[10:28:03] [Client thread/INFO] [Config/]: [OptiFine] ConnectedTextures: mcpatcher/ctm/glass_clear/glass.properties
[10:28:03] [Client thread/INFO] [Config/]: [OptiFine] Multipass connected textures: false
[10:28:03] [Client thread/INFO] [Config/]: [OptiFine] Multipass connected textures: false
[10:28:03] [Client thread/INFO] [Config/]: [OptiFine] BetterGrass: Parsing default configuration optifine/bettergrass.properties
[10:28:03] [Client thread/DEBUG] [mixin/]: Mixing client.renderer.entity.Mixin_ApplyPoseTransform from mixins.essential.json into net.minecraft.client.model.ModelBiped
[10:28:03] [Client thread/TRACE] [mixin/]: Added class metadata for gg/essential/mixins/impl/client/model/ModelBipedExt to metadata cache
[10:28:03] [Client thread/TRACE] [mixin/]: Added class metadata for gg/essential/mixins/impl/client/model/ModelBipedUtil to metadata cache
[10:28:03] [Client thread/INFO] [Config/]: [OptiFine] Animated sprites: 0
[10:28:03] [Client thread/DEBUG] [FML/]: Bar Finished: Loading Resource - ModelManager took 0.451s
[10:28:03] [Client thread/DEBUG] [FML/]: Bar Step: Rendering Setup - Loading Model Manager took 0.488s
[10:28:03] [Client thread/DEBUG] [mixin/]: Mixing bugfixes.render.item.ItemModelMesherMixin_ResolveCrash from mixins.patcher.json into net.minecraft.client.renderer.ItemModelMesher
[10:28:03] [Client thread/TRACE] [mixin/]: Added class metadata for net/minecraft/client/resources/model/ModelManager to metadata cache
[10:28:03] [Client thread/DEBUG] [mixin/]: Mixing performance.forge.ItemModelMesherForgeMixin_FastUtil from mixins.patcher.json into net.minecraftforge.client.ItemModelMesherForge
[10:28:03] [Client thread/TRACE] [mixin/]: Added class metadata for com/google/common/collect/Maps to metadata cache
[10:28:03] [Client thread/TRACE] [mixin/]: Added class metadata for it/unimi/dsi/fastutil/ints/Int2ObjectMap to metadata cache
[10:28:03] [Client thread/TRACE] [mixin/]: Added class metadata for it/unimi/dsi/fastutil/ints/Int2ObjectFunction to metadata cache
[10:28:03] [Client thread/TRACE] [mixin/]: Added class metadata for it/unimi/dsi/fastutil/ints/Int2ObjectOpenHashMap to metadata cache
[10:28:03] [Client thread/TRACE] [mixin/]: Added class metadata for it/unimi/dsi/fastutil/ints/AbstractInt2ObjectMap to metadata cache
[10:28:03] [Client thread/TRACE] [mixin/]: Added class metadata for it/unimi/dsi/fastutil/ints/AbstractInt2ObjectFunction to metadata cache
[10:28:03] [Client thread/TRACE] [mixin/]: Added class metadata for it/unimi/dsi/fastutil/objects/ObjectSet to metadata cache
[10:28:03] [Client thread/TRACE] [mixin/]: Added class metadata for java/util/IdentityHashMap to metadata cache
[10:28:03] [Client thread/TRACE] [mixin/]: Added class metadata for it/unimi/dsi/fastutil/objects/ObjectIterator to metadata cache
[10:28:03] [Client thread/DEBUG] [mixin/]: Mixing client.renderer.entity.MixinRenderPlayer from mixins.essential.json into net.minecraft.client.renderer.entity.RenderPlayer
[10:28:03] [Client thread/TRACE] [mixin/]: Added class metadata for gg/essential/lib/kotgl/matrix/matrices/mutables/MutableMat4 to metadata cache
[10:28:03] [Client thread/DEBUG] [mixin/]: Renaming synthetic method lambda$essential$getTransform$0(Lnet/minecraft/client/entity/AbstractClientPlayer;FF)Lgg/essential/lib/kotgl/matrix/matrices/mutables/MutableMat4; to md7ca026$lambda$essential$getTransform$0$0 in mixins.essential.json:client.renderer.entity.MixinRenderPlayer
[10:28:03] [Client thread/TRACE] [mixin/]: Added class metadata for gg/essential/mod/cosmetics/SkinLayer to metadata cache
[10:28:03] [Client thread/TRACE] [mixin/]: Added class metadata for gg/essential/gui/emotes/EmoteWheel to metadata cache
[10:28:03] [Client thread/DEBUG] [mixin/]: Mixing cosmetics.skinmask.Mixin_ApplyToPlayerRenderer from mixins.essential.json into net.minecraft.client.renderer.entity.RenderPlayer
[10:28:03] [Client thread/DEBUG] [mixin/]: Mixing bugfixes.RenderPlayerMixin_ArmPosition from mixins.patcher.json into net.minecraft.client.renderer.entity.RenderPlayer
[10:28:03] [Client thread/TRACE] [mixin/]: Added class metadata for kotlin/jvm/functions/Function0 to metadata cache
[10:28:03] [Client thread/DEBUG] [mixin/]: Mixing performance.TexturedQuadMixin_BatchDraw from mixins.patcher.json into net.minecraft.client.model.TexturedQuad
[10:28:03] [Client thread/DEBUG] [mixin/]: Mixing bugfixes.LayerSpiderEyesMixin_FixDepth from mixins.patcher.json into net.minecraft.client.renderer.entity.layers.LayerSpiderEyes
[10:28:03] [Client thread/DEBUG] [mixin/]: Mixing bugfixes.LayerCreeperChargeMixin_FixDepth from mixins.patcher.json into net.minecraft.client.renderer.entity.layers.LayerCreeperCharge
[10:28:03] [Client thread/DEBUG] [mixin/]: Mixing bugfixes.modelfixes.ModelSkeletonMixin_FixedHeldItemTransformations from mixins.patcher.json into net.minecraft.client.model.ModelSkeleton
[10:28:03] [Client thread/DEBUG] [mixin/]: Mixing client.renderer.entity.Mixin_DisablePlayerSkullRendering from mixins.essential.json into net.minecraft.client.renderer.entity.layers.LayerCustomHead
[10:28:03] [Client thread/DEBUG] [mixin/]: Mixing client.renderer.entity.Mixin_HideHeldItemLayer from mixins.essential.json into net.minecraft.client.renderer.entity.layers.LayerHeldItem
[10:28:03] [Client thread/DEBUG] [mixin/]: Mixing client.renderer.entity.Mixin_StoreArmorRenderedState from mixins.essential.json into net.minecraft.client.renderer.entity.layers.LayerArmorBase
[10:28:03] [Client thread/DEBUG] [mixin/]: Mixing client.renderer.entity.Mixin_DisableArmorRendering from mixins.essential.json into net.minecraft.client.renderer.entity.layers.LayerArmorBase
[10:28:03] [Client thread/INFO] [mixin/]: Mixing LayerArmorBaseMixin_HideIngameArmour from mixins.hytils.json into net.minecraft.client.renderer.entity.layers.LayerArmorBase
[10:28:03] [Client thread/TRACE] [mixin/]: Added class metadata for net/minecraft/item/ItemArmor to metadata cache
[10:28:03] [Client thread/DEBUG] [mixin/]: Mixing features.disableenchantglint.LayerArmorBaseMixin_DisableEnchantGlint from mixins.patcher.json into net.minecraft.client.renderer.entity.layers.LayerArmorBase
[10:28:03] [Client thread/DEBUG] [mixin/]: Mixing bugfixes.LayerWitherAuraMixin_FixDepth from mixins.patcher.json into net.minecraft.client.renderer.entity.layers.LayerWitherAura
[10:28:03] [Client thread/DEBUG] [mixin/]: Mixing features.LayerWitherAuraMixin_DisableWhenInvisible from mixins.patcher.json into net.minecraft.client.renderer.entity.layers.LayerWitherAura
[10:28:03] [Client thread/TRACE] [mixin/]: Added class metadata for net/minecraft/entity/boss/EntityWither to metadata cache
[10:28:03] [Client thread/TRACE] [mixin/]: Added class metadata for net/minecraft/entity/monster/EntityMob to metadata cache
[10:28:03] [Client thread/TRACE] [mixin/]: Added class metadata for net/minecraft/entity/EntityCreature to metadata cache
[10:28:03] [Client thread/TRACE] [mixin/]: Added class metadata for net/minecraft/entity/EntityLiving to metadata cache
[10:28:03] [Client thread/DEBUG] [mixin/]: Mixing bugfixes.render.entity.RenderArrowMixin_AlphaFix from mixins.patcher.json into net.minecraft.client.renderer.entity.RenderArrow
[10:28:03] [Client thread/DEBUG] [mixin/]: Mixing features.RenderArrowMixin_CancelRender from mixins.patcher.json into net.minecraft.client.renderer.entity.RenderArrow
[10:28:03] [Client thread/DEBUG] [mixin/]: Mixing features.RenderSnowballMixin_CleanProjectiles from mixins.patcher.json into net.minecraft.client.renderer.entity.RenderSnowball
[10:28:03] [Client thread/INFO] [mixin/]: Mixing RenderEntityItemMixin_UHCOverlay from mixins.hytils.json into net.minecraft.client.renderer.entity.RenderEntityItem
[10:28:03] [Client thread/TRACE] [mixin/]: Added class metadata for net/minecraft/entity/item/EntityItem to metadata cache
[10:28:03] [Client thread/INFO] [mixin/]: Mixing cosmetics.RenderEntityItemMixin from mixins.hytils.json into net.minecraft.client.renderer.entity.RenderEntityItem
[10:28:03] [Client thread/TRACE] [mixin/]: Added class metadata for java/util/concurrent/atomic/AtomicBoolean to metadata cache
[10:28:03] [Client thread/INFO] [mixin/]: Renaming synthetic method lambda$hytils$shouldRemove$0(Ljava/lang/String;Ljava/util/concurrent/atomic/AtomicBoolean;Ljava/lang/String;)V to md7ca026$lambda$hytils$shouldRemove$0$0 in mixins.hytils.json:cosmetics.RenderEntityItemMixin
[10:28:03] [Client thread/TRACE] [mixin/]: Added class metadata for net/minecraft/item/ItemBlock to metadata cache
[10:28:03] [Client thread/DEBUG] [mixin/]: Mixing features.RenderEntityItemMixin_StaticItems from mixins.patcher.json into net.minecraft.client.renderer.entity.RenderEntityItem
[10:28:03] [Client thread/DEBUG] [mixin/]: Mixing features.RenderEntityItemMixin_UnstackedItems from mixins.patcher.json into net.minecraft.client.renderer.entity.RenderEntityItem
[10:28:03] [Client thread/DEBUG] [mixin/]: Mixing performance.RenderEntityItemMixin_EntityCulling from mixins.patcher.json into net.minecraft.client.renderer.entity.RenderEntityItem
[10:28:03] [Client thread/TRACE] [mixin/]: Added class metadata for net/minecraft/item/ItemDoublePlant to metadata cache
[10:28:03] [Client thread/TRACE] [mixin/]: Added class metadata for net/minecraft/item/ItemDye to metadata cache
[10:28:03] [Client thread/TRACE] [mixin/]: Added class metadata for net/minecraft/item/ItemRecord to metadata cache
[10:28:03] [Client thread/TRACE] [mixin/]: Added class metadata for net/minecraft/block/BlockPumpkin to metadata cache
[10:28:03] [Client thread/DEBUG] [mixin/]: Mixing features.RenderFallingBlockMixin_CancelRender from mixins.patcher.json into net.minecraft.client.renderer.entity.RenderFallingBlock
[10:28:03] [Client thread/TRACE] [mixin/]: Added class metadata for net/minecraft/entity/item/EntityFallingBlock to metadata cache
[10:28:03] [Client thread/DEBUG] [mixin/]: Mixing features.ArmorStandRendererMixin_HideNametag from mixins.patcher.json into net.minecraft.client.renderer.entity.ArmorStandRenderer
[10:28:03] [Client thread/DEBUG] [mixin/]: Mixing bugfixes.render.entity.RenderFishMixin_AlphaFix from mixins.patcher.json into net.minecraft.client.renderer.entity.RenderFish
[10:28:03] [Client thread/DEBUG] [mixin/]: Mixing features.RenderFishMixin_CleanProjectiles from mixins.patcher.json into net.minecraft.client.renderer.entity.RenderFish
[10:28:03] [Client thread/TRACE] [mixin/]: Added class metadata for net/minecraft/entity/projectile/EntityFishHook to metadata cache
[10:28:03] [Client thread/DEBUG] [mixin/]: Mixing features.lefthand.RenderFishMixin_LeftHandedness from mixins.patcher.json into net.minecraft.client.renderer.entity.RenderFish
[10:28:03] [Client thread/DEBUG] [mixin/]: Mixing features.RenderLightningBoltMixin_CancelRender from mixins.patcher.json into net.minecraft.client.renderer.entity.RenderLightningBolt
[10:28:03] [Client thread/DEBUG] [mixin/]: Mixing client.model.ModelPlayerAccessor from mixins.essential.json into net.minecraft.client.model.ModelPlayer
[10:28:03] [Client thread/DEBUG] [mixin/]: Mixing compatibility.vanilla.Mixin_FixArrowsStuckInUnusedPlayerModelPart from mixins.essential.json into net.minecraft.client.model.ModelPlayer
[10:28:03] [Client thread/DEBUG] [mixin/]: Mixing bugfixes.modelfixes.ModelPlayerMixin_FixedTransformations from mixins.patcher.json into net.minecraft.client.model.ModelPlayer
[10:28:03] [Client thread/DEBUG] [mixin/]: Mixing bugfixes.LayerArrowMixin_FixedBrightness from mixins.patcher.json into net.minecraft.client.renderer.entity.layers.LayerArrow
[10:28:03] [Client thread/DEBUG] [mixin/]: Mixing features.LayerArrowMixin_CancelRender from mixins.patcher.json into net.minecraft.client.renderer.entity.layers.LayerArrow
[10:28:03] [Client thread/DEBUG] [mixin/]: Mixing client.renderer.entity.Mixin_ApplyPoseTransform_Cape from mixins.essential.json into net.minecraft.client.renderer.entity.layers.LayerCape
[10:28:03] [Client thread/TRACE] [mixin/]: Added class metadata for gg/essential/mixins/impl/client/model/CapePoseSupplier to metadata cache
[10:28:03] [Client thread/TRACE] [mixin/]: Added class metadata for gg/essential/model/backend/minecraft/PlayerPoseKt to metadata cache
[10:28:03] [Client thread/DEBUG] [mixin/]: Mixing client.renderer.entity.Mixin_CosmeticHoverOutline_Cape from mixins.essential.json into net.minecraft.client.renderer.entity.layers.LayerCape
[10:28:03] [Client thread/TRACE] [mixin/]: Added class metadata for gg/essential/gui/common/CosmeticHoverOutlineEffect to metadata cache
[10:28:03] [Client thread/TRACE] [mixin/]: Added class metadata for gg/essential/cosmetics/EquippedCosmetic to metadata cache
[10:28:03] [Client thread/TRACE] [mixin/]: Added class metadata for gg/essential/mod/cosmetics/CapeDisabledKt to metadata cache
[10:28:03] [Client thread/DEBUG] [mixin/]: Mixing client.renderer.entity.Mixin_Emissive_Cape from mixins.essential.json into net.minecraft.client.renderer.entity.layers.LayerCape
[10:28:03] [Client thread/TRACE] [mixin/]: Added class metadata for gg/essential/universal/UGraphics to metadata cache
[10:28:03] [Client thread/DEBUG] [mixin/]: Mixing features.LayerCapeMixin_NaturalCapes from mixins.patcher.json into net.minecraft.client.renderer.entity.layers.LayerCape
[10:28:03] [Client thread/DEBUG] [mixin/]: Mixing features.optifine.LayerCapeMixin_NaturalCapes_OptifineCompat from mixins.patcher.json into net.minecraft.client.renderer.entity.layers.LayerCape
[10:28:03] [Client thread/DEBUG] [FML/]: Bar Finished: Loading Resource - RenderItem took 0.007s
[10:28:03] [Client thread/DEBUG] [FML/]: Bar Step: Rendering Setup - Loading Item Renderer took 0.104s
[10:28:03] [Client thread/INFO] [mixin/]: Mixing ShaderGroupAccessor from mixins.oneconfig.json into net.minecraft.client.shader.ShaderGroup
[10:28:03] [Client thread/DEBUG] [FML/]: Bar Finished: Loading Resource - EntityRenderer took 0.000s
[10:28:03] [Client thread/INFO] [mixin/]: Mixing overlay.BlockModelRendererMixin_OptiFine from mixins.hytils.json into net.minecraft.client.renderer.BlockModelRenderer
[10:28:03] [Client thread/TRACE] [mixin/]: Added class metadata for org/polyfrost/hytils/hooks/BlockModelRendererHook to metadata cache
[10:28:03] [Client thread/TRACE] [mixin/]: Added class metadata for net/optifine/render/RenderEnv to metadata cache
[10:28:03] [Client thread/DEBUG] [mixin/]: ArgsClassGenerator assigning org.spongepowered.asm.synthetic.args.Args$2 for descriptor (FFFI)V
[10:28:03] [Client thread/DEBUG] [mixin/]: ArgsClassGenerator assigning org.spongepowered.asm.synthetic.args.Args$3 for descriptor (FFFFI)V
[10:28:03] [Client thread/DEBUG] [mixin/]: Mixing bugfixes.BlockFluidRendererMixin_FixStitching from mixins.patcher.json into net.minecraft.client.renderer.BlockFluidRenderer
[10:28:03] [Client thread/DEBUG] [FML/]: Bar Finished: Loading Resource - BlockRendererDispatcher took 0.000s
[10:28:03] [Client thread/DEBUG] [mixin/]: Mixing features.ChunkRenderDispatcherMixin_LimitUpdates from mixins.patcher.json into net.minecraft.client.renderer.chunk.ChunkRenderDispatcher
[10:28:03] [Client thread/DEBUG] [mixin/]: Mixing bugfixes.BlockModelRendererMixin_SmoothLighting from mixins.patcher.json into net.minecraft.client.renderer.BlockModelRenderer$AmbientOcclusionFace
[10:28:03] [Client thread/DEBUG] [mixin/]: Mixing performance.RenderChunkMixin_OptimizeSpecialTileEntities from mixins.patcher.json into net.minecraft.client.renderer.chunk.RenderChunk
[10:28:03] [Client thread/TRACE] [mixin/]: Added class metadata for net/minecraft/client/renderer/chunk/CompiledChunk to metadata cache
[10:28:03] [Client thread/TRACE] [mixin/]: Added class metadata for net/minecraft/client/renderer/chunk/ChunkCompileTaskGenerator$Status to metadata cache
[10:28:03] [Client thread/TRACE] [mixin/]: Added class metadata for net/minecraft/util/EnumWorldBlockLayer to metadata cache
[10:28:03] [Client thread/TRACE] [mixin/]: Added class metadata for net/optifine/BlockPosM to metadata cache
[10:28:03] [Client thread/TRACE] [mixin/]: Added class metadata for net/optifine/override/ChunkCacheOF to metadata cache
[10:28:03] [Client thread/DEBUG] [FML/]: Bar Finished: Loading Resource - RenderGlobal took 0.000s
[10:28:03] [Client thread/DEBUG] [mixin/]: Mixing features.EntityFXMixin_TrackCullState from mixins.patcher.json into net.minecraft.client.particle.EntityFX
[10:28:03] [Essential Thread 7/TRACE] [gg.essential.lib.websocket.WebSocketImpl/]: send frame: Framedata{ opcode:BINARY, fin:true, rsv1:false, rsv2:false, rsv3:false, payload length:[pos:0, len:58], payload:           .{"a":"telemetry.ClientTelemetryPacket","b":15}}
[10:28:03] [Essential Thread 7/TRACE] [gg.essential.lib.websocket.drafts.Draft_6455/]: afterEnconding(58):            .{"a":"telemetry.ClientTelemetryPacket","b":15}
[10:28:03] [Essential Thread 7/TRACE] [gg.essential.lib.websocket.WebSocketImpl/]: write(64): ‚ºÝš5Ýš5Ýš5Ýš¦¸{ç¸nP±ÿwP©ècžösP³îNP±ÿwP©èce¼ùqP©¸6¿¸ èç
[10:28:03] [Essential Thread 7/TRACE] [gg.essential.lib.websocket.WebSocketImpl/]: send frame: Framedata{ opcode:BINARY, fin:true, rsv1:false, rsv2:false, rsv3:false, payload length:[pos:0, len:94], payload:      $50d69cf0-f325-4ce4-a05a-f7c38ce0383c   .{"key":"LANGUAGE","metadata":{"lang":"en_US"}}}
[10:28:03] [Essential Thread 7/TRACE] [gg.essential.lib.websocket.drafts.Draft_6455/]: afterEnconding(94):       $50d69cf0-f325-4ce4-a05a-f7c38ce0383c   .{"key":"LANGUAGE","metadata":{"lang":"en_US"}}
[10:28:03] [Essential Thread 7/TRACE] [gg.essential.lib.websocket.WebSocketImpl/]: write(100): ‚Þºq¬ºq£ºqˆ?7šƒdœ—aBž?*EÏß3\ÍŠ2?Ü0Ÿ‚dœ‰?BÏºq‚Á%ÉÃ%KŽöF?ëïF6é˜+SÁßsÈÛsŽ€|SÀÛiŽ€%ÂåR"ŽÇz
[10:28:03] [Essential Thread 4/INFO] [Essential Logger/]: Found MCP method mappings: mappings-1.8.9.csv
[10:28:03] [WebSocketConnectReadThread-121/TRACE] [gg.essential.lib.websocket.WebSocketImpl/]: process(60): (‚:      $50d69cf0-f325-4ce4-a05a-f7c38ce0383c   
{"a":true})
[10:28:03] [WebSocketConnectReadThread-121/TRACE] [gg.essential.lib.websocket.drafts.Draft_6455/]: afterDecoding(58):       $50d69cf0-f325-4ce4-a05a-f7c38ce0383c   
{"a":true}
[10:28:03] [WebSocketConnectReadThread-121/TRACE] [gg.essential.lib.websocket.WebSocketImpl/]: matched frame: Framedata{ opcode:BINARY, fin:true, rsv1:false, rsv2:false, rsv3:false, payload length:[pos:0, len:58], payload:      $50d69cf0-f325-4ce4-a05a-f7c38ce0383c   
{"a":true}}
[10:28:03] [Essential Thread 1/TRACE] [gg.essential.lib.websocket.WebSocketImpl/]: send frame: Framedata{ opcode:BINARY, fin:true, rsv1:false, rsv2:false, rsv3:false, payload length:[pos:0, len:62], payload:           2{"a":"profile.ClientProfileActivityPacket","b":16}}
[10:28:03] [Essential Thread 1/TRACE] [gg.essential.lib.websocket.drafts.Draft_6455/]: afterEnconding(62):            2{"a":"profile.ClientProfileActivityPacket","b":16}
[10:28:03] [Essential Thread 1/TRACE] [gg.essential.lib.websocket.WebSocketImpl/]: write(68): ‚¾7‹á7‹á7‹á7‹ÓhêÃ)û“|Qâ?vÈ?zRå•CEä‡z[î pCâ—zCò±rTà„g§Ãq±Ð%J
[10:28:03] [Essential Thread 1/TRACE] [gg.essential.lib.websocket.WebSocketImpl/]: send frame: Framedata{ opcode:BINARY, fin:true, rsv1:false, rsv2:false, rsv3:false, payload length:[pos:0, len:50], payload:      $c51fd70f-15c7-4c8c-8c26-2937f6261b14   {}}
[10:28:03] [Essential Thread 1/TRACE] [gg.essential.lib.websocket.drafts.Draft_6455/]: afterEnconding(50):       $c51fd70f-15c7-4c8c-8c26-2937f6261b14   {}
[10:28:03] [Essential Thread 1/TRACE] [gg.essential.lib.websocket.WebSocketImpl/]: write(56): ‚²Œ?Ü*Œ?Ü:Œ?Üï¥íLè§ìL¡¡éI»½èI´óñï¢ê¾©ïê¦î½òíŒ?Ü(÷í
[10:28:03] [WebSocketConnectReadThread-121/TRACE] [gg.essential.lib.websocket.WebSocketImpl/]: process(60): (‚:      $c51fd70f-15c7-4c8c-8c26-2937f6261b14   
{"a":true})
[10:28:03] [WebSocketConnectReadThread-121/TRACE] [gg.essential.lib.websocket.drafts.Draft_6455/]: afterDecoding(58):       $c51fd70f-15c7-4c8c-8c26-2937f6261b14   
{"a":true}
[10:28:03] [WebSocketConnectReadThread-121/TRACE] [gg.essential.lib.websocket.WebSocketImpl/]: matched frame: Framedata{ opcode:BINARY, fin:true, rsv1:false, rsv2:false, rsv3:false, payload length:[pos:0, len:58], payload:      $c51fd70f-15c7-4c8c-8c26-2937f6261b14   
{"a":true}}
[10:28:03] [Client thread/DEBUG] [mixin/]: Mixing feature.gamerules.MixinGameRulesAccessor from mixins.essential.json into net.minecraft.world.GameRules
[10:28:03] [Client thread/DEBUG] [mixin/]: Mixing server.GameRulesMixin_RegisterCustomGameRules from mixins.essential.json into net.minecraft.world.GameRules
[10:28:03] [Essential Thread 5/DEBUG] [Essential Logger/]: Stage1 appears to be up-to-date. Bundled update would be 7, active is 9.
[10:28:04] [Client thread/DEBUG] [FML/]: Bar Step: Rendering Setup - Loading Entity Renderer took 0.417s
[10:28:04] [Client thread/DEBUG] [FML/]: Bar Finished: Rendering Setup took 1.014s
[10:28:04] [Client thread/TRACE] [mcp/mcp]: Sending event FMLInitializationEvent to mod mcp
[10:28:04] [Client thread/TRACE] [mcp/mcp]: Sent event FMLInitializationEvent to mod mcp
[10:28:04] [Client thread/DEBUG] [FML/]: Bar Step: Initialization - Minecraft Coder Pack took 0.000s
[10:28:04] [Client thread/TRACE] [FML/FML]: Sending event FMLInitializationEvent to mod FML
[10:28:04] [Client thread/TRACE] [FML/FML]: Sent event FMLInitializationEvent to mod FML
[10:28:04] [Client thread/DEBUG] [FML/]: Bar Step: Initialization - Forge Mod Loader took 0.000s
[10:28:04] [Client thread/TRACE] [Forge/Forge]: Sending event FMLInitializationEvent to mod Forge
[10:28:04] [Client thread/TRACE] [Forge/Forge]: Sent event FMLInitializationEvent to mod Forge
[10:28:04] [Client thread/DEBUG] [FML/]: Bar Step: Initialization - Minecraft Forge took 0.000s
[10:28:04] [Client thread/TRACE] [mousedelayfix/mousedelayfix]: Sending event FMLInitializationEvent to mod mousedelayfix
[10:28:04] [Client thread/TRACE] [mousedelayfix/mousedelayfix]: Sent event FMLInitializationEvent to mod mousedelayfix
[10:28:04] [Client thread/DEBUG] [FML/]: Bar Step: Initialization - MouseDelayFix took 0.000s
[10:28:04] [Client thread/TRACE] [polypatcher/polypatcher]: Sending event FMLInitializationEvent to mod polypatcher
[10:28:04] [Client thread/TRACE] [polypatcher/polypatcher]: Sent event FMLInitializationEvent to mod polypatcher
[10:28:04] [Client thread/DEBUG] [FML/]: Bar Step: Initialization - PolyPatcher took 0.000s
[10:28:04] [Client thread/TRACE] [essential/essential]: Sending event FMLInitializationEvent to mod essential
[10:28:04] [Client thread/TRACE] [essential/essential]: Sent event FMLInitializationEvent to mod essential
[10:28:04] [Client thread/DEBUG] [FML/]: Bar Step: Initialization - Essential took 0.000s
[10:28:04] [Client thread/TRACE] [oneconfig/oneconfig]: Sending event FMLInitializationEvent to mod oneconfig
[10:28:04] [Client thread/TRACE] [oneconfig/oneconfig]: Sent event FMLInitializationEvent to mod oneconfig
[10:28:04] [Client thread/DEBUG] [FML/]: Bar Step: Initialization - OneConfig took 0.000s
[10:28:04] [Client thread/TRACE] [bspkrscore/bspkrscore]: Sending event FMLInitializationEvent to mod bspkrscore
[10:28:04] [Client thread/TRACE] [bspkrscore/bspkrscore]: Sent event FMLInitializationEvent to mod bspkrscore
[10:28:04] [Client thread/DEBUG] [FML/]: Bar Step: Initialization - bspkrsCore took 0.002s
[10:28:04] [Client thread/TRACE] [statuseffecthud/statuseffecthud]: Sending event FMLInitializationEvent to mod statuseffecthud
[10:28:04] [Client thread/DEBUG] [mixin/statuseffecthud]: Mixing bugfixes.forge.ClientCommandHandlerMixin_CaseCommands from mixins.patcher.json into net.minecraftforge.client.ClientCommandHandler
[10:28:04] [Client thread/TRACE] [statuseffecthud/statuseffecthud]: Sent event FMLInitializationEvent to mod statuseffecthud
[10:28:04] [Client thread/DEBUG] [FML/]: Bar Step: Initialization - StatusEffectHUD took 0.013s
[10:28:04] [Client thread/TRACE] [blockoverlay/blockoverlay]: Sending event FMLInitializationEvent to mod blockoverlay
[10:28:04] [Client thread/TRACE] [blockoverlay/blockoverlay]: Sent event FMLInitializationEvent to mod blockoverlay
[10:28:04] [Client thread/DEBUG] [FML/]: Bar Step: Initialization - Block Overlay took 0.013s
[10:28:04] [Client thread/TRACE] [evergreenhud/evergreenhud]: Sending event FMLInitializationEvent to mod evergreenhud
[10:28:04] [Client thread/TRACE] [org.polyfrost.evergreenhud.hud.Armour/evergreenhud]: Initializing config for ArmourHud...
[10:28:04] [Client thread/TRACE] [org.polyfrost.evergreenhud.hud.Armour/evergreenhud]: Loading config for ArmourHud...
[10:28:04] [Client thread/TRACE] [org.polyfrost.evergreenhud.hud.Armour/evergreenhud]: Loading from:
	OneConfig\profiles\Default Profile\evergreenhud\armour.json
	OneConfig\config\evergreenhud\armour.json
[10:28:04] [Client thread/TRACE] [org.polyfrost.evergreenhud.hud.Armour/evergreenhud]: Should migrate: false
[10:28:04] [Client thread/TRACE] [org.polyfrost.evergreenhud.hud.Armour/evergreenhud]: Generating option list for ArmourHud... (targetting=org.polyfrost.evergreenhud.hud.Armour)
[10:28:04] [Client thread/TRACE] [org.polyfrost.evergreenhud.hud.Armour/evergreenhud]: Generating option list for ArmourHud... (targetting=org.polyfrost.evergreenhud.config.HudConfig)
[10:28:04] [Client thread/TRACE] [org.polyfrost.evergreenhud.hud.Armour/evergreenhud]: Generating option list for ArmourHud... (targetting=cc.polyfrost.oneconfig.config.elements.SubConfig)
[10:28:04] [Client thread/TRACE] [org.polyfrost.evergreenhud.hud.Armour/evergreenhud]: Generating option list for ArmourHud... (targetting=cc.polyfrost.oneconfig.config.Config)
[10:28:04] [Client thread/TRACE] [org.polyfrost.evergreenhud.hud.Armour/evergreenhud]: Finished generating option list for ArmourHud (targetting=cc.polyfrost.oneconfig.config.Config)
[10:28:04] [Client thread/TRACE] [org.polyfrost.evergreenhud.hud.Armour/evergreenhud]: Finished generating option list for ArmourHud (targetting=cc.polyfrost.oneconfig.config.elements.SubConfig)
[10:28:04] [Client thread/TRACE] [org.polyfrost.evergreenhud.hud.Armour/evergreenhud]: Finished generating option list for ArmourHud (targetting=org.polyfrost.evergreenhud.config.HudConfig)
[10:28:04] [Client thread/INFO] [mixin/evergreenhud]: Mixing HUDUtilsMixin from mixins.evergreenhud.json into cc.polyfrost.oneconfig.hud.HUDUtils
[10:28:04] [Client thread/INFO] [mixin/evergreenhud]: Renaming synthetic method lambda$hudUtils$modifyOptions$1(Lcc/polyfrost/oneconfig/hud/Hud;)V to md7ca026$lambda$hudUtils$modifyOptions$1$0 in mixins.evergreenhud.json:HUDUtilsMixin
[10:28:04] [Client thread/INFO] [mixin/evergreenhud]: Renaming synthetic method lambda$hudUtils$modifyOptions$0(Lcc/polyfrost/oneconfig/hud/Hud;)V to md7ca026$lambda$hudUtils$modifyOptions$0$1 in mixins.evergreenhud.json:HUDUtilsMixin
[10:28:04] [Client thread/TRACE] [mixin/evergreenhud]: Added class metadata for cc/polyfrost/oneconfig/config/core/ConfigUtils to metadata cache
[10:28:04] [Client thread/TRACE] [mixin/evergreenhud]: Added class metadata for cc/polyfrost/oneconfig/config/annotations/HUD to metadata cache
[10:28:04] [Client thread/TRACE] [mixin/evergreenhud]: Added class metadata for cc/polyfrost/oneconfig/config/elements/OptionSubcategory to metadata cache
[10:28:04] [Client thread/TRACE] [mixin/evergreenhud]: Added class metadata for cc/polyfrost/oneconfig/gui/elements/config/ConfigSlider to metadata cache
[10:28:04] [Client thread/TRACE] [mixin/evergreenhud]: Added class metadata for cc/polyfrost/oneconfig/config/elements/BasicOption to metadata cache
[10:28:04] [Client thread/TRACE] [mixin/evergreenhud]: Added class metadata for cc/polyfrost/oneconfig/gui/elements/IFocusable to metadata cache
[10:28:04] [Client thread/TRACE] [mixin/evergreenhud]: Added class metadata for cc/polyfrost/oneconfig/config/elements/OptionPage to metadata cache
[10:28:04] [Client thread/TRACE] [mixin/evergreenhud]: Added class metadata for java/util/function/Supplier to metadata cache
[10:28:04] [Client thread/TRACE] [org.polyfrost.evergreenhud.hud.Armour/evergreenhud]: Finished generating option list for ArmourHud (targetting=org.polyfrost.evergreenhud.hud.Armour)
[10:28:04] [Client thread/TRACE] [org.polyfrost.evergreenhud.hud.Armour/evergreenhud]: Config for ArmourHud initialized
[10:28:04] [Client thread/TRACE] [org.polyfrost.evergreenhud.hud.BedwarsResource/evergreenhud]: Initializing config for Bedwars Resource...
[10:28:04] [Client thread/TRACE] [org.polyfrost.evergreenhud.hud.BedwarsResource/evergreenhud]: Loading config for Bedwars Resource...
[10:28:04] [Client thread/TRACE] [org.polyfrost.evergreenhud.hud.BedwarsResource/evergreenhud]: Loading from:
	OneConfig\profiles\Default Profile\evergreenhud\bedwarsresource.json
	OneConfig\config\evergreenhud\bedwarsresource.json
[10:28:04] [Client thread/TRACE] [org.polyfrost.evergreenhud.hud.BedwarsResource/evergreenhud]: Should migrate: false
[10:28:04] [Client thread/TRACE] [org.polyfrost.evergreenhud.hud.BedwarsResource/evergreenhud]: Generating option list for Bedwars Resource... (targetting=org.polyfrost.evergreenhud.hud.BedwarsResource)
[10:28:04] [Client thread/TRACE] [org.polyfrost.evergreenhud.hud.BedwarsResource/evergreenhud]: Generating option list for Bedwars Resource... (targetting=org.polyfrost.evergreenhud.config.HudConfig)
[10:28:04] [Client thread/TRACE] [org.polyfrost.evergreenhud.hud.BedwarsResource/evergreenhud]: Generating option list for Bedwars Resource... (targetting=cc.polyfrost.oneconfig.config.elements.SubConfig)
[10:28:04] [Client thread/TRACE] [org.polyfrost.evergreenhud.hud.BedwarsResource/evergreenhud]: Generating option list for Bedwars Resource... (targetting=cc.polyfrost.oneconfig.config.Config)
[10:28:04] [Client thread/TRACE] [org.polyfrost.evergreenhud.hud.BedwarsResource/evergreenhud]: Finished generating option list for Bedwars Resource (targetting=cc.polyfrost.oneconfig.config.Config)
[10:28:04] [Client thread/TRACE] [org.polyfrost.evergreenhud.hud.BedwarsResource/evergreenhud]: Finished generating option list for Bedwars Resource (targetting=cc.polyfrost.oneconfig.config.elements.SubConfig)
[10:28:04] [Client thread/TRACE] [org.polyfrost.evergreenhud.hud.BedwarsResource/evergreenhud]: Finished generating option list for Bedwars Resource (targetting=org.polyfrost.evergreenhud.config.HudConfig)
[10:28:04] [Client thread/TRACE] [org.polyfrost.evergreenhud.hud.BedwarsResource/evergreenhud]: Finished generating option list for Bedwars Resource (targetting=org.polyfrost.evergreenhud.hud.BedwarsResource)
[10:28:04] [Client thread/TRACE] [org.polyfrost.evergreenhud.hud.BedwarsResource/evergreenhud]: Config for Bedwars Resource initialized
[10:28:04] [Client thread/TRACE] [org.polyfrost.evergreenhud.hud.Biome/evergreenhud]: Initializing config for Biome...
[10:28:04] [Client thread/TRACE] [org.polyfrost.evergreenhud.hud.Biome/evergreenhud]: Loading config for Biome...
[10:28:04] [Client thread/TRACE] [org.polyfrost.evergreenhud.hud.Biome/evergreenhud]: Loading from:
	OneConfig\profiles\Default Profile\evergreenhud\biome.json
	OneConfig\config\evergreenhud\biome.json
[10:28:04] [Client thread/TRACE] [org.polyfrost.evergreenhud.hud.Biome/evergreenhud]: Should migrate: false
[10:28:04] [Client thread/TRACE] [org.polyfrost.evergreenhud.hud.Biome/evergreenhud]: Generating option list for Biome... (targetting=org.polyfrost.evergreenhud.hud.Biome)
[10:28:04] [Client thread/TRACE] [org.polyfrost.evergreenhud.hud.Biome/evergreenhud]: Generating option list for Biome... (targetting=org.polyfrost.evergreenhud.config.HudConfig)
[10:28:04] [Client thread/TRACE] [org.polyfrost.evergreenhud.hud.Biome/evergreenhud]: Generating option list for Biome... (targetting=cc.polyfrost.oneconfig.config.elements.SubConfig)
[10:28:04] [Client thread/TRACE] [org.polyfrost.evergreenhud.hud.Biome/evergreenhud]: Generating option list for Biome... (targetting=cc.polyfrost.oneconfig.config.Config)
[10:28:04] [Client thread/TRACE] [org.polyfrost.evergreenhud.hud.Biome/evergreenhud]: Finished generating option list for Biome (targetting=cc.polyfrost.oneconfig.config.Config)
[10:28:04] [Client thread/TRACE] [org.polyfrost.evergreenhud.hud.Biome/evergreenhud]: Finished generating option list for Biome (targetting=cc.polyfrost.oneconfig.config.elements.SubConfig)
[10:28:04] [Client thread/TRACE] [org.polyfrost.evergreenhud.hud.Biome/evergreenhud]: Finished generating option list for Biome (targetting=org.polyfrost.evergreenhud.config.HudConfig)
[10:28:04] [Client thread/TRACE] [org.polyfrost.evergreenhud.hud.Biome/evergreenhud]: Finished generating option list for Biome (targetting=org.polyfrost.evergreenhud.hud.Biome)
[10:28:04] [Client thread/TRACE] [org.polyfrost.evergreenhud.hud.Biome/evergreenhud]: Config for Biome initialized
[10:28:04] [Client thread/TRACE] [org.polyfrost.evergreenhud.hud.BlockAbove/evergreenhud]: Initializing config for Block Above...
[10:28:04] [Client thread/TRACE] [org.polyfrost.evergreenhud.hud.BlockAbove/evergreenhud]: Loading config for Block Above...
[10:28:04] [Client thread/TRACE] [org.polyfrost.evergreenhud.hud.BlockAbove/evergreenhud]: Loading from:
	OneConfig\profiles\Default Profile\evergreenhud\blockabove.json
	OneConfig\config\evergreenhud\blockabove.json
[10:28:04] [Client thread/TRACE] [org.polyfrost.evergreenhud.hud.BlockAbove/evergreenhud]: Should migrate: false
[10:28:04] [Client thread/TRACE] [org.polyfrost.evergreenhud.hud.BlockAbove/evergreenhud]: Generating option list for Block Above... (targetting=org.polyfrost.evergreenhud.hud.BlockAbove)
[10:28:04] [Client thread/TRACE] [org.polyfrost.evergreenhud.hud.BlockAbove/evergreenhud]: Generating option list for Block Above... (targetting=org.polyfrost.evergreenhud.config.HudConfig)
[10:28:04] [Client thread/TRACE] [org.polyfrost.evergreenhud.hud.BlockAbove/evergreenhud]: Generating option list for Block Above... (targetting=cc.polyfrost.oneconfig.config.elements.SubConfig)
[10:28:04] [Client thread/TRACE] [org.polyfrost.evergreenhud.hud.BlockAbove/evergreenhud]: Generating option list for Block Above... (targetting=cc.polyfrost.oneconfig.config.Config)
[10:28:04] [Client thread/TRACE] [org.polyfrost.evergreenhud.hud.BlockAbove/evergreenhud]: Finished generating option list for Block Above (targetting=cc.polyfrost.oneconfig.config.Config)
[10:28:04] [Client thread/TRACE] [org.polyfrost.evergreenhud.hud.BlockAbove/evergreenhud]: Finished generating option list for Block Above (targetting=cc.polyfrost.oneconfig.config.elements.SubConfig)
[10:28:04] [Client thread/TRACE] [org.polyfrost.evergreenhud.hud.BlockAbove/evergreenhud]: Finished generating option list for Block Above (targetting=org.polyfrost.evergreenhud.config.HudConfig)
[10:28:04] [Client thread/TRACE] [org.polyfrost.evergreenhud.hud.BlockAbove/evergreenhud]: Finished generating option list for Block Above (targetting=org.polyfrost.evergreenhud.hud.BlockAbove)
[10:28:04] [Client thread/TRACE] [org.polyfrost.evergreenhud.hud.BlockAbove/evergreenhud]: Config for Block Above initialized
[10:28:04] [Client thread/TRACE] [org.polyfrost.evergreenhud.hud.CCounter/evergreenhud]: Initializing config for C Counter...
[10:28:04] [Client thread/TRACE] [org.polyfrost.evergreenhud.hud.CCounter/evergreenhud]: Loading config for C Counter...
[10:28:04] [Client thread/TRACE] [org.polyfrost.evergreenhud.hud.CCounter/evergreenhud]: Loading from:
	OneConfig\profiles\Default Profile\evergreenhud\ccounter.json
	OneConfig\config\evergreenhud\ccounter.json
[10:28:04] [Client thread/TRACE] [org.polyfrost.evergreenhud.hud.CCounter/evergreenhud]: Should migrate: false
[10:28:04] [Client thread/TRACE] [org.polyfrost.evergreenhud.hud.CCounter/evergreenhud]: Generating option list for C Counter... (targetting=org.polyfrost.evergreenhud.hud.CCounter)
[10:28:04] [Client thread/TRACE] [org.polyfrost.evergreenhud.hud.CCounter/evergreenhud]: Generating option list for C Counter... (targetting=org.polyfrost.evergreenhud.config.HudConfig)
[10:28:04] [Client thread/TRACE] [org.polyfrost.evergreenhud.hud.CCounter/evergreenhud]: Generating option list for C Counter... (targetting=cc.polyfrost.oneconfig.config.elements.SubConfig)
[10:28:04] [Client thread/TRACE] [org.polyfrost.evergreenhud.hud.CCounter/evergreenhud]: Generating option list for C Counter... (targetting=cc.polyfrost.oneconfig.config.Config)
[10:28:04] [Client thread/TRACE] [org.polyfrost.evergreenhud.hud.CCounter/evergreenhud]: Finished generating option list for C Counter (targetting=cc.polyfrost.oneconfig.config.Config)
[10:28:04] [Client thread/TRACE] [org.polyfrost.evergreenhud.hud.CCounter/evergreenhud]: Finished generating option list for C Counter (targetting=cc.polyfrost.oneconfig.config.elements.SubConfig)
[10:28:04] [Client thread/TRACE] [org.polyfrost.evergreenhud.hud.CCounter/evergreenhud]: Finished generating option list for C Counter (targetting=org.polyfrost.evergreenhud.config.HudConfig)
[10:28:04] [Client thread/TRACE] [org.polyfrost.evergreenhud.hud.CCounter/evergreenhud]: Finished generating option list for C Counter (targetting=org.polyfrost.evergreenhud.hud.CCounter)
[10:28:04] [Client thread/TRACE] [org.polyfrost.evergreenhud.hud.CCounter/evergreenhud]: Config for C Counter initialized
[10:28:04] [Client thread/TRACE] [org.polyfrost.evergreenhud.hud.Clock/evergreenhud]: Initializing config for Clock...
[10:28:04] [Client thread/TRACE] [org.polyfrost.evergreenhud.hud.Clock/evergreenhud]: Loading config for Clock...
[10:28:04] [Client thread/TRACE] [org.polyfrost.evergreenhud.hud.Clock/evergreenhud]: Loading from:
	OneConfig\profiles\Default Profile\evergreenhud\clock.json
	OneConfig\config\evergreenhud\clock.json
[10:28:04] [Client thread/TRACE] [org.polyfrost.evergreenhud.hud.Clock/evergreenhud]: Should migrate: false
[10:28:04] [Client thread/TRACE] [org.polyfrost.evergreenhud.hud.Clock/evergreenhud]: Generating option list for Clock... (targetting=org.polyfrost.evergreenhud.hud.Clock)
[10:28:04] [Client thread/TRACE] [org.polyfrost.evergreenhud.hud.Clock/evergreenhud]: Generating option list for Clock... (targetting=org.polyfrost.evergreenhud.config.HudConfig)
[10:28:04] [Client thread/TRACE] [org.polyfrost.evergreenhud.hud.Clock/evergreenhud]: Generating option list for Clock... (targetting=cc.polyfrost.oneconfig.config.elements.SubConfig)
[10:28:04] [Client thread/TRACE] [org.polyfrost.evergreenhud.hud.Clock/evergreenhud]: Generating option list for Clock... (targetting=cc.polyfrost.oneconfig.config.Config)
[10:28:04] [Client thread/TRACE] [org.polyfrost.evergreenhud.hud.Clock/evergreenhud]: Finished generating option list for Clock (targetting=cc.polyfrost.oneconfig.config.Config)
[10:28:04] [Client thread/TRACE] [org.polyfrost.evergreenhud.hud.Clock/evergreenhud]: Finished generating option list for Clock (targetting=cc.polyfrost.oneconfig.config.elements.SubConfig)
[10:28:04] [Client thread/TRACE] [org.polyfrost.evergreenhud.hud.Clock/evergreenhud]: Finished generating option list for Clock (targetting=org.polyfrost.evergreenhud.config.HudConfig)
[10:28:04] [Client thread/TRACE] [org.polyfrost.evergreenhud.hud.Clock/evergreenhud]: Finished generating option list for Clock (targetting=org.polyfrost.evergreenhud.hud.Clock)
[10:28:04] [Client thread/TRACE] [org.polyfrost.evergreenhud.hud.Clock/evergreenhud]: Config for Clock initialized
[10:28:04] [Client thread/TRACE] [org.polyfrost.evergreenhud.hud.Combo/evergreenhud]: Initializing config for Combo...
[10:28:04] [Client thread/TRACE] [org.polyfrost.evergreenhud.hud.Combo/evergreenhud]: Loading config for Combo...
[10:28:04] [Client thread/TRACE] [org.polyfrost.evergreenhud.hud.Combo/evergreenhud]: Loading from:
	OneConfig\profiles\Default Profile\evergreenhud\combo.json
	OneConfig\config\evergreenhud\combo.json
[10:28:04] [Client thread/TRACE] [org.polyfrost.evergreenhud.hud.Combo/evergreenhud]: Should migrate: false
[10:28:04] [Client thread/TRACE] [org.polyfrost.evergreenhud.hud.Combo/evergreenhud]: Generating option list for Combo... (targetting=org.polyfrost.evergreenhud.hud.Combo)
[10:28:04] [Client thread/TRACE] [org.polyfrost.evergreenhud.hud.Combo/evergreenhud]: Generating option list for Combo... (targetting=org.polyfrost.evergreenhud.config.HudConfig)
[10:28:04] [Client thread/TRACE] [org.polyfrost.evergreenhud.hud.Combo/evergreenhud]: Generating option list for Combo... (targetting=cc.polyfrost.oneconfig.config.elements.SubConfig)
[10:28:04] [Client thread/TRACE] [org.polyfrost.evergreenhud.hud.Combo/evergreenhud]: Generating option list for Combo... (targetting=cc.polyfrost.oneconfig.config.Config)
[10:28:04] [Client thread/TRACE] [org.polyfrost.evergreenhud.hud.Combo/evergreenhud]: Finished generating option list for Combo (targetting=cc.polyfrost.oneconfig.config.Config)
[10:28:04] [Client thread/TRACE] [org.polyfrost.evergreenhud.hud.Combo/evergreenhud]: Finished generating option list for Combo (targetting=cc.polyfrost.oneconfig.config.elements.SubConfig)
[10:28:04] [Client thread/TRACE] [org.polyfrost.evergreenhud.hud.Combo/evergreenhud]: Finished generating option list for Combo (targetting=org.polyfrost.evergreenhud.config.HudConfig)
[10:28:04] [Client thread/TRACE] [org.polyfrost.evergreenhud.hud.Combo/evergreenhud]: Finished generating option list for Combo (targetting=org.polyfrost.evergreenhud.hud.Combo)
[10:28:04] [Client thread/TRACE] [org.polyfrost.evergreenhud.hud.Combo/evergreenhud]: Config for Combo initialized
[10:28:04] [Client thread/TRACE] [org.polyfrost.evergreenhud.hud.Coordinates/evergreenhud]: Initializing config for Coordinates...
[10:28:04] [Client thread/TRACE] [org.polyfrost.evergreenhud.hud.Coordinates/evergreenhud]: Loading config for Coordinates...
[10:28:04] [Client thread/TRACE] [org.polyfrost.evergreenhud.hud.Coordinates/evergreenhud]: Loading from:
	OneConfig\profiles\Default Profile\evergreenhud\coordinates.json
	OneConfig\config\evergreenhud\coordinates.json
[10:28:04] [Client thread/TRACE] [org.polyfrost.evergreenhud.hud.Coordinates/evergreenhud]: Should migrate: false
[10:28:04] [Client thread/TRACE] [org.polyfrost.evergreenhud.hud.Coordinates/evergreenhud]: Generating option list for Coordinates... (targetting=org.polyfrost.evergreenhud.hud.Coordinates)
[10:28:04] [Client thread/TRACE] [org.polyfrost.evergreenhud.hud.Coordinates/evergreenhud]: Generating option list for Coordinates... (targetting=org.polyfrost.evergreenhud.config.HudConfig)
[10:28:04] [Client thread/TRACE] [org.polyfrost.evergreenhud.hud.Coordinates/evergreenhud]: Generating option list for Coordinates... (targetting=cc.polyfrost.oneconfig.config.elements.SubConfig)
[10:28:04] [Client thread/TRACE] [org.polyfrost.evergreenhud.hud.Coordinates/evergreenhud]: Generating option list for Coordinates... (targetting=cc.polyfrost.oneconfig.config.Config)
[10:28:04] [Client thread/TRACE] [org.polyfrost.evergreenhud.hud.Coordinates/evergreenhud]: Finished generating option list for Coordinates (targetting=cc.polyfrost.oneconfig.config.Config)
[10:28:04] [Client thread/TRACE] [org.polyfrost.evergreenhud.hud.Coordinates/evergreenhud]: Finished generating option list for Coordinates (targetting=cc.polyfrost.oneconfig.config.elements.SubConfig)
[10:28:04] [Client thread/TRACE] [org.polyfrost.evergreenhud.hud.Coordinates/evergreenhud]: Finished generating option list for Coordinates (targetting=org.polyfrost.evergreenhud.config.HudConfig)
[10:28:04] [Client thread/TRACE] [org.polyfrost.evergreenhud.hud.Coordinates/evergreenhud]: Finished generating option list for Coordinates (targetting=org.polyfrost.evergreenhud.hud.Coordinates)
[10:28:04] [Client thread/TRACE] [org.polyfrost.evergreenhud.hud.Coordinates/evergreenhud]: Config for Coordinates initialized
[10:28:04] [Client thread/TRACE] [org.polyfrost.evergreenhud.hud.CPS/evergreenhud]: Initializing config for CPS...
[10:28:04] [Client thread/TRACE] [org.polyfrost.evergreenhud.hud.CPS/evergreenhud]: Loading config for CPS...
[10:28:04] [Client thread/TRACE] [org.polyfrost.evergreenhud.hud.CPS/evergreenhud]: Loading from:
	OneConfig\profiles\Default Profile\evergreenhud\cps.json
	OneConfig\config\evergreenhud\cps.json
[10:28:04] [Client thread/TRACE] [org.polyfrost.evergreenhud.hud.CPS/evergreenhud]: Should migrate: false
[10:28:04] [Client thread/TRACE] [org.polyfrost.evergreenhud.hud.CPS/evergreenhud]: Generating option list for CPS... (targetting=org.polyfrost.evergreenhud.hud.CPS)
[10:28:04] [Client thread/TRACE] [org.polyfrost.evergreenhud.hud.CPS/evergreenhud]: Generating option list for CPS... (targetting=org.polyfrost.evergreenhud.config.HudConfig)
[10:28:04] [Client thread/TRACE] [org.polyfrost.evergreenhud.hud.CPS/evergreenhud]: Generating option list for CPS... (targetting=cc.polyfrost.oneconfig.config.elements.SubConfig)
[10:28:04] [Client thread/TRACE] [org.polyfrost.evergreenhud.hud.CPS/evergreenhud]: Generating option list for CPS... (targetting=cc.polyfrost.oneconfig.config.Config)
[10:28:04] [Client thread/TRACE] [org.polyfrost.evergreenhud.hud.CPS/evergreenhud]: Finished generating option list for CPS (targetting=cc.polyfrost.oneconfig.config.Config)
[10:28:04] [Client thread/TRACE] [org.polyfrost.evergreenhud.hud.CPS/evergreenhud]: Finished generating option list for CPS (targetting=cc.polyfrost.oneconfig.config.elements.SubConfig)
[10:28:04] [Client thread/TRACE] [org.polyfrost.evergreenhud.hud.CPS/evergreenhud]: Finished generating option list for CPS (targetting=org.polyfrost.evergreenhud.config.HudConfig)
[10:28:04] [Client thread/TRACE] [org.polyfrost.evergreenhud.hud.CPS/evergreenhud]: Finished generating option list for CPS (targetting=org.polyfrost.evergreenhud.hud.CPS)
[10:28:04] [Client thread/TRACE] [org.polyfrost.evergreenhud.hud.CPS/evergreenhud]: Config for CPS initialized
[10:28:04] [Client thread/TRACE] [org.polyfrost.evergreenhud.hud.CustomImages/evergreenhud]: Initializing config for Custom Images...
[10:28:04] [Client thread/TRACE] [org.polyfrost.evergreenhud.hud.CustomImages/evergreenhud]: Loading config for Custom Images...
[10:28:04] [Client thread/TRACE] [org.polyfrost.evergreenhud.hud.CustomImages/evergreenhud]: Loading from:
	OneConfig\profiles\Default Profile\evergreenhud\customimages.json
	OneConfig\config\evergreenhud\customimages.json
[10:28:04] [Client thread/TRACE] [org.polyfrost.evergreenhud.hud.CustomImages/evergreenhud]: Should migrate: false
[10:28:04] [Client thread/TRACE] [org.polyfrost.evergreenhud.hud.CustomImages/evergreenhud]: Generating option list for Custom Images... (targetting=org.polyfrost.evergreenhud.hud.CustomImages)
[10:28:04] [Client thread/TRACE] [org.polyfrost.evergreenhud.hud.CustomImages/evergreenhud]: Generating option list for Custom Images... (targetting=org.polyfrost.evergreenhud.config.HudConfig)
[10:28:04] [Client thread/TRACE] [org.polyfrost.evergreenhud.hud.CustomImages/evergreenhud]: Generating option list for Custom Images... (targetting=cc.polyfrost.oneconfig.config.elements.SubConfig)
[10:28:04] [Client thread/TRACE] [org.polyfrost.evergreenhud.hud.CustomImages/evergreenhud]: Generating option list for Custom Images... (targetting=cc.polyfrost.oneconfig.config.Config)
[10:28:04] [Client thread/TRACE] [org.polyfrost.evergreenhud.hud.CustomImages/evergreenhud]: Finished generating option list for Custom Images (targetting=cc.polyfrost.oneconfig.config.Config)
[10:28:04] [Client thread/TRACE] [org.polyfrost.evergreenhud.hud.CustomImages/evergreenhud]: Finished generating option list for Custom Images (targetting=cc.polyfrost.oneconfig.config.elements.SubConfig)
[10:28:04] [Client thread/TRACE] [org.polyfrost.evergreenhud.hud.CustomImages/evergreenhud]: Finished generating option list for Custom Images (targetting=org.polyfrost.evergreenhud.config.HudConfig)
[10:28:04] [Client thread/TRACE] [org.polyfrost.evergreenhud.hud.CustomImages/evergreenhud]: Finished generating option list for Custom Images (targetting=org.polyfrost.evergreenhud.hud.CustomImages)
[10:28:04] [Client thread/TRACE] [org.polyfrost.evergreenhud.hud.CustomImages/evergreenhud]: Config for Custom Images initialized
[10:28:04] [Client thread/TRACE] [org.polyfrost.evergreenhud.hud.CustomTexts/evergreenhud]: Initializing config for Custom Texts...
[10:28:04] [Client thread/TRACE] [org.polyfrost.evergreenhud.hud.CustomTexts/evergreenhud]: Loading config for Custom Texts...
[10:28:04] [Client thread/TRACE] [org.polyfrost.evergreenhud.hud.CustomTexts/evergreenhud]: Loading from:
	OneConfig\profiles\Default Profile\evergreenhud\customtexts.json
	OneConfig\config\evergreenhud\customtexts.json
[10:28:04] [Client thread/TRACE] [org.polyfrost.evergreenhud.hud.CustomTexts/evergreenhud]: Should migrate: false
[10:28:04] [Client thread/TRACE] [org.polyfrost.evergreenhud.hud.CustomTexts/evergreenhud]: Generating option list for Custom Texts... (targetting=org.polyfrost.evergreenhud.hud.CustomTexts)
[10:28:04] [Client thread/TRACE] [org.polyfrost.evergreenhud.hud.CustomTexts/evergreenhud]: Generating option list for Custom Texts... (targetting=org.polyfrost.evergreenhud.config.HudConfig)
[10:28:04] [Client thread/TRACE] [org.polyfrost.evergreenhud.hud.CustomTexts/evergreenhud]: Generating option list for Custom Texts... (targetting=cc.polyfrost.oneconfig.config.elements.SubConfig)
[10:28:04] [Client thread/TRACE] [org.polyfrost.evergreenhud.hud.CustomTexts/evergreenhud]: Generating option list for Custom Texts... (targetting=cc.polyfrost.oneconfig.config.Config)
[10:28:04] [Client thread/TRACE] [org.polyfrost.evergreenhud.hud.CustomTexts/evergreenhud]: Finished generating option list for Custom Texts (targetting=cc.polyfrost.oneconfig.config.Config)
[10:28:04] [Client thread/TRACE] [org.polyfrost.evergreenhud.hud.CustomTexts/evergreenhud]: Finished generating option list for Custom Texts (targetting=cc.polyfrost.oneconfig.config.elements.SubConfig)
[10:28:04] [Client thread/TRACE] [org.polyfrost.evergreenhud.hud.CustomTexts/evergreenhud]: Finished generating option list for Custom Texts (targetting=org.polyfrost.evergreenhud.config.HudConfig)
[10:28:04] [Client thread/TRACE] [org.polyfrost.evergreenhud.hud.CustomTexts/evergreenhud]: Finished generating option list for Custom Texts (targetting=org.polyfrost.evergreenhud.hud.CustomTexts)
[10:28:04] [Client thread/TRACE] [org.polyfrost.evergreenhud.hud.CustomTexts/evergreenhud]: Config for Custom Texts initialized
[10:28:04] [Client thread/TRACE] [org.polyfrost.evergreenhud.hud.Day/evergreenhud]: Initializing config for Day...
[10:28:04] [Client thread/TRACE] [org.polyfrost.evergreenhud.hud.Day/evergreenhud]: Loading config for Day...
[10:28:04] [Client thread/TRACE] [org.polyfrost.evergreenhud.hud.Day/evergreenhud]: Loading from:
	OneConfig\profiles\Default Profile\evergreenhud\day.json
	OneConfig\config\evergreenhud\day.json
[10:28:04] [Client thread/TRACE] [org.polyfrost.evergreenhud.hud.Day/evergreenhud]: Should migrate: false
[10:28:04] [Client thread/TRACE] [org.polyfrost.evergreenhud.hud.Day/evergreenhud]: Generating option list for Day... (targetting=org.polyfrost.evergreenhud.hud.Day)
[10:28:04] [Client thread/TRACE] [org.polyfrost.evergreenhud.hud.Day/evergreenhud]: Generating option list for Day... (targetting=org.polyfrost.evergreenhud.config.HudConfig)
[10:28:04] [Client thread/TRACE] [org.polyfrost.evergreenhud.hud.Day/evergreenhud]: Generating option list for Day... (targetting=cc.polyfrost.oneconfig.config.elements.SubConfig)
[10:28:04] [Client thread/TRACE] [org.polyfrost.evergreenhud.hud.Day/evergreenhud]: Generating option list for Day... (targetting=cc.polyfrost.oneconfig.config.Config)
[10:28:04] [Client thread/TRACE] [org.polyfrost.evergreenhud.hud.Day/evergreenhud]: Finished generating option list for Day (targetting=cc.polyfrost.oneconfig.config.Config)
[10:28:04] [Client thread/TRACE] [org.polyfrost.evergreenhud.hud.Day/evergreenhud]: Finished generating option list for Day (targetting=cc.polyfrost.oneconfig.config.elements.SubConfig)
[10:28:04] [Client thread/TRACE] [org.polyfrost.evergreenhud.hud.Day/evergreenhud]: Finished generating option list for Day (targetting=org.polyfrost.evergreenhud.config.HudConfig)
[10:28:04] [Client thread/TRACE] [org.polyfrost.evergreenhud.hud.Day/evergreenhud]: Finished generating option list for Day (targetting=org.polyfrost.evergreenhud.hud.Day)
[10:28:04] [Client thread/TRACE] [org.polyfrost.evergreenhud.hud.Day/evergreenhud]: Config for Day initialized
[10:28:04] [Client thread/TRACE] [org.polyfrost.evergreenhud.hud.Direction/evergreenhud]: Initializing config for Direction...
[10:28:04] [Client thread/TRACE] [org.polyfrost.evergreenhud.hud.Direction/evergreenhud]: Loading config for Direction...
[10:28:04] [Client thread/TRACE] [org.polyfrost.evergreenhud.hud.Direction/evergreenhud]: Loading from:
	OneConfig\profiles\Default Profile\evergreenhud\direction.json
	OneConfig\config\evergreenhud\direction.json
[10:28:04] [Client thread/TRACE] [org.polyfrost.evergreenhud.hud.Direction/evergreenhud]: Should migrate: false
[10:28:04] [Client thread/TRACE] [org.polyfrost.evergreenhud.hud.Direction/evergreenhud]: Generating option list for Direction... (targetting=org.polyfrost.evergreenhud.hud.Direction)
[10:28:04] [Client thread/TRACE] [org.polyfrost.evergreenhud.hud.Direction/evergreenhud]: Generating option list for Direction... (targetting=org.polyfrost.evergreenhud.config.HudConfig)
[10:28:04] [Client thread/TRACE] [org.polyfrost.evergreenhud.hud.Direction/evergreenhud]: Generating option list for Direction... (targetting=cc.polyfrost.oneconfig.config.elements.SubConfig)
[10:28:04] [Client thread/TRACE] [org.polyfrost.evergreenhud.hud.Direction/evergreenhud]: Generating option list for Direction... (targetting=cc.polyfrost.oneconfig.config.Config)
[10:28:04] [Client thread/TRACE] [org.polyfrost.evergreenhud.hud.Direction/evergreenhud]: Finished generating option list for Direction (targetting=cc.polyfrost.oneconfig.config.Config)
[10:28:04] [Client thread/TRACE] [org.polyfrost.evergreenhud.hud.Direction/evergreenhud]: Finished generating option list for Direction (targetting=cc.polyfrost.oneconfig.config.elements.SubConfig)
[10:28:04] [Client thread/TRACE] [org.polyfrost.evergreenhud.hud.Direction/evergreenhud]: Finished generating option list for Direction (targetting=org.polyfrost.evergreenhud.config.HudConfig)
[10:28:04] [Client thread/TRACE] [org.polyfrost.evergreenhud.hud.Direction/evergreenhud]: Finished generating option list for Direction (targetting=org.polyfrost.evergreenhud.hud.Direction)
[10:28:04] [Client thread/TRACE] [org.polyfrost.evergreenhud.hud.Direction/evergreenhud]: Config for Direction initialized
[10:28:04] [Client thread/TRACE] [org.polyfrost.evergreenhud.hud.ECounter/evergreenhud]: Initializing config for E Counter...
[10:28:04] [Client thread/TRACE] [org.polyfrost.evergreenhud.hud.ECounter/evergreenhud]: Loading config for E Counter...
[10:28:04] [Client thread/TRACE] [org.polyfrost.evergreenhud.hud.ECounter/evergreenhud]: Loading from:
	OneConfig\profiles\Default Profile\evergreenhud\ecounter.json
	OneConfig\config\evergreenhud\ecounter.json
[10:28:04] [Client thread/TRACE] [org.polyfrost.evergreenhud.hud.ECounter/evergreenhud]: Should migrate: false
[10:28:04] [Client thread/TRACE] [org.polyfrost.evergreenhud.hud.ECounter/evergreenhud]: Generating option list for E Counter... (targetting=org.polyfrost.evergreenhud.hud.ECounter)
[10:28:04] [Client thread/TRACE] [org.polyfrost.evergreenhud.hud.ECounter/evergreenhud]: Generating option list for E Counter... (targetting=org.polyfrost.evergreenhud.config.HudConfig)
[10:28:04] [Client thread/TRACE] [org.polyfrost.evergreenhud.hud.ECounter/evergreenhud]: Generating option list for E Counter... (targetting=cc.polyfrost.oneconfig.config.elements.SubConfig)
[10:28:04] [Client thread/TRACE] [org.polyfrost.evergreenhud.hud.ECounter/evergreenhud]: Generating option list for E Counter... (targetting=cc.polyfrost.oneconfig.config.Config)
[10:28:04] [Client thread/TRACE] [org.polyfrost.evergreenhud.hud.ECounter/evergreenhud]: Finished generating option list for E Counter (targetting=cc.polyfrost.oneconfig.config.Config)
[10:28:04] [Client thread/TRACE] [org.polyfrost.evergreenhud.hud.ECounter/evergreenhud]: Finished generating option list for E Counter (targetting=cc.polyfrost.oneconfig.config.elements.SubConfig)
[10:28:04] [Client thread/TRACE] [org.polyfrost.evergreenhud.hud.ECounter/evergreenhud]: Finished generating option list for E Counter (targetting=org.polyfrost.evergreenhud.config.HudConfig)
[10:28:04] [Client thread/TRACE] [org.polyfrost.evergreenhud.hud.ECounter/evergreenhud]: Finished generating option list for E Counter (targetting=org.polyfrost.evergreenhud.hud.ECounter)
[10:28:04] [Client thread/TRACE] [org.polyfrost.evergreenhud.hud.ECounter/evergreenhud]: Config for E Counter initialized
[10:28:04] [Client thread/TRACE] [org.polyfrost.evergreenhud.hud.FPS/evergreenhud]: Initializing config for FPS...
[10:28:04] [Client thread/TRACE] [org.polyfrost.evergreenhud.hud.FPS/evergreenhud]: Loading config for FPS...
[10:28:04] [Client thread/TRACE] [org.polyfrost.evergreenhud.hud.FPS/evergreenhud]: Loading from:
	OneConfig\profiles\Default Profile\evergreenhud\fps.json
	OneConfig\config\evergreenhud\fps.json
[10:28:04] [Client thread/TRACE] [org.polyfrost.evergreenhud.hud.FPS/evergreenhud]: Should migrate: false
[10:28:04] [Client thread/TRACE] [org.polyfrost.evergreenhud.hud.FPS/evergreenhud]: Generating option list for FPS... (targetting=org.polyfrost.evergreenhud.hud.FPS)
[10:28:04] [Client thread/TRACE] [org.polyfrost.evergreenhud.hud.FPS/evergreenhud]: Generating option list for FPS... (targetting=org.polyfrost.evergreenhud.config.HudConfig)
[10:28:04] [Client thread/TRACE] [org.polyfrost.evergreenhud.hud.FPS/evergreenhud]: Generating option list for FPS... (targetting=cc.polyfrost.oneconfig.config.elements.SubConfig)
[10:28:04] [Client thread/TRACE] [org.polyfrost.evergreenhud.hud.FPS/evergreenhud]: Generating option list for FPS... (targetting=cc.polyfrost.oneconfig.config.Config)
[10:28:04] [Client thread/TRACE] [org.polyfrost.evergreenhud.hud.FPS/evergreenhud]: Finished generating option list for FPS (targetting=cc.polyfrost.oneconfig.config.Config)
[10:28:04] [Client thread/TRACE] [org.polyfrost.evergreenhud.hud.FPS/evergreenhud]: Finished generating option list for FPS (targetting=cc.polyfrost.oneconfig.config.elements.SubConfig)
[10:28:04] [Client thread/TRACE] [org.polyfrost.evergreenhud.hud.FPS/evergreenhud]: Finished generating option list for FPS (targetting=org.polyfrost.evergreenhud.config.HudConfig)
[10:28:04] [Client thread/TRACE] [org.polyfrost.evergreenhud.hud.FPS/evergreenhud]: Finished generating option list for FPS (targetting=org.polyfrost.evergreenhud.hud.FPS)
[10:28:04] [Client thread/TRACE] [org.polyfrost.evergreenhud.hud.FPS/evergreenhud]: Config for FPS initialized
[10:28:04] [Client thread/TRACE] [org.polyfrost.evergreenhud.hud.GameMode/evergreenhud]: Initializing config for Game Mode...
[10:28:04] [Client thread/TRACE] [org.polyfrost.evergreenhud.hud.GameMode/evergreenhud]: Loading config for Game Mode...
[10:28:04] [Client thread/TRACE] [org.polyfrost.evergreenhud.hud.GameMode/evergreenhud]: Loading from:
	OneConfig\profiles\Default Profile\evergreenhud\gamemode.json
	OneConfig\config\evergreenhud\gamemode.json
[10:28:04] [Client thread/TRACE] [org.polyfrost.evergreenhud.hud.GameMode/evergreenhud]: Should migrate: false
[10:28:04] [Client thread/TRACE] [org.polyfrost.evergreenhud.hud.GameMode/evergreenhud]: Generating option list for Game Mode... (targetting=org.polyfrost.evergreenhud.hud.GameMode)
[10:28:04] [Client thread/TRACE] [org.polyfrost.evergreenhud.hud.GameMode/evergreenhud]: Generating option list for Game Mode... (targetting=org.polyfrost.evergreenhud.config.HudConfig)
[10:28:04] [Client thread/TRACE] [org.polyfrost.evergreenhud.hud.GameMode/evergreenhud]: Generating option list for Game Mode... (targetting=cc.polyfrost.oneconfig.config.elements.SubConfig)
[10:28:04] [Client thread/TRACE] [org.polyfrost.evergreenhud.hud.GameMode/evergreenhud]: Generating option list for Game Mode... (targetting=cc.polyfrost.oneconfig.config.Config)
[10:28:04] [Client thread/TRACE] [org.polyfrost.evergreenhud.hud.GameMode/evergreenhud]: Finished generating option list for Game Mode (targetting=cc.polyfrost.oneconfig.config.Config)
[10:28:04] [Client thread/TRACE] [org.polyfrost.evergreenhud.hud.GameMode/evergreenhud]: Finished generating option list for Game Mode (targetting=cc.polyfrost.oneconfig.config.elements.SubConfig)
[10:28:04] [Client thread/TRACE] [org.polyfrost.evergreenhud.hud.GameMode/evergreenhud]: Finished generating option list for Game Mode (targetting=org.polyfrost.evergreenhud.config.HudConfig)
[10:28:04] [Client thread/TRACE] [org.polyfrost.evergreenhud.hud.GameMode/evergreenhud]: Finished generating option list for Game Mode (targetting=org.polyfrost.evergreenhud.hud.GameMode)
[10:28:04] [Client thread/TRACE] [org.polyfrost.evergreenhud.hud.GameMode/evergreenhud]: Config for Game Mode initialized
[10:28:04] [Client thread/TRACE] [org.polyfrost.evergreenhud.hud.GameType/evergreenhud]: Initializing config for Game Type...
[10:28:04] [Client thread/TRACE] [org.polyfrost.evergreenhud.hud.GameType/evergreenhud]: Loading config for Game Type...
[10:28:04] [Client thread/TRACE] [org.polyfrost.evergreenhud.hud.GameType/evergreenhud]: Loading from:
	OneConfig\profiles\Default Profile\evergreenhud\gametype.json
	OneConfig\config\evergreenhud\gametype.json
[10:28:04] [Client thread/TRACE] [org.polyfrost.evergreenhud.hud.GameType/evergreenhud]: Should migrate: false
[10:28:04] [Client thread/TRACE] [org.polyfrost.evergreenhud.hud.GameType/evergreenhud]: Generating option list for Game Type... (targetting=org.polyfrost.evergreenhud.hud.GameType)
[10:28:04] [Client thread/TRACE] [org.polyfrost.evergreenhud.hud.GameType/evergreenhud]: Generating option list for Game Type... (targetting=org.polyfrost.evergreenhud.config.HudConfig)
[10:28:04] [Client thread/TRACE] [org.polyfrost.evergreenhud.hud.GameType/evergreenhud]: Generating option list for Game Type... (targetting=cc.polyfrost.oneconfig.config.elements.SubConfig)
[10:28:04] [Client thread/TRACE] [org.polyfrost.evergreenhud.hud.GameType/evergreenhud]: Generating option list for Game Type... (targetting=cc.polyfrost.oneconfig.config.Config)
[10:28:04] [Client thread/TRACE] [org.polyfrost.evergreenhud.hud.GameType/evergreenhud]: Finished generating option list for Game Type (targetting=cc.polyfrost.oneconfig.config.Config)
[10:28:04] [Client thread/TRACE] [org.polyfrost.evergreenhud.hud.GameType/evergreenhud]: Finished generating option list for Game Type (targetting=cc.polyfrost.oneconfig.config.elements.SubConfig)
[10:28:04] [Client thread/TRACE] [org.polyfrost.evergreenhud.hud.GameType/evergreenhud]: Finished generating option list for Game Type (targetting=org.polyfrost.evergreenhud.config.HudConfig)
[10:28:04] [Client thread/TRACE] [org.polyfrost.evergreenhud.hud.GameType/evergreenhud]: Finished generating option list for Game Type (targetting=org.polyfrost.evergreenhud.hud.GameType)
[10:28:04] [Client thread/TRACE] [org.polyfrost.evergreenhud.hud.GameType/evergreenhud]: Config for Game Type initialized
[10:28:04] [Client thread/TRACE] [org.polyfrost.evergreenhud.hud.HeightLimit/evergreenhud]: Initializing config for Height Limit...
[10:28:04] [Client thread/TRACE] [org.polyfrost.evergreenhud.hud.HeightLimit/evergreenhud]: Loading config for Height Limit...
[10:28:04] [Client thread/TRACE] [org.polyfrost.evergreenhud.hud.HeightLimit/evergreenhud]: Loading from:
	OneConfig\profiles\Default Profile\evergreenhud\heightlimit.json
	OneConfig\config\evergreenhud\heightlimit.json
[10:28:04] [Client thread/TRACE] [org.polyfrost.evergreenhud.hud.HeightLimit/evergreenhud]: Should migrate: false
[10:28:04] [Client thread/TRACE] [org.polyfrost.evergreenhud.hud.HeightLimit/evergreenhud]: Generating option list for Height Limit... (targetting=org.polyfrost.evergreenhud.hud.HeightLimit)
[10:28:04] [Client thread/TRACE] [org.polyfrost.evergreenhud.hud.HeightLimit/evergreenhud]: Generating option list for Height Limit... (targetting=org.polyfrost.evergreenhud.config.HudConfig)
[10:28:04] [Client thread/TRACE] [org.polyfrost.evergreenhud.hud.HeightLimit/evergreenhud]: Generating option list for Height Limit... (targetting=cc.polyfrost.oneconfig.config.elements.SubConfig)
[10:28:04] [Client thread/TRACE] [org.polyfrost.evergreenhud.hud.HeightLimit/evergreenhud]: Generating option list for Height Limit... (targetting=cc.polyfrost.oneconfig.config.Config)
[10:28:04] [Client thread/TRACE] [org.polyfrost.evergreenhud.hud.HeightLimit/evergreenhud]: Finished generating option list for Height Limit (targetting=cc.polyfrost.oneconfig.config.Config)
[10:28:04] [Client thread/TRACE] [org.polyfrost.evergreenhud.hud.HeightLimit/evergreenhud]: Finished generating option list for Height Limit (targetting=cc.polyfrost.oneconfig.config.elements.SubConfig)
[10:28:04] [Client thread/TRACE] [org.polyfrost.evergreenhud.hud.HeightLimit/evergreenhud]: Finished generating option list for Height Limit (targetting=org.polyfrost.evergreenhud.config.HudConfig)
[10:28:04] [Client thread/TRACE] [org.polyfrost.evergreenhud.hud.HeightLimit/evergreenhud]: Finished generating option list for Height Limit (targetting=org.polyfrost.evergreenhud.hud.HeightLimit)
[10:28:04] [Client thread/TRACE] [org.polyfrost.evergreenhud.hud.HeightLimit/evergreenhud]: Config for Height Limit initialized
[10:28:04] [Client thread/TRACE] [org.polyfrost.evergreenhud.hud.HeldItemLore/evergreenhud]: Initializing config for Held Item Lore...
[10:28:04] [Client thread/TRACE] [org.polyfrost.evergreenhud.hud.HeldItemLore/evergreenhud]: Loading config for Held Item Lore...
[10:28:04] [Client thread/TRACE] [org.polyfrost.evergreenhud.hud.HeldItemLore/evergreenhud]: Loading from:
	OneConfig\profiles\Default Profile\evergreenhud\helditemlore.json
	OneConfig\config\evergreenhud\helditemlore.json
[10:28:04] [Client thread/TRACE] [org.polyfrost.evergreenhud.hud.HeldItemLore/evergreenhud]: Should migrate: false
[10:28:04] [Client thread/TRACE] [org.polyfrost.evergreenhud.hud.HeldItemLore/evergreenhud]: Generating option list for Held Item Lore... (targetting=org.polyfrost.evergreenhud.hud.HeldItemLore)
[10:28:04] [Client thread/TRACE] [org.polyfrost.evergreenhud.hud.HeldItemLore/evergreenhud]: Generating option list for Held Item Lore... (targetting=org.polyfrost.evergreenhud.config.HudConfig)
[10:28:04] [Client thread/TRACE] [org.polyfrost.evergreenhud.hud.HeldItemLore/evergreenhud]: Generating option list for Held Item Lore... (targetting=cc.polyfrost.oneconfig.config.elements.SubConfig)
[10:28:04] [Client thread/TRACE] [org.polyfrost.evergreenhud.hud.HeldItemLore/evergreenhud]: Generating option list for Held Item Lore... (targetting=cc.polyfrost.oneconfig.config.Config)
[10:28:04] [Client thread/TRACE] [org.polyfrost.evergreenhud.hud.HeldItemLore/evergreenhud]: Finished generating option list for Held Item Lore (targetting=cc.polyfrost.oneconfig.config.Config)
[10:28:04] [Client thread/TRACE] [org.polyfrost.evergreenhud.hud.HeldItemLore/evergreenhud]: Finished generating option list for Held Item Lore (targetting=cc.polyfrost.oneconfig.config.elements.SubConfig)
[10:28:04] [Client thread/TRACE] [org.polyfrost.evergreenhud.hud.HeldItemLore/evergreenhud]: Finished generating option list for Held Item Lore (targetting=org.polyfrost.evergreenhud.config.HudConfig)
[10:28:04] [Client thread/TRACE] [org.polyfrost.evergreenhud.hud.HeldItemLore/evergreenhud]: Finished generating option list for Held Item Lore (targetting=org.polyfrost.evergreenhud.hud.HeldItemLore)
[10:28:04] [Client thread/TRACE] [org.polyfrost.evergreenhud.hud.HeldItemLore/evergreenhud]: Config for Held Item Lore initialized
[10:28:04] [Client thread/TRACE] [org.polyfrost.evergreenhud.hud.InGameTime/evergreenhud]: Initializing config for In Game Time...
[10:28:04] [Client thread/TRACE] [org.polyfrost.evergreenhud.hud.InGameTime/evergreenhud]: Loading config for In Game Time...
[10:28:04] [Client thread/TRACE] [org.polyfrost.evergreenhud.hud.InGameTime/evergreenhud]: Loading from:
	OneConfig\profiles\Default Profile\evergreenhud\ingametime.json
	OneConfig\config\evergreenhud\ingametime.json
[10:28:04] [Client thread/TRACE] [org.polyfrost.evergreenhud.hud.InGameTime/evergreenhud]: Should migrate: false
[10:28:04] [Client thread/TRACE] [org.polyfrost.evergreenhud.hud.InGameTime/evergreenhud]: Generating option list for In Game Time... (targetting=org.polyfrost.evergreenhud.hud.InGameTime)
[10:28:04] [Client thread/TRACE] [org.polyfrost.evergreenhud.hud.InGameTime/evergreenhud]: Generating option list for In Game Time... (targetting=org.polyfrost.evergreenhud.config.HudConfig)
[10:28:04] [Client thread/TRACE] [org.polyfrost.evergreenhud.hud.InGameTime/evergreenhud]: Generating option list for In Game Time... (targetting=cc.polyfrost.oneconfig.config.elements.SubConfig)
[10:28:04] [Client thread/TRACE] [org.polyfrost.evergreenhud.hud.InGameTime/evergreenhud]: Generating option list for In Game Time... (targetting=cc.polyfrost.oneconfig.config.Config)
[10:28:04] [Client thread/TRACE] [org.polyfrost.evergreenhud.hud.InGameTime/evergreenhud]: Finished generating option list for In Game Time (targetting=cc.polyfrost.oneconfig.config.Config)
[10:28:04] [Client thread/TRACE] [org.polyfrost.evergreenhud.hud.InGameTime/evergreenhud]: Finished generating option list for In Game Time (targetting=cc.polyfrost.oneconfig.config.elements.SubConfig)
[10:28:04] [Client thread/TRACE] [org.polyfrost.evergreenhud.hud.InGameTime/evergreenhud]: Finished generating option list for In Game Time (targetting=org.polyfrost.evergreenhud.config.HudConfig)
[10:28:04] [Client thread/TRACE] [org.polyfrost.evergreenhud.hud.InGameTime/evergreenhud]: Finished generating option list for In Game Time (targetting=org.polyfrost.evergreenhud.hud.InGameTime)
[10:28:04] [Client thread/TRACE] [org.polyfrost.evergreenhud.hud.InGameTime/evergreenhud]: Config for In Game Time initialized
[10:28:04] [Client thread/TRACE] [org.polyfrost.evergreenhud.hud.Inventory/evergreenhud]: Initializing config for Inventory...
[10:28:04] [Client thread/TRACE] [org.polyfrost.evergreenhud.hud.Inventory/evergreenhud]: Loading config for Inventory...
[10:28:04] [Client thread/TRACE] [org.polyfrost.evergreenhud.hud.Inventory/evergreenhud]: Loading from:
	OneConfig\profiles\Default Profile\evergreenhud\inventory.json
	OneConfig\config\evergreenhud\inventory.json
[10:28:04] [Client thread/TRACE] [org.polyfrost.evergreenhud.hud.Inventory/evergreenhud]: Should migrate: false
[10:28:04] [Client thread/TRACE] [org.polyfrost.evergreenhud.hud.Inventory/evergreenhud]: Generating option list for Inventory... (targetting=org.polyfrost.evergreenhud.hud.Inventory)
[10:28:04] [Client thread/TRACE] [org.polyfrost.evergreenhud.hud.Inventory/evergreenhud]: Generating option list for Inventory... (targetting=org.polyfrost.evergreenhud.config.HudConfig)
[10:28:04] [Client thread/TRACE] [org.polyfrost.evergreenhud.hud.Inventory/evergreenhud]: Generating option list for Inventory... (targetting=cc.polyfrost.oneconfig.config.elements.SubConfig)
[10:28:04] [Client thread/TRACE] [org.polyfrost.evergreenhud.hud.Inventory/evergreenhud]: Generating option list for Inventory... (targetting=cc.polyfrost.oneconfig.config.Config)
[10:28:04] [Client thread/TRACE] [org.polyfrost.evergreenhud.hud.Inventory/evergreenhud]: Finished generating option list for Inventory (targetting=cc.polyfrost.oneconfig.config.Config)
[10:28:04] [Client thread/TRACE] [org.polyfrost.evergreenhud.hud.Inventory/evergreenhud]: Finished generating option list for Inventory (targetting=cc.polyfrost.oneconfig.config.elements.SubConfig)
[10:28:04] [Client thread/TRACE] [org.polyfrost.evergreenhud.hud.Inventory/evergreenhud]: Finished generating option list for Inventory (targetting=org.polyfrost.evergreenhud.config.HudConfig)
[10:28:04] [Client thread/TRACE] [org.polyfrost.evergreenhud.hud.Inventory/evergreenhud]: Finished generating option list for Inventory (targetting=org.polyfrost.evergreenhud.hud.Inventory)
[10:28:04] [Client thread/TRACE] [org.polyfrost.evergreenhud.hud.Inventory/evergreenhud]: Config for Inventory initialized
[10:28:04] [Client thread/TRACE] [org.polyfrost.evergreenhud.hud.Map/evergreenhud]: Initializing config for Map...
[10:28:04] [Client thread/TRACE] [org.polyfrost.evergreenhud.hud.Map/evergreenhud]: Loading config for Map...
[10:28:04] [Client thread/TRACE] [org.polyfrost.evergreenhud.hud.Map/evergreenhud]: Loading from:
	OneConfig\profiles\Default Profile\evergreenhud\map.json
	OneConfig\config\evergreenhud\map.json
[10:28:04] [Client thread/TRACE] [org.polyfrost.evergreenhud.hud.Map/evergreenhud]: Should migrate: false
[10:28:04] [Client thread/TRACE] [org.polyfrost.evergreenhud.hud.Map/evergreenhud]: Generating option list for Map... (targetting=org.polyfrost.evergreenhud.hud.Map)
[10:28:04] [Client thread/TRACE] [org.polyfrost.evergreenhud.hud.Map/evergreenhud]: Generating option list for Map... (targetting=org.polyfrost.evergreenhud.config.HudConfig)
[10:28:04] [Client thread/TRACE] [org.polyfrost.evergreenhud.hud.Map/evergreenhud]: Generating option list for Map... (targetting=cc.polyfrost.oneconfig.config.elements.SubConfig)
[10:28:04] [Client thread/TRACE] [org.polyfrost.evergreenhud.hud.Map/evergreenhud]: Generating option list for Map... (targetting=cc.polyfrost.oneconfig.config.Config)
[10:28:04] [Client thread/TRACE] [org.polyfrost.evergreenhud.hud.Map/evergreenhud]: Finished generating option list for Map (targetting=cc.polyfrost.oneconfig.config.Config)
[10:28:04] [Client thread/TRACE] [org.polyfrost.evergreenhud.hud.Map/evergreenhud]: Finished generating option list for Map (targetting=cc.polyfrost.oneconfig.config.elements.SubConfig)
[10:28:04] [Client thread/TRACE] [org.polyfrost.evergreenhud.hud.Map/evergreenhud]: Finished generating option list for Map (targetting=org.polyfrost.evergreenhud.config.HudConfig)
[10:28:04] [Client thread/TRACE] [org.polyfrost.evergreenhud.hud.Map/evergreenhud]: Finished generating option list for Map (targetting=org.polyfrost.evergreenhud.hud.Map)
[10:28:04] [Client thread/TRACE] [org.polyfrost.evergreenhud.hud.Map/evergreenhud]: Config for Map initialized
[10:28:04] [Client thread/TRACE] [org.polyfrost.evergreenhud.hud.MapType/evergreenhud]: Initializing config for Map Type...
[10:28:04] [Client thread/TRACE] [org.polyfrost.evergreenhud.hud.MapType/evergreenhud]: Loading config for Map Type...
[10:28:04] [Client thread/TRACE] [org.polyfrost.evergreenhud.hud.MapType/evergreenhud]: Loading from:
	OneConfig\profiles\Default Profile\evergreenhud\maptype.json
	OneConfig\config\evergreenhud\maptype.json
[10:28:04] [Client thread/TRACE] [org.polyfrost.evergreenhud.hud.MapType/evergreenhud]: Should migrate: false
[10:28:04] [Client thread/TRACE] [org.polyfrost.evergreenhud.hud.MapType/evergreenhud]: Generating option list for Map Type... (targetting=org.polyfrost.evergreenhud.hud.MapType)
[10:28:04] [Client thread/TRACE] [org.polyfrost.evergreenhud.hud.MapType/evergreenhud]: Generating option list for Map Type... (targetting=org.polyfrost.evergreenhud.config.HudConfig)
[10:28:04] [Client thread/TRACE] [org.polyfrost.evergreenhud.hud.MapType/evergreenhud]: Generating option list for Map Type... (targetting=cc.polyfrost.oneconfig.config.elements.SubConfig)
[10:28:04] [Client thread/TRACE] [org.polyfrost.evergreenhud.hud.MapType/evergreenhud]: Generating option list for Map Type... (targetting=cc.polyfrost.oneconfig.config.Config)
[10:28:04] [Client thread/TRACE] [org.polyfrost.evergreenhud.hud.MapType/evergreenhud]: Finished generating option list for Map Type (targetting=cc.polyfrost.oneconfig.config.Config)
[10:28:04] [Client thread/TRACE] [org.polyfrost.evergreenhud.hud.MapType/evergreenhud]: Finished generating option list for Map Type (targetting=cc.polyfrost.oneconfig.config.elements.SubConfig)
[10:28:04] [Client thread/TRACE] [org.polyfrost.evergreenhud.hud.MapType/evergreenhud]: Finished generating option list for Map Type (targetting=org.polyfrost.evergreenhud.config.HudConfig)
[10:28:04] [Client thread/TRACE] [org.polyfrost.evergreenhud.hud.MapType/evergreenhud]: Finished generating option list for Map Type (targetting=org.polyfrost.evergreenhud.hud.MapType)
[10:28:04] [Client thread/TRACE] [org.polyfrost.evergreenhud.hud.MapType/evergreenhud]: Config for Map Type initialized
[10:28:04] [Client thread/TRACE] [org.polyfrost.evergreenhud.hud.Memory/evergreenhud]: Initializing config for Memory...
[10:28:04] [Client thread/TRACE] [org.polyfrost.evergreenhud.hud.Memory/evergreenhud]: Loading config for Memory...
[10:28:04] [Client thread/TRACE] [org.polyfrost.evergreenhud.hud.Memory/evergreenhud]: Loading from:
	OneConfig\profiles\Default Profile\evergreenhud\memory.json
	OneConfig\config\evergreenhud\memory.json
[10:28:04] [Client thread/TRACE] [org.polyfrost.evergreenhud.hud.Memory/evergreenhud]: Should migrate: false
[10:28:04] [Client thread/TRACE] [org.polyfrost.evergreenhud.hud.Memory/evergreenhud]: Generating option list for Memory... (targetting=org.polyfrost.evergreenhud.hud.Memory)
[10:28:04] [Client thread/TRACE] [org.polyfrost.evergreenhud.hud.Memory/evergreenhud]: Generating option list for Memory... (targetting=org.polyfrost.evergreenhud.config.HudConfig)
[10:28:04] [Client thread/TRACE] [org.polyfrost.evergreenhud.hud.Memory/evergreenhud]: Generating option list for Memory... (targetting=cc.polyfrost.oneconfig.config.elements.SubConfig)
[10:28:04] [Client thread/TRACE] [org.polyfrost.evergreenhud.hud.Memory/evergreenhud]: Generating option list for Memory... (targetting=cc.polyfrost.oneconfig.config.Config)
[10:28:04] [Client thread/TRACE] [org.polyfrost.evergreenhud.hud.Memory/evergreenhud]: Finished generating option list for Memory (targetting=cc.polyfrost.oneconfig.config.Config)
[10:28:04] [Client thread/TRACE] [org.polyfrost.evergreenhud.hud.Memory/evergreenhud]: Finished generating option list for Memory (targetting=cc.polyfrost.oneconfig.config.elements.SubConfig)
[10:28:04] [Client thread/TRACE] [org.polyfrost.evergreenhud.hud.Memory/evergreenhud]: Finished generating option list for Memory (targetting=org.polyfrost.evergreenhud.config.HudConfig)
[10:28:04] [Client thread/TRACE] [org.polyfrost.evergreenhud.hud.Memory/evergreenhud]: Finished generating option list for Memory (targetting=org.polyfrost.evergreenhud.hud.Memory)
[10:28:04] [Client thread/TRACE] [org.polyfrost.evergreenhud.hud.Memory/evergreenhud]: Config for Memory initialized
[10:28:04] [Client thread/TRACE] [org.polyfrost.evergreenhud.hud.Pitch/evergreenhud]: Initializing config for Pitch...
[10:28:04] [Client thread/TRACE] [org.polyfrost.evergreenhud.hud.Pitch/evergreenhud]: Loading config for Pitch...
[10:28:04] [Client thread/TRACE] [org.polyfrost.evergreenhud.hud.Pitch/evergreenhud]: Loading from:
	OneConfig\profiles\Default Profile\evergreenhud\pitch.json
	OneConfig\config\evergreenhud\pitch.json
[10:28:04] [Client thread/TRACE] [org.polyfrost.evergreenhud.hud.Pitch/evergreenhud]: Should migrate: false
[10:28:04] [Client thread/TRACE] [org.polyfrost.evergreenhud.hud.Pitch/evergreenhud]: Generating option list for Pitch... (targetting=org.polyfrost.evergreenhud.hud.Pitch)
[10:28:04] [Client thread/TRACE] [org.polyfrost.evergreenhud.hud.Pitch/evergreenhud]: Generating option list for Pitch... (targetting=org.polyfrost.evergreenhud.config.HudConfig)
[10:28:04] [Client thread/TRACE] [org.polyfrost.evergreenhud.hud.Pitch/evergreenhud]: Generating option list for Pitch... (targetting=cc.polyfrost.oneconfig.config.elements.SubConfig)
[10:28:04] [Client thread/TRACE] [org.polyfrost.evergreenhud.hud.Pitch/evergreenhud]: Generating option list for Pitch... (targetting=cc.polyfrost.oneconfig.config.Config)
[10:28:04] [Client thread/TRACE] [org.polyfrost.evergreenhud.hud.Pitch/evergreenhud]: Finished generating option list for Pitch (targetting=cc.polyfrost.oneconfig.config.Config)
[10:28:04] [Client thread/TRACE] [org.polyfrost.evergreenhud.hud.Pitch/evergreenhud]: Finished generating option list for Pitch (targetting=cc.polyfrost.oneconfig.config.elements.SubConfig)
[10:28:04] [Client thread/TRACE] [org.polyfrost.evergreenhud.hud.Pitch/evergreenhud]: Finished generating option list for Pitch (targetting=org.polyfrost.evergreenhud.config.HudConfig)
[10:28:04] [Client thread/TRACE] [org.polyfrost.evergreenhud.hud.Pitch/evergreenhud]: Finished generating option list for Pitch (targetting=org.polyfrost.evergreenhud.hud.Pitch)
[10:28:04] [Client thread/TRACE] [org.polyfrost.evergreenhud.hud.Pitch/evergreenhud]: Config for Pitch initialized
[10:28:04] [Client thread/TRACE] [org.polyfrost.evergreenhud.hud.PlaceCount/evergreenhud]: Initializing config for Block Place Count...
[10:28:04] [Client thread/TRACE] [org.polyfrost.evergreenhud.hud.PlaceCount/evergreenhud]: Loading config for Block Place Count...
[10:28:04] [Client thread/TRACE] [org.polyfrost.evergreenhud.hud.PlaceCount/evergreenhud]: Loading from:
	OneConfig\profiles\Default Profile\evergreenhud\placecount.json
	OneConfig\config\evergreenhud\placecount.json
[10:28:04] [Client thread/TRACE] [org.polyfrost.evergreenhud.hud.PlaceCount/evergreenhud]: Should migrate: false
[10:28:04] [Client thread/TRACE] [org.polyfrost.evergreenhud.hud.PlaceCount/evergreenhud]: Generating option list for Block Place Count... (targetting=org.polyfrost.evergreenhud.hud.PlaceCount)
[10:28:04] [Client thread/TRACE] [org.polyfrost.evergreenhud.hud.PlaceCount/evergreenhud]: Generating option list for Block Place Count... (targetting=org.polyfrost.evergreenhud.config.HudConfig)
[10:28:04] [Client thread/TRACE] [org.polyfrost.evergreenhud.hud.PlaceCount/evergreenhud]: Generating option list for Block Place Count... (targetting=cc.polyfrost.oneconfig.config.elements.SubConfig)
[10:28:04] [Client thread/TRACE] [org.polyfrost.evergreenhud.hud.PlaceCount/evergreenhud]: Generating option list for Block Place Count... (targetting=cc.polyfrost.oneconfig.config.Config)
[10:28:04] [Client thread/TRACE] [org.polyfrost.evergreenhud.hud.PlaceCount/evergreenhud]: Finished generating option list for Block Place Count (targetting=cc.polyfrost.oneconfig.config.Config)
[10:28:04] [Client thread/TRACE] [org.polyfrost.evergreenhud.hud.PlaceCount/evergreenhud]: Finished generating option list for Block Place Count (targetting=cc.polyfrost.oneconfig.config.elements.SubConfig)
[10:28:04] [Client thread/TRACE] [org.polyfrost.evergreenhud.hud.PlaceCount/evergreenhud]: Finished generating option list for Block Place Count (targetting=org.polyfrost.evergreenhud.config.HudConfig)
[10:28:04] [Client thread/TRACE] [org.polyfrost.evergreenhud.hud.PlaceCount/evergreenhud]: Finished generating option list for Block Place Count (targetting=org.polyfrost.evergreenhud.hud.PlaceCount)
[10:28:04] [Client thread/TRACE] [org.polyfrost.evergreenhud.hud.PlaceCount/evergreenhud]: Config for Block Place Count initialized
[10:28:04] [Client thread/TRACE] [org.polyfrost.evergreenhud.hud.PlayerPreview/evergreenhud]: Initializing config for Player Preview...
[10:28:04] [Client thread/TRACE] [org.polyfrost.evergreenhud.hud.PlayerPreview/evergreenhud]: Loading config for Player Preview...
[10:28:04] [Client thread/TRACE] [org.polyfrost.evergreenhud.hud.PlayerPreview/evergreenhud]: Loading from:
	OneConfig\profiles\Default Profile\evergreenhud\playerpreview.json
	OneConfig\config\evergreenhud\playerpreview.json
[10:28:04] [Client thread/TRACE] [org.polyfrost.evergreenhud.hud.PlayerPreview/evergreenhud]: Should migrate: false
[10:28:04] [Client thread/TRACE] [org.polyfrost.evergreenhud.hud.PlayerPreview/evergreenhud]: Generating option list for Player Preview... (targetting=org.polyfrost.evergreenhud.hud.PlayerPreview)
[10:28:04] [Client thread/TRACE] [org.polyfrost.evergreenhud.hud.PlayerPreview/evergreenhud]: Generating option list for Player Preview... (targetting=org.polyfrost.evergreenhud.config.HudConfig)
[10:28:04] [Client thread/TRACE] [org.polyfrost.evergreenhud.hud.PlayerPreview/evergreenhud]: Generating option list for Player Preview... (targetting=cc.polyfrost.oneconfig.config.elements.SubConfig)
[10:28:04] [Client thread/TRACE] [org.polyfrost.evergreenhud.hud.PlayerPreview/evergreenhud]: Generating option list for Player Preview... (targetting=cc.polyfrost.oneconfig.config.Config)
[10:28:04] [Client thread/TRACE] [org.polyfrost.evergreenhud.hud.PlayerPreview/evergreenhud]: Finished generating option list for Player Preview (targetting=cc.polyfrost.oneconfig.config.Config)
[10:28:04] [Client thread/TRACE] [org.polyfrost.evergreenhud.hud.PlayerPreview/evergreenhud]: Finished generating option list for Player Preview (targetting=cc.polyfrost.oneconfig.config.elements.SubConfig)
[10:28:04] [Client thread/TRACE] [org.polyfrost.evergreenhud.hud.PlayerPreview/evergreenhud]: Finished generating option list for Player Preview (targetting=org.polyfrost.evergreenhud.config.HudConfig)
[10:28:04] [Client thread/TRACE] [org.polyfrost.evergreenhud.hud.PlayerPreview/evergreenhud]: Finished generating option list for Player Preview (targetting=org.polyfrost.evergreenhud.hud.PlayerPreview)
[10:28:04] [Client thread/TRACE] [org.polyfrost.evergreenhud.hud.PlayerPreview/evergreenhud]: Config for Player Preview initialized
[10:28:04] [Client thread/TRACE] [org.polyfrost.evergreenhud.hud.Playtime/evergreenhud]: Initializing config for Playtime...
[10:28:04] [Client thread/TRACE] [org.polyfrost.evergreenhud.hud.Playtime/evergreenhud]: Loading config for Playtime...
[10:28:04] [Client thread/TRACE] [org.polyfrost.evergreenhud.hud.Playtime/evergreenhud]: Loading from:
	OneConfig\profiles\Default Profile\evergreenhud\playtime.json
	OneConfig\config\evergreenhud\playtime.json
[10:28:04] [Client thread/TRACE] [org.polyfrost.evergreenhud.hud.Playtime/evergreenhud]: Should migrate: false
[10:28:04] [Client thread/TRACE] [org.polyfrost.evergreenhud.hud.Playtime/evergreenhud]: Generating option list for Playtime... (targetting=org.polyfrost.evergreenhud.hud.Playtime)
[10:28:04] [Client thread/TRACE] [org.polyfrost.evergreenhud.hud.Playtime/evergreenhud]: Generating option list for Playtime... (targetting=org.polyfrost.evergreenhud.config.HudConfig)
[10:28:04] [Client thread/TRACE] [org.polyfrost.evergreenhud.hud.Playtime/evergreenhud]: Generating option list for Playtime... (targetting=cc.polyfrost.oneconfig.config.elements.SubConfig)
[10:28:04] [Client thread/TRACE] [org.polyfrost.evergreenhud.hud.Playtime/evergreenhud]: Generating option list for Playtime... (targetting=cc.polyfrost.oneconfig.config.Config)
[10:28:04] [Client thread/TRACE] [org.polyfrost.evergreenhud.hud.Playtime/evergreenhud]: Finished generating option list for Playtime (targetting=cc.polyfrost.oneconfig.config.Config)
[10:28:04] [Client thread/TRACE] [org.polyfrost.evergreenhud.hud.Playtime/evergreenhud]: Finished generating option list for Playtime (targetting=cc.polyfrost.oneconfig.config.elements.SubConfig)
[10:28:04] [Client thread/TRACE] [org.polyfrost.evergreenhud.hud.Playtime/evergreenhud]: Finished generating option list for Playtime (targetting=org.polyfrost.evergreenhud.config.HudConfig)
[10:28:04] [Client thread/TRACE] [org.polyfrost.evergreenhud.hud.Playtime/evergreenhud]: Finished generating option list for Playtime (targetting=org.polyfrost.evergreenhud.hud.Playtime)
[10:28:04] [Client thread/TRACE] [org.polyfrost.evergreenhud.hud.Playtime/evergreenhud]: Config for Playtime initialized
[10:28:04] [Client thread/TRACE] [org.polyfrost.evergreenhud.hud.Reach/evergreenhud]: Initializing config for Reach...
[10:28:04] [Client thread/TRACE] [org.polyfrost.evergreenhud.hud.Reach/evergreenhud]: Loading config for Reach...
[10:28:04] [Client thread/TRACE] [org.polyfrost.evergreenhud.hud.Reach/evergreenhud]: Loading from:
	OneConfig\profiles\Default Profile\evergreenhud\reach.json
	OneConfig\config\evergreenhud\reach.json
[10:28:04] [Client thread/TRACE] [org.polyfrost.evergreenhud.hud.Reach/evergreenhud]: Should migrate: false
[10:28:04] [Client thread/TRACE] [org.polyfrost.evergreenhud.hud.Reach/evergreenhud]: Generating option list for Reach... (targetting=org.polyfrost.evergreenhud.hud.Reach)
[10:28:04] [Client thread/TRACE] [org.polyfrost.evergreenhud.hud.Reach/evergreenhud]: Generating option list for Reach... (targetting=org.polyfrost.evergreenhud.config.HudConfig)
[10:28:04] [Client thread/TRACE] [org.polyfrost.evergreenhud.hud.Reach/evergreenhud]: Generating option list for Reach... (targetting=cc.polyfrost.oneconfig.config.elements.SubConfig)
[10:28:04] [Client thread/TRACE] [org.polyfrost.evergreenhud.hud.Reach/evergreenhud]: Generating option list for Reach... (targetting=cc.polyfrost.oneconfig.config.Config)
[10:28:04] [Client thread/TRACE] [org.polyfrost.evergreenhud.hud.Reach/evergreenhud]: Finished generating option list for Reach (targetting=cc.polyfrost.oneconfig.config.Config)
[10:28:04] [Client thread/TRACE] [org.polyfrost.evergreenhud.hud.Reach/evergreenhud]: Finished generating option list for Reach (targetting=cc.polyfrost.oneconfig.config.elements.SubConfig)
[10:28:04] [Client thread/TRACE] [org.polyfrost.evergreenhud.hud.Reach/evergreenhud]: Finished generating option list for Reach (targetting=org.polyfrost.evergreenhud.config.HudConfig)
[10:28:04] [Client thread/TRACE] [org.polyfrost.evergreenhud.hud.Reach/evergreenhud]: Finished generating option list for Reach (targetting=org.polyfrost.evergreenhud.hud.Reach)
[10:28:04] [Client thread/TRACE] [org.polyfrost.evergreenhud.hud.Reach/evergreenhud]: Config for Reach initialized
[10:28:04] [Client thread/TRACE] [org.polyfrost.evergreenhud.hud.RealLifeDate/evergreenhud]: Initializing config for IRL Date...
[10:28:04] [Client thread/TRACE] [org.polyfrost.evergreenhud.hud.RealLifeDate/evergreenhud]: Loading config for IRL Date...
[10:28:04] [Client thread/TRACE] [org.polyfrost.evergreenhud.hud.RealLifeDate/evergreenhud]: Loading from:
	OneConfig\profiles\Default Profile\evergreenhud\irldate.json
	OneConfig\config\evergreenhud\irldate.json
[10:28:04] [Client thread/TRACE] [org.polyfrost.evergreenhud.hud.RealLifeDate/evergreenhud]: Should migrate: false
[10:28:04] [Client thread/TRACE] [org.polyfrost.evergreenhud.hud.RealLifeDate/evergreenhud]: Generating option list for IRL Date... (targetting=org.polyfrost.evergreenhud.hud.RealLifeDate)
[10:28:04] [Client thread/TRACE] [org.polyfrost.evergreenhud.hud.RealLifeDate/evergreenhud]: Generating option list for IRL Date... (targetting=org.polyfrost.evergreenhud.config.HudConfig)
[10:28:04] [Client thread/TRACE] [org.polyfrost.evergreenhud.hud.RealLifeDate/evergreenhud]: Generating option list for IRL Date... (targetting=cc.polyfrost.oneconfig.config.elements.SubConfig)
[10:28:04] [Client thread/TRACE] [org.polyfrost.evergreenhud.hud.RealLifeDate/evergreenhud]: Generating option list for IRL Date... (targetting=cc.polyfrost.oneconfig.config.Config)
[10:28:04] [Client thread/TRACE] [org.polyfrost.evergreenhud.hud.RealLifeDate/evergreenhud]: Finished generating option list for IRL Date (targetting=cc.polyfrost.oneconfig.config.Config)
[10:28:04] [Client thread/TRACE] [org.polyfrost.evergreenhud.hud.RealLifeDate/evergreenhud]: Finished generating option list for IRL Date (targetting=cc.polyfrost.oneconfig.config.elements.SubConfig)
[10:28:04] [Client thread/TRACE] [org.polyfrost.evergreenhud.hud.RealLifeDate/evergreenhud]: Finished generating option list for IRL Date (targetting=org.polyfrost.evergreenhud.config.HudConfig)
[10:28:04] [Client thread/TRACE] [org.polyfrost.evergreenhud.hud.RealLifeDate/evergreenhud]: Finished generating option list for IRL Date (targetting=org.polyfrost.evergreenhud.hud.RealLifeDate)
[10:28:04] [Client thread/TRACE] [org.polyfrost.evergreenhud.hud.RealLifeDate/evergreenhud]: Config for IRL Date initialized
[10:28:04] [Client thread/TRACE] [org.polyfrost.evergreenhud.hud.RealLifeTime/evergreenhud]: Initializing config for IRL Time...
[10:28:04] [Client thread/TRACE] [org.polyfrost.evergreenhud.hud.RealLifeTime/evergreenhud]: Loading config for IRL Time...
[10:28:04] [Client thread/TRACE] [org.polyfrost.evergreenhud.hud.RealLifeTime/evergreenhud]: Loading from:
	OneConfig\profiles\Default Profile\evergreenhud\irltime.json
	OneConfig\config\evergreenhud\irltime.json
[10:28:04] [Client thread/TRACE] [org.polyfrost.evergreenhud.hud.RealLifeTime/evergreenhud]: Should migrate: false
[10:28:04] [Client thread/TRACE] [org.polyfrost.evergreenhud.hud.RealLifeTime/evergreenhud]: Generating option list for IRL Time... (targetting=org.polyfrost.evergreenhud.hud.RealLifeTime)
[10:28:04] [Client thread/TRACE] [org.polyfrost.evergreenhud.hud.RealLifeTime/evergreenhud]: Generating option list for IRL Time... (targetting=org.polyfrost.evergreenhud.config.HudConfig)
[10:28:04] [Client thread/TRACE] [org.polyfrost.evergreenhud.hud.RealLifeTime/evergreenhud]: Generating option list for IRL Time... (targetting=cc.polyfrost.oneconfig.config.elements.SubConfig)
[10:28:04] [Client thread/TRACE] [org.polyfrost.evergreenhud.hud.RealLifeTime/evergreenhud]: Generating option list for IRL Time... (targetting=cc.polyfrost.oneconfig.config.Config)
[10:28:04] [Client thread/TRACE] [org.polyfrost.evergreenhud.hud.RealLifeTime/evergreenhud]: Finished generating option list for IRL Time (targetting=cc.polyfrost.oneconfig.config.Config)
[10:28:04] [Client thread/TRACE] [org.polyfrost.evergreenhud.hud.RealLifeTime/evergreenhud]: Finished generating option list for IRL Time (targetting=cc.polyfrost.oneconfig.config.elements.SubConfig)
[10:28:04] [Client thread/TRACE] [org.polyfrost.evergreenhud.hud.RealLifeTime/evergreenhud]: Finished generating option list for IRL Time (targetting=org.polyfrost.evergreenhud.config.HudConfig)
[10:28:04] [Client thread/TRACE] [org.polyfrost.evergreenhud.hud.RealLifeTime/evergreenhud]: Finished generating option list for IRL Time (targetting=org.polyfrost.evergreenhud.hud.RealLifeTime)
[10:28:04] [Client thread/TRACE] [org.polyfrost.evergreenhud.hud.RealLifeTime/evergreenhud]: Config for IRL Time initialized
[10:28:04] [Client thread/TRACE] [org.polyfrost.evergreenhud.hud.ResourcePack/evergreenhud]: Initializing config for Resource Pack...
[10:28:04] [Client thread/TRACE] [org.polyfrost.evergreenhud.hud.ResourcePack/evergreenhud]: Loading config for Resource Pack...
[10:28:04] [Client thread/TRACE] [org.polyfrost.evergreenhud.hud.ResourcePack/evergreenhud]: Loading from:
	OneConfig\profiles\Default Profile\evergreenhud\resourcepack.json
	OneConfig\config\evergreenhud\resourcepack.json
[10:28:04] [Client thread/TRACE] [org.polyfrost.evergreenhud.hud.ResourcePack/evergreenhud]: Should migrate: false
[10:28:04] [Client thread/TRACE] [org.polyfrost.evergreenhud.hud.ResourcePack/evergreenhud]: Generating option list for Resource Pack... (targetting=org.polyfrost.evergreenhud.hud.ResourcePack)
[10:28:04] [Client thread/TRACE] [org.polyfrost.evergreenhud.hud.ResourcePack/evergreenhud]: Generating option list for Resource Pack... (targetting=org.polyfrost.evergreenhud.config.HudConfig)
[10:28:04] [Client thread/TRACE] [org.polyfrost.evergreenhud.hud.ResourcePack/evergreenhud]: Generating option list for Resource Pack... (targetting=cc.polyfrost.oneconfig.config.elements.SubConfig)
[10:28:04] [Client thread/TRACE] [org.polyfrost.evergreenhud.hud.ResourcePack/evergreenhud]: Generating option list for Resource Pack... (targetting=cc.polyfrost.oneconfig.config.Config)
[10:28:04] [Client thread/TRACE] [org.polyfrost.evergreenhud.hud.ResourcePack/evergreenhud]: Finished generating option list for Resource Pack (targetting=cc.polyfrost.oneconfig.config.Config)
[10:28:04] [Client thread/TRACE] [org.polyfrost.evergreenhud.hud.ResourcePack/evergreenhud]: Finished generating option list for Resource Pack (targetting=cc.polyfrost.oneconfig.config.elements.SubConfig)
[10:28:04] [Client thread/TRACE] [org.polyfrost.evergreenhud.hud.ResourcePack/evergreenhud]: Finished generating option list for Resource Pack (targetting=org.polyfrost.evergreenhud.config.HudConfig)
[10:28:04] [Client thread/TRACE] [org.polyfrost.evergreenhud.hud.ResourcePack/evergreenhud]: Finished generating option list for Resource Pack (targetting=org.polyfrost.evergreenhud.hud.ResourcePack)
[10:28:04] [Client thread/TRACE] [org.polyfrost.evergreenhud.hud.ResourcePack/evergreenhud]: Config for Resource Pack initialized
[10:28:04] [Client thread/TRACE] [org.polyfrost.evergreenhud.hud.Saturation/evergreenhud]: Initializing config for Saturation...
[10:28:04] [Client thread/TRACE] [org.polyfrost.evergreenhud.hud.Saturation/evergreenhud]: Loading config for Saturation...
[10:28:04] [Client thread/TRACE] [org.polyfrost.evergreenhud.hud.Saturation/evergreenhud]: Loading from:
	OneConfig\profiles\Default Profile\evergreenhud\saturation.json
	OneConfig\config\evergreenhud\saturation.json
[10:28:04] [Client thread/TRACE] [org.polyfrost.evergreenhud.hud.Saturation/evergreenhud]: Should migrate: false
[10:28:04] [Client thread/TRACE] [org.polyfrost.evergreenhud.hud.Saturation/evergreenhud]: Generating option list for Saturation... (targetting=org.polyfrost.evergreenhud.hud.Saturation)
[10:28:04] [Client thread/TRACE] [org.polyfrost.evergreenhud.hud.Saturation/evergreenhud]: Generating option list for Saturation... (targetting=org.polyfrost.evergreenhud.config.HudConfig)
[10:28:04] [Client thread/TRACE] [org.polyfrost.evergreenhud.hud.Saturation/evergreenhud]: Generating option list for Saturation... (targetting=cc.polyfrost.oneconfig.config.elements.SubConfig)
[10:28:04] [Client thread/TRACE] [org.polyfrost.evergreenhud.hud.Saturation/evergreenhud]: Generating option list for Saturation... (targetting=cc.polyfrost.oneconfig.config.Config)
[10:28:04] [Client thread/TRACE] [org.polyfrost.evergreenhud.hud.Saturation/evergreenhud]: Finished generating option list for Saturation (targetting=cc.polyfrost.oneconfig.config.Config)
[10:28:04] [Client thread/TRACE] [org.polyfrost.evergreenhud.hud.Saturation/evergreenhud]: Finished generating option list for Saturation (targetting=cc.polyfrost.oneconfig.config.elements.SubConfig)
[10:28:04] [Client thread/TRACE] [org.polyfrost.evergreenhud.hud.Saturation/evergreenhud]: Finished generating option list for Saturation (targetting=org.polyfrost.evergreenhud.config.HudConfig)
[10:28:04] [Client thread/TRACE] [org.polyfrost.evergreenhud.hud.Saturation/evergreenhud]: Finished generating option list for Saturation (targetting=org.polyfrost.evergreenhud.hud.Saturation)
[10:28:04] [Client thread/TRACE] [org.polyfrost.evergreenhud.hud.Saturation/evergreenhud]: Config for Saturation initialized
[10:28:04] [Client thread/TRACE] [org.polyfrost.evergreenhud.hud.ServerIP/evergreenhud]: Initializing config for Server IP...
[10:28:04] [Client thread/TRACE] [org.polyfrost.evergreenhud.hud.ServerIP/evergreenhud]: Loading config for Server IP...
[10:28:04] [Client thread/TRACE] [org.polyfrost.evergreenhud.hud.ServerIP/evergreenhud]: Loading from:
	OneConfig\profiles\Default Profile\evergreenhud\serverip.json
	OneConfig\config\evergreenhud\serverip.json
[10:28:04] [Client thread/TRACE] [org.polyfrost.evergreenhud.hud.ServerIP/evergreenhud]: Should migrate: false
[10:28:04] [Client thread/TRACE] [org.polyfrost.evergreenhud.hud.ServerIP/evergreenhud]: Generating option list for Server IP... (targetting=org.polyfrost.evergreenhud.hud.ServerIP)
[10:28:04] [Client thread/TRACE] [org.polyfrost.evergreenhud.hud.ServerIP/evergreenhud]: Generating option list for Server IP... (targetting=org.polyfrost.evergreenhud.config.HudConfig)
[10:28:04] [Client thread/TRACE] [org.polyfrost.evergreenhud.hud.ServerIP/evergreenhud]: Generating option list for Server IP... (targetting=cc.polyfrost.oneconfig.config.elements.SubConfig)
[10:28:04] [Client thread/TRACE] [org.polyfrost.evergreenhud.hud.ServerIP/evergreenhud]: Generating option list for Server IP... (targetting=cc.polyfrost.oneconfig.config.Config)
[10:28:04] [Client thread/TRACE] [org.polyfrost.evergreenhud.hud.ServerIP/evergreenhud]: Finished generating option list for Server IP (targetting=cc.polyfrost.oneconfig.config.Config)
[10:28:04] [Client thread/TRACE] [org.polyfrost.evergreenhud.hud.ServerIP/evergreenhud]: Finished generating option list for Server IP (targetting=cc.polyfrost.oneconfig.config.elements.SubConfig)
[10:28:04] [Client thread/TRACE] [org.polyfrost.evergreenhud.hud.ServerIP/evergreenhud]: Finished generating option list for Server IP (targetting=org.polyfrost.evergreenhud.config.HudConfig)
[10:28:04] [Client thread/TRACE] [org.polyfrost.evergreenhud.hud.ServerIP/evergreenhud]: Finished generating option list for Server IP (targetting=org.polyfrost.evergreenhud.hud.ServerIP)
[10:28:04] [Client thread/TRACE] [org.polyfrost.evergreenhud.hud.ServerIP/evergreenhud]: Config for Server IP initialized
[10:28:04] [Client thread/TRACE] [org.polyfrost.evergreenhud.hud.Speed/evergreenhud]: Initializing config for Speed...
[10:28:04] [Client thread/TRACE] [org.polyfrost.evergreenhud.hud.Speed/evergreenhud]: Loading config for Speed...
[10:28:04] [Client thread/TRACE] [org.polyfrost.evergreenhud.hud.Speed/evergreenhud]: Loading from:
	OneConfig\profiles\Default Profile\evergreenhud\speed.json
	OneConfig\config\evergreenhud\speed.json
[10:28:04] [Client thread/TRACE] [org.polyfrost.evergreenhud.hud.Speed/evergreenhud]: Should migrate: false
[10:28:04] [Client thread/TRACE] [org.polyfrost.evergreenhud.hud.Speed/evergreenhud]: Generating option list for Speed... (targetting=org.polyfrost.evergreenhud.hud.Speed)
[10:28:04] [Client thread/TRACE] [org.polyfrost.evergreenhud.hud.Speed/evergreenhud]: Generating option list for Speed... (targetting=org.polyfrost.evergreenhud.config.HudConfig)
[10:28:04] [Client thread/TRACE] [org.polyfrost.evergreenhud.hud.Speed/evergreenhud]: Generating option list for Speed... (targetting=cc.polyfrost.oneconfig.config.elements.SubConfig)
[10:28:04] [Client thread/TRACE] [org.polyfrost.evergreenhud.hud.Speed/evergreenhud]: Generating option list for Speed... (targetting=cc.polyfrost.oneconfig.config.Config)
[10:28:04] [Client thread/TRACE] [org.polyfrost.evergreenhud.hud.Speed/evergreenhud]: Finished generating option list for Speed (targetting=cc.polyfrost.oneconfig.config.Config)
[10:28:04] [Client thread/TRACE] [org.polyfrost.evergreenhud.hud.Speed/evergreenhud]: Finished generating option list for Speed (targetting=cc.polyfrost.oneconfig.config.elements.SubConfig)
[10:28:04] [Client thread/TRACE] [org.polyfrost.evergreenhud.hud.Speed/evergreenhud]: Finished generating option list for Speed (targetting=org.polyfrost.evergreenhud.config.HudConfig)
[10:28:04] [Client thread/TRACE] [org.polyfrost.evergreenhud.hud.Speed/evergreenhud]: Finished generating option list for Speed (targetting=org.polyfrost.evergreenhud.hud.Speed)
[10:28:04] [Client thread/TRACE] [org.polyfrost.evergreenhud.hud.Speed/evergreenhud]: Config for Speed initialized
[10:28:04] [Client thread/TRACE] [org.polyfrost.evergreenhud.hud.TPS/evergreenhud]: Initializing config for TPS...
[10:28:04] [Client thread/TRACE] [org.polyfrost.evergreenhud.hud.TPS/evergreenhud]: Loading config for TPS...
[10:28:04] [Client thread/TRACE] [org.polyfrost.evergreenhud.hud.TPS/evergreenhud]: Loading from:
	OneConfig\profiles\Default Profile\evergreenhud\tps.json
	OneConfig\config\evergreenhud\tps.json
[10:28:04] [Client thread/TRACE] [org.polyfrost.evergreenhud.hud.TPS/evergreenhud]: Should migrate: false
[10:28:04] [Client thread/TRACE] [org.polyfrost.evergreenhud.hud.TPS/evergreenhud]: Generating option list for TPS... (targetting=org.polyfrost.evergreenhud.hud.TPS)
[10:28:04] [Client thread/TRACE] [org.polyfrost.evergreenhud.hud.TPS/evergreenhud]: Generating option list for TPS... (targetting=org.polyfrost.evergreenhud.config.HudConfig)
[10:28:04] [Client thread/TRACE] [org.polyfrost.evergreenhud.hud.TPS/evergreenhud]: Generating option list for TPS... (targetting=cc.polyfrost.oneconfig.config.elements.SubConfig)
[10:28:04] [Client thread/TRACE] [org.polyfrost.evergreenhud.hud.TPS/evergreenhud]: Generating option list for TPS... (targetting=cc.polyfrost.oneconfig.config.Config)
[10:28:04] [Client thread/TRACE] [org.polyfrost.evergreenhud.hud.TPS/evergreenhud]: Finished generating option list for TPS (targetting=cc.polyfrost.oneconfig.config.Config)
[10:28:04] [Client thread/TRACE] [org.polyfrost.evergreenhud.hud.TPS/evergreenhud]: Finished generating option list for TPS (targetting=cc.polyfrost.oneconfig.config.elements.SubConfig)
[10:28:04] [Client thread/TRACE] [org.polyfrost.evergreenhud.hud.TPS/evergreenhud]: Finished generating option list for TPS (targetting=org.polyfrost.evergreenhud.config.HudConfig)
[10:28:04] [Client thread/TRACE] [org.polyfrost.evergreenhud.hud.TPS/evergreenhud]: Finished generating option list for TPS (targetting=org.polyfrost.evergreenhud.hud.TPS)
[10:28:04] [Client thread/TRACE] [org.polyfrost.evergreenhud.hud.TPS/evergreenhud]: Config for TPS initialized
[10:28:04] [Client thread/TRACE] [org.polyfrost.evergreenhud.hud.Yaw/evergreenhud]: Initializing config for Yaw...
[10:28:04] [Client thread/TRACE] [org.polyfrost.evergreenhud.hud.Yaw/evergreenhud]: Loading config for Yaw...
[10:28:04] [Client thread/TRACE] [org.polyfrost.evergreenhud.hud.Yaw/evergreenhud]: Loading from:
	OneConfig\profiles\Default Profile\evergreenhud\yaw.json
	OneConfig\config\evergreenhud\yaw.json
[10:28:04] [Client thread/TRACE] [org.polyfrost.evergreenhud.hud.Yaw/evergreenhud]: Should migrate: false
[10:28:04] [Client thread/TRACE] [org.polyfrost.evergreenhud.hud.Yaw/evergreenhud]: Generating option list for Yaw... (targetting=org.polyfrost.evergreenhud.hud.Yaw)
[10:28:04] [Client thread/TRACE] [org.polyfrost.evergreenhud.hud.Yaw/evergreenhud]: Generating option list for Yaw... (targetting=org.polyfrost.evergreenhud.config.HudConfig)
[10:28:04] [Client thread/TRACE] [org.polyfrost.evergreenhud.hud.Yaw/evergreenhud]: Generating option list for Yaw... (targetting=cc.polyfrost.oneconfig.config.elements.SubConfig)
[10:28:04] [Client thread/TRACE] [org.polyfrost.evergreenhud.hud.Yaw/evergreenhud]: Generating option list for Yaw... (targetting=cc.polyfrost.oneconfig.config.Config)
[10:28:04] [Client thread/TRACE] [org.polyfrost.evergreenhud.hud.Yaw/evergreenhud]: Finished generating option list for Yaw (targetting=cc.polyfrost.oneconfig.config.Config)
[10:28:04] [Client thread/TRACE] [org.polyfrost.evergreenhud.hud.Yaw/evergreenhud]: Finished generating option list for Yaw (targetting=cc.polyfrost.oneconfig.config.elements.SubConfig)
[10:28:04] [Client thread/TRACE] [org.polyfrost.evergreenhud.hud.Yaw/evergreenhud]: Finished generating option list for Yaw (targetting=org.polyfrost.evergreenhud.config.HudConfig)
[10:28:04] [Client thread/TRACE] [org.polyfrost.evergreenhud.hud.Yaw/evergreenhud]: Finished generating option list for Yaw (targetting=org.polyfrost.evergreenhud.hud.Yaw)
[10:28:04] [Client thread/TRACE] [org.polyfrost.evergreenhud.hud.Yaw/evergreenhud]: Config for Yaw initialized
[10:28:04] [Client thread/TRACE] [org.polyfrost.evergreenhud.config.ModConfig/evergreenhud]: Initializing config for EvergreenHUD...
[10:28:04] [Client thread/TRACE] [org.polyfrost.evergreenhud.config.ModConfig/evergreenhud]: Loading config for EvergreenHUD...
[10:28:04] [Client thread/TRACE] [org.polyfrost.evergreenhud.config.ModConfig/evergreenhud]: Loading from:
	OneConfig\profiles\Default Profile\evergreenhud.json
	OneConfig\config\evergreenhud.json
[10:28:04] [Client thread/TRACE] [org.polyfrost.evergreenhud.config.ModConfig/evergreenhud]: Should migrate: false
[10:28:04] [Client thread/TRACE] [org.polyfrost.evergreenhud.config.ModConfig/evergreenhud]: Generating option list for EvergreenHUD... (targetting=org.polyfrost.evergreenhud.config.ModConfig)
[10:28:04] [Client thread/TRACE] [org.polyfrost.evergreenhud.config.ModConfig/evergreenhud]: Generating option list for EvergreenHUD... (targetting=cc.polyfrost.oneconfig.config.Config)
[10:28:04] [Client thread/TRACE] [org.polyfrost.evergreenhud.config.ModConfig/evergreenhud]: Finished generating option list for EvergreenHUD (targetting=cc.polyfrost.oneconfig.config.Config)
[10:28:04] [Client thread/TRACE] [org.polyfrost.evergreenhud.config.ModConfig/evergreenhud]: Finished generating option list for EvergreenHUD (targetting=org.polyfrost.evergreenhud.config.ModConfig)
[10:28:04] [Client thread/TRACE] [org.polyfrost.evergreenhud.config.ModConfig/evergreenhud]: Config for EvergreenHUD initialized
[10:28:04] [Client thread/TRACE] [evergreenhud/evergreenhud]: Sent event FMLInitializationEvent to mod evergreenhud
[10:28:04] [Client thread/DEBUG] [FML/]: Bar Step: Initialization - EvergreenHUD took 0.245s
[10:28:04] [Client thread/TRACE] [hytils-reborn/hytils-reborn]: Sending event FMLInitializationEvent to mod hytils-reborn
[10:28:04] [Client thread/TRACE] [org.polyfrost.hytils.config.HytilsConfig/hytils-reborn]: Initializing config for Hytils Reborn...
[10:28:04] [Client thread/TRACE] [org.polyfrost.hytils.config.HytilsConfig/hytils-reborn]: Loading config for Hytils Reborn...
[10:28:04] [Client thread/TRACE] [org.polyfrost.hytils.config.HytilsConfig/hytils-reborn]: Loading from:
	OneConfig\profiles\Default Profile\hytilsreborn.json
	OneConfig\config\hytilsreborn.json
[10:28:04] [Client thread/TRACE] [org.polyfrost.hytils.config.HytilsConfig/hytils-reborn]: Should migrate: false
[10:28:04] [Client thread/TRACE] [org.polyfrost.hytils.config.HytilsConfig/hytils-reborn]: Generating option list for Hytils Reborn... (targetting=org.polyfrost.hytils.config.HytilsConfig)
[10:28:04] [Client thread/TRACE] [org.polyfrost.hytils.config.HytilsConfig/hytils-reborn]: Generating option list for Hytils Reborn... (targetting=cc.polyfrost.oneconfig.config.Config)
[10:28:04] [Client thread/TRACE] [org.polyfrost.hytils.config.HytilsConfig/hytils-reborn]: Finished generating option list for Hytils Reborn (targetting=cc.polyfrost.oneconfig.config.Config)
[10:28:04] [Client thread/TRACE] [org.polyfrost.hytils.config.HytilsConfig/hytils-reborn]: Generating option list for Hytils Reborn... (targetting=org.polyfrost.hytils.config.BlockHighlightConfig)
[10:28:04] [Client thread/TRACE] [org.polyfrost.hytils.config.HytilsConfig/hytils-reborn]: Finished generating option list for Hytils Reborn (targetting=org.polyfrost.hytils.config.BlockHighlightConfig)
[10:28:04] [Client thread/TRACE] [org.polyfrost.hytils.config.HytilsConfig/hytils-reborn]: Finished generating option list for Hytils Reborn (targetting=org.polyfrost.hytils.config.HytilsConfig)
[10:28:04] [Client thread/TRACE] [org.polyfrost.hytils.config.HytilsConfig/hytils-reborn]: Config for Hytils Reborn initialized
[10:28:04] [Client thread/DEBUG] [OneConfig Profiler/hytils-reborn]: registering command took 11.5259ms
[10:28:04] [Client thread/DEBUG] [OneConfig Profiler/hytils-reborn]: registering command took 0.6222ms
[10:28:04] [Client thread/DEBUG] [OneConfig Profiler/hytils-reborn]: registering command took 1.0965ms
[10:28:04] [Client thread/DEBUG] [OneConfig Profiler/hytils-reborn]: registering command took 0.4236ms
[10:28:04] [Client thread/DEBUG] [OneConfig Profiler/hytils-reborn]: registering command took 0.1494ms
[10:28:04] [Client thread/DEBUG] [OneConfig Profiler/hytils-reborn]: registering command took 0.5621ms
[10:28:04] [Client thread/DEBUG] [mixin/hytils-reborn]: Mixing client.gui.GuiMultiplayerAccessor from mixins.essential.json into net.minecraft.client.gui.GuiMultiplayer
[10:28:04] [Client thread/DEBUG] [mixin/hytils-reborn]: Mixing client.gui.Mixin_FixEnterToConnectInCustomTabs from mixins.essential.json into net.minecraft.client.gui.GuiMultiplayer
[10:28:04] [Client thread/TRACE] [mixin/hytils-reborn]: Added class metadata for net/minecraft/client/gui/GuiButton to metadata cache
[10:28:04] [Client thread/DEBUG] [mixin/hytils-reborn]: Mixing client.gui.Mixin_PreventMovingOfServersInCustomTabs from mixins.essential.json into net.minecraft.client.gui.GuiMultiplayer
[10:28:04] [Client thread/DEBUG] [mixin/hytils-reborn]: Mixing client.gui.Mixin_SelectionListDividers_GuiMultiplayer from mixins.essential.json into net.minecraft.client.gui.GuiMultiplayer
[10:28:04] [Client thread/DEBUG] [mixin/hytils-reborn]: Mixing client.gui.MixinGuiMultiplayer from mixins.essential.json into net.minecraft.client.gui.GuiMultiplayer
[10:28:04] [Client thread/TRACE] [mixin/hytils-reborn]: Added class metadata for gg/essential/mixins/ext/client/gui/GuiMultiplayerExt to metadata cache
[10:28:04] [Client thread/TRACE] [mixin/hytils-reborn]: Added class metadata for gg/essential/gui/multiplayer/EssentialMultiplayerGui to metadata cache
[10:28:04] [Client thread/TRACE] [mixin/hytils-reborn]: Added class metadata for kotlin/collections/CollectionsKt to metadata cache
[10:28:04] [Client thread/TRACE] [mixin/hytils-reborn]: Added class metadata for kotlin/collections/CollectionsKt___CollectionsKt to metadata cache
[10:28:04] [Client thread/TRACE] [mixin/hytils-reborn]: Added class metadata for kotlin/collections/CollectionsKt___CollectionsJvmKt to metadata cache
[10:28:04] [Client thread/TRACE] [mixin/hytils-reborn]: Added class metadata for kotlin/collections/CollectionsKt__ReversedViewsKt to metadata cache
[10:28:04] [Client thread/TRACE] [mixin/hytils-reborn]: Added class metadata for kotlin/collections/CollectionsKt__MutableCollectionsKt to metadata cache
[10:28:04] [Client thread/TRACE] [mixin/hytils-reborn]: Added class metadata for kotlin/collections/CollectionsKt__MutableCollectionsJVMKt to metadata cache
[10:28:04] [Client thread/TRACE] [mixin/hytils-reborn]: Added class metadata for kotlin/collections/CollectionsKt__IteratorsKt to metadata cache
[10:28:04] [Client thread/TRACE] [mixin/hytils-reborn]: Added class metadata for kotlin/collections/CollectionsKt__IteratorsJVMKt to metadata cache
[10:28:04] [Client thread/TRACE] [mixin/hytils-reborn]: Added class metadata for kotlin/collections/CollectionsKt__IterablesKt to metadata cache
[10:28:04] [Client thread/TRACE] [mixin/hytils-reborn]: Added class metadata for kotlin/collections/CollectionsKt__CollectionsKt to metadata cache
[10:28:04] [Client thread/TRACE] [mixin/hytils-reborn]: Added class metadata for kotlin/collections/CollectionsKt__CollectionsJVMKt to metadata cache
[10:28:04] [Client thread/DEBUG] [mixin/hytils-reborn]: Mixing compatibility.vanilla.Mixin_FixKeyboardNavigation from mixins.essential.json into net.minecraft.client.gui.GuiMultiplayer
[10:28:04] [Client thread/DEBUG] [mixin/hytils-reborn]: Mixing accessors.GuiMultiplayerAccessor from mixins.patcher.json into net.minecraft.client.gui.GuiMultiplayer
[10:28:04] [Client thread/DEBUG] [mixin/hytils-reborn]: Mixing features.GuiMultiplayerMixin_FastServerJoin from mixins.patcher.json into net.minecraft.client.gui.GuiMultiplayer
[10:28:04] [Client thread/TRACE] [mixin/hytils-reborn]: Added class metadata for gg/essential/gui/multiplayer/DividerServerListEntry to metadata cache
[10:28:04] [Client thread/DEBUG] [mixin/hytils-reborn]: Mixing client.network.Mixin_RefreshSkinOnChange from mixins.essential.json into net.minecraft.client.network.NetworkPlayerInfo
[10:28:04] [Client thread/TRACE] [hytils-reborn/hytils-reborn]: Sent event FMLInitializationEvent to mod hytils-reborn
[10:28:04] [Client thread/DEBUG] [FML/]: Bar Step: Initialization - Hytils Reborn took 0.097s
[10:28:04] [Client thread/TRACE] [polyfrostkeystrokes/polyfrostkeystrokes]: Sending event FMLInitializationEvent to mod polyfrostkeystrokes
[10:28:04] [Client thread/DEBUG] [OneConfig Profiler/polyfrostkeystrokes]: registering command took 0.1445ms
[10:28:04] [Client thread/TRACE] [dev.salmon.keystrokes.config.KeystrokesConfig/polyfrostkeystrokes]: Initializing config for Keystrokes...
[10:28:04] [Client thread/TRACE] [dev.salmon.keystrokes.config.KeystrokesConfig/polyfrostkeystrokes]: Loading config for Keystrokes...
[10:28:04] [Client thread/TRACE] [dev.salmon.keystrokes.config.KeystrokesConfig/polyfrostkeystrokes]: Loading from:
	OneConfig\profiles\Default Profile\keystrokes.json
	OneConfig\config\keystrokes.json
[10:28:04] [Client thread/TRACE] [dev.salmon.keystrokes.config.KeystrokesConfig/polyfrostkeystrokes]: Should migrate: false
[10:28:04] [Client thread/TRACE] [dev.salmon.keystrokes.config.KeystrokesConfig/polyfrostkeystrokes]: Generating option list for Keystrokes... (targetting=dev.salmon.keystrokes.config.KeystrokesConfig)
[10:28:04] [Client thread/TRACE] [dev.salmon.keystrokes.config.KeystrokesConfig/polyfrostkeystrokes]: Generating option list for Keystrokes... (targetting=cc.polyfrost.oneconfig.config.Config)
[10:28:04] [Client thread/TRACE] [dev.salmon.keystrokes.config.KeystrokesConfig/polyfrostkeystrokes]: Finished generating option list for Keystrokes (targetting=cc.polyfrost.oneconfig.config.Config)
[10:28:04] [Client thread/TRACE] [dev.salmon.keystrokes.config.KeystrokesConfig/polyfrostkeystrokes]: Finished generating option list for Keystrokes (targetting=dev.salmon.keystrokes.config.KeystrokesConfig)
[10:28:04] [Client thread/TRACE] [dev.salmon.keystrokes.config.KeystrokesConfig/polyfrostkeystrokes]: Config for Keystrokes initialized
[10:28:04] [Client thread/TRACE] [polyfrostkeystrokes/polyfrostkeystrokes]: Sent event FMLInitializationEvent to mod polyfrostkeystrokes
[10:28:04] [Client thread/DEBUG] [FML/]: Bar Step: Initialization - Keystrokes took 0.005s
[10:28:04] [Client thread/TRACE] [polycrosshair/polycrosshair]: Sending event FMLInitializationEvent to mod polycrosshair
[10:28:04] [Client thread/TRACE] [org.polyfrost.crosshair.config.ModConfig/polycrosshair]: Initializing config for PolyCrosshair...
[10:28:04] [Client thread/TRACE] [org.polyfrost.crosshair.config.ModConfig/polycrosshair]: Loading config for PolyCrosshair...
[10:28:04] [Client thread/TRACE] [org.polyfrost.crosshair.config.ModConfig/polycrosshair]: Loading from:
	OneConfig\profiles\Default Profile\polycrosshair\config.json
	OneConfig\config\polycrosshair\config.json
[10:28:04] [Client thread/TRACE] [org.polyfrost.crosshair.config.ModConfig/polycrosshair]: Should migrate: false
[10:28:04] [Client thread/TRACE] [org.polyfrost.crosshair.config.ModConfig/polycrosshair]: Generating option list for PolyCrosshair... (targetting=org.polyfrost.crosshair.config.ModConfig)
[10:28:04] [Client thread/TRACE] [org.polyfrost.crosshair.config.ModConfig/polycrosshair]: Generating option list for PolyCrosshair... (targetting=cc.polyfrost.oneconfig.config.Config)
[10:28:04] [Client thread/TRACE] [org.polyfrost.crosshair.config.ModConfig/polycrosshair]: Finished generating option list for PolyCrosshair (targetting=cc.polyfrost.oneconfig.config.Config)
[10:28:04] [Client thread/TRACE] [org.polyfrost.crosshair.config.ModConfig/polycrosshair]: Finished generating option list for PolyCrosshair (targetting=org.polyfrost.crosshair.config.ModConfig)
[10:28:04] [Client thread/TRACE] [org.polyfrost.crosshair.config.ModConfig/polycrosshair]: Config for PolyCrosshair initialized
[10:28:04] [Client thread/TRACE] [org.polyfrost.crosshair.config.ModConfig/polycrosshair]: Generating option list for PolyCrosshair... (targetting=org.polyfrost.crosshair.config.CrosshairEntry)
[10:28:04] [Client thread/TRACE] [org.polyfrost.crosshair.config.ModConfig/polycrosshair]: Finished generating option list for PolyCrosshair (targetting=org.polyfrost.crosshair.config.CrosshairEntry)
[10:28:04] [Client thread/TRACE] [org.polyfrost.crosshair.config.ModConfig/polycrosshair]: Generating option list for PolyCrosshair... (targetting=org.polyfrost.crosshair.config.RenderConfig)
[10:28:04] [Client thread/TRACE] [org.polyfrost.crosshair.config.ModConfig/polycrosshair]: Finished generating option list for PolyCrosshair (targetting=org.polyfrost.crosshair.config.RenderConfig)
[10:28:04] [Client thread/TRACE] [polycrosshair/polycrosshair]: Sent event FMLInitializationEvent to mod polycrosshair
[10:28:04] [Client thread/DEBUG] [FML/]: Bar Step: Initialization - PolyCrosshair took 0.018s
[10:28:04] [Client thread/TRACE] [patcher/patcher]: Sending event FMLInitializationEvent to mod patcher
[10:28:04] [Client thread/TRACE] [club.sk1er.patcher.config.PatcherSoundConfig/patcher]: Generating option list for Patcher Sounds... (targetting=club.sk1er.patcher.config.PatcherSoundConfig)
[10:28:04] [Client thread/TRACE] [club.sk1er.patcher.config.PatcherSoundConfig/patcher]: Generating option list for Patcher Sounds... (targetting=cc.polyfrost.oneconfig.config.Config)
[10:28:04] [Client thread/TRACE] [club.sk1er.patcher.config.PatcherSoundConfig/patcher]: Finished generating option list for Patcher Sounds (targetting=cc.polyfrost.oneconfig.config.Config)
[10:28:04] [Client thread/TRACE] [club.sk1er.patcher.config.PatcherSoundConfig/patcher]: Finished generating option list for Patcher Sounds (targetting=club.sk1er.patcher.config.PatcherSoundConfig)
[10:28:04] [Client thread/DEBUG] [FML/patcher]: Bar Finished: Loading Resource - SoundHandler took 0.012s
[10:28:04] [Client thread/DEBUG] [FML/patcher]: Bar Finished: Loading Resource - ReloadListener took 0.002s
[10:28:04] [Client thread/DEBUG] [OneConfig Profiler/patcher]: registering command took 0.3944ms
[10:28:04] [Client thread/DEBUG] [OneConfig Profiler/patcher]: registering command took 0.0408ms
[10:28:04] [Client thread/DEBUG] [OneConfig Profiler/patcher]: registering command took 0.0242ms
[10:28:04] [Client thread/DEBUG] [OneConfig Profiler/patcher]: registering command took 0.0253ms
[10:28:04] [Client thread/DEBUG] [OneConfig Profiler/patcher]: registering command took 0.3634ms
[10:28:04] [Client thread/DEBUG] [OneConfig Profiler/patcher]: registering command took 0.2047ms
[10:28:04] [Client thread/TRACE] [club.sk1er.patcher.config.PatcherConfig/patcher]: Saving config for PolyPatcher...
[10:28:04] [Client thread/TRACE] [club.sk1er.patcher.config.PatcherConfig/patcher]: Saving to:
	OneConfig\profiles\Default Profile\patcher.json
	OneConfig\config\patcher.json
[10:28:04] [Client thread/TRACE] [patcher/patcher]: Sent event FMLInitializationEvent to mod patcher
[10:28:04] [Client thread/DEBUG] [FML/]: Bar Step: Initialization - Patcher took 0.121s
[10:28:04] [Client thread/TRACE] [polysprint/polysprint]: Sending event FMLInitializationEvent to mod polysprint
[10:28:04] [Client thread/TRACE] [org.polyfrost.polysprint.core.PolySprintConfig/polysprint]: Initializing config for PolySprint...
[10:28:04] [Client thread/TRACE] [org.polyfrost.polysprint.core.PolySprintConfig/polysprint]: Loading config for PolySprint...
[10:28:04] [Client thread/TRACE] [org.polyfrost.polysprint.core.PolySprintConfig/polysprint]: Loading from:
	OneConfig\profiles\Default Profile\polysprint.json
	OneConfig\config\polysprint.json
[10:28:04] [Client thread/TRACE] [org.polyfrost.polysprint.core.PolySprintConfig/polysprint]: Should migrate: false
[10:28:04] [Client thread/TRACE] [org.polyfrost.polysprint.core.PolySprintConfig/polysprint]: Generating option list for PolySprint... (targetting=org.polyfrost.polysprint.core.PolySprintConfig)
[10:28:04] [Client thread/TRACE] [org.polyfrost.polysprint.core.PolySprintConfig/polysprint]: Generating option list for PolySprint... (targetting=cc.polyfrost.oneconfig.config.Config)
[10:28:04] [Client thread/TRACE] [org.polyfrost.polysprint.core.PolySprintConfig/polysprint]: Finished generating option list for PolySprint (targetting=cc.polyfrost.oneconfig.config.Config)
[10:28:04] [Client thread/TRACE] [org.polyfrost.polysprint.core.PolySprintConfig/polysprint]: Finished generating option list for PolySprint (targetting=org.polyfrost.polysprint.core.PolySprintConfig)
[10:28:04] [Client thread/TRACE] [org.polyfrost.polysprint.core.PolySprintConfig/polysprint]: Config for PolySprint initialized
[10:28:04] [Client thread/TRACE] [polysprint/polysprint]: Sent event FMLInitializationEvent to mod polysprint
[10:28:04] [Client thread/DEBUG] [FML/]: Bar Step: Initialization - PolySprint took 0.010s
[10:28:04] [Client thread/TRACE] [Squeedometer/Squeedometer]: Sending event FMLInitializationEvent to mod Squeedometer
[10:28:04] [Client thread/TRACE] [Squeedometer/Squeedometer]: Sent event FMLInitializationEvent to mod Squeedometer
[10:28:04] [Client thread/DEBUG] [FML/]: Bar Step: Initialization - Squeedometer took 0.003s
[10:28:04] [Client thread/TRACE] [timechanger/timechanger]: Sending event FMLInitializationEvent to mod timechanger
[10:28:04] [Client thread/TRACE] [timechanger/timechanger]: Sent event FMLInitializationEvent to mod timechanger
[10:28:04] [Client thread/DEBUG] [FML/]: Bar Step: Initialization - TimeChanger took 0.009s
[10:28:04] [Client thread/TRACE] [tnttime/tnttime]: Sending event FMLInitializationEvent to mod tnttime
[10:28:04] [Client thread/TRACE] [tnttime/tnttime]: Sent event FMLInitializationEvent to mod tnttime
[10:28:04] [Client thread/DEBUG] [FML/]: Bar Step: Initialization - TNT Time took 0.000s
[10:28:04] [Client thread/DEBUG] [FML/]: Bar Finished: Initialization took 0.537s
[10:28:04] [Client thread/TRACE] [FML/]: Attempting to deliver 0 IMC messages to mod mcp
[10:28:04] [Client thread/TRACE] [mcp/mcp]: Sending event IMCEvent to mod mcp
[10:28:04] [Client thread/TRACE] [mcp/mcp]: Sent event IMCEvent to mod mcp
[10:28:04] [Client thread/DEBUG] [FML/]: Bar Step: InterModComms$IMC - Minecraft Coder Pack took 0.002s
[10:28:04] [Client thread/TRACE] [FML/]: Attempting to deliver 0 IMC messages to mod FML
[10:28:04] [Client thread/TRACE] [FML/FML]: Sending event IMCEvent to mod FML
[10:28:04] [Client thread/TRACE] [FML/FML]: Sent event IMCEvent to mod FML
[10:28:04] [Client thread/DEBUG] [FML/]: Bar Step: InterModComms$IMC - Forge Mod Loader took 0.000s
[10:28:04] [Client thread/TRACE] [FML/]: Attempting to deliver 0 IMC messages to mod Forge
[10:28:04] [Client thread/TRACE] [Forge/Forge]: Sending event IMCEvent to mod Forge
[10:28:04] [Client thread/TRACE] [Forge/Forge]: Sent event IMCEvent to mod Forge
[10:28:04] [Client thread/DEBUG] [FML/]: Bar Step: InterModComms$IMC - Minecraft Forge took 0.000s
[10:28:04] [Client thread/TRACE] [FML/]: Attempting to deliver 0 IMC messages to mod mousedelayfix
[10:28:04] [Client thread/TRACE] [mousedelayfix/mousedelayfix]: Sending event IMCEvent to mod mousedelayfix
[10:28:04] [Client thread/TRACE] [mousedelayfix/mousedelayfix]: Sent event IMCEvent to mod mousedelayfix
[10:28:04] [Client thread/DEBUG] [FML/]: Bar Step: InterModComms$IMC - MouseDelayFix took 0.000s
[10:28:04] [Client thread/TRACE] [FML/]: Attempting to deliver 0 IMC messages to mod polypatcher
[10:28:04] [Client thread/TRACE] [polypatcher/polypatcher]: Sending event IMCEvent to mod polypatcher
[10:28:04] [Client thread/TRACE] [polypatcher/polypatcher]: Sent event IMCEvent to mod polypatcher
[10:28:04] [Client thread/DEBUG] [FML/]: Bar Step: InterModComms$IMC - PolyPatcher took 0.000s
[10:28:04] [Client thread/TRACE] [FML/]: Attempting to deliver 0 IMC messages to mod essential
[10:28:04] [Client thread/TRACE] [essential/essential]: Sending event IMCEvent to mod essential
[10:28:04] [Client thread/TRACE] [essential/essential]: Sent event IMCEvent to mod essential
[10:28:04] [Client thread/DEBUG] [FML/]: Bar Step: InterModComms$IMC - Essential took 0.000s
[10:28:04] [Client thread/TRACE] [FML/]: Attempting to deliver 0 IMC messages to mod oneconfig
[10:28:04] [Client thread/TRACE] [oneconfig/oneconfig]: Sending event IMCEvent to mod oneconfig
[10:28:04] [Client thread/TRACE] [oneconfig/oneconfig]: Sent event IMCEvent to mod oneconfig
[10:28:04] [Client thread/DEBUG] [FML/]: Bar Step: InterModComms$IMC - OneConfig took 0.000s
[10:28:04] [Client thread/TRACE] [FML/]: Attempting to deliver 0 IMC messages to mod bspkrscore
[10:28:04] [Client thread/TRACE] [bspkrscore/bspkrscore]: Sending event IMCEvent to mod bspkrscore
[10:28:04] [Client thread/TRACE] [bspkrscore/bspkrscore]: Sent event IMCEvent to mod bspkrscore
[10:28:04] [Client thread/DEBUG] [FML/]: Bar Step: InterModComms$IMC - bspkrsCore took 0.000s
[10:28:04] [Client thread/TRACE] [FML/]: Attempting to deliver 0 IMC messages to mod statuseffecthud
[10:28:04] [Client thread/TRACE] [statuseffecthud/statuseffecthud]: Sending event IMCEvent to mod statuseffecthud
[10:28:04] [Client thread/TRACE] [statuseffecthud/statuseffecthud]: Sent event IMCEvent to mod statuseffecthud
[10:28:04] [Client thread/DEBUG] [FML/]: Bar Step: InterModComms$IMC - StatusEffectHUD took 0.000s
[10:28:04] [Client thread/TRACE] [FML/]: Attempting to deliver 0 IMC messages to mod blockoverlay
[10:28:04] [Client thread/TRACE] [blockoverlay/blockoverlay]: Sending event IMCEvent to mod blockoverlay
[10:28:04] [Client thread/TRACE] [blockoverlay/blockoverlay]: Sent event IMCEvent to mod blockoverlay
[10:28:04] [Client thread/DEBUG] [FML/]: Bar Step: InterModComms$IMC - Block Overlay took 0.000s
[10:28:04] [Client thread/TRACE] [FML/]: Attempting to deliver 0 IMC messages to mod evergreenhud
[10:28:04] [Client thread/TRACE] [evergreenhud/evergreenhud]: Sending event IMCEvent to mod evergreenhud
[10:28:04] [Client thread/TRACE] [evergreenhud/evergreenhud]: Sent event IMCEvent to mod evergreenhud
[10:28:04] [Client thread/DEBUG] [FML/]: Bar Step: InterModComms$IMC - EvergreenHUD took 0.000s
[10:28:04] [Client thread/TRACE] [FML/]: Attempting to deliver 0 IMC messages to mod hytils-reborn
[10:28:04] [Client thread/TRACE] [hytils-reborn/hytils-reborn]: Sending event IMCEvent to mod hytils-reborn
[10:28:04] [Client thread/TRACE] [hytils-reborn/hytils-reborn]: Sent event IMCEvent to mod hytils-reborn
[10:28:04] [Client thread/DEBUG] [FML/]: Bar Step: InterModComms$IMC - Hytils Reborn took 0.000s
[10:28:04] [Client thread/TRACE] [FML/]: Attempting to deliver 0 IMC messages to mod polyfrostkeystrokes
[10:28:04] [Client thread/TRACE] [polyfrostkeystrokes/polyfrostkeystrokes]: Sending event IMCEvent to mod polyfrostkeystrokes
[10:28:04] [Client thread/TRACE] [polyfrostkeystrokes/polyfrostkeystrokes]: Sent event IMCEvent to mod polyfrostkeystrokes
[10:28:04] [Client thread/DEBUG] [FML/]: Bar Step: InterModComms$IMC - Keystrokes took 0.000s
[10:28:04] [Client thread/TRACE] [FML/]: Attempting to deliver 0 IMC messages to mod polycrosshair
[10:28:04] [Client thread/TRACE] [polycrosshair/polycrosshair]: Sending event IMCEvent to mod polycrosshair
[10:28:04] [Client thread/TRACE] [polycrosshair/polycrosshair]: Sent event IMCEvent to mod polycrosshair
[10:28:04] [Client thread/DEBUG] [FML/]: Bar Step: InterModComms$IMC - PolyCrosshair took 0.000s
[10:28:04] [Client thread/TRACE] [FML/]: Attempting to deliver 0 IMC messages to mod patcher
[10:28:04] [Client thread/TRACE] [patcher/patcher]: Sending event IMCEvent to mod patcher
[10:28:04] [Client thread/TRACE] [patcher/patcher]: Sent event IMCEvent to mod patcher
[10:28:04] [Client thread/DEBUG] [FML/]: Bar Step: InterModComms$IMC - Patcher took 0.000s
[10:28:04] [Client thread/TRACE] [FML/]: Attempting to deliver 0 IMC messages to mod polysprint
[10:28:04] [Client thread/TRACE] [polysprint/polysprint]: Sending event IMCEvent to mod polysprint
[10:28:04] [Client thread/TRACE] [polysprint/polysprint]: Sent event IMCEvent to mod polysprint
[10:28:04] [Client thread/DEBUG] [FML/]: Bar Step: InterModComms$IMC - PolySprint took 0.000s
[10:28:04] [Client thread/TRACE] [FML/]: Attempting to deliver 0 IMC messages to mod Squeedometer
[10:28:04] [Client thread/TRACE] [Squeedometer/Squeedometer]: Sending event IMCEvent to mod Squeedometer
[10:28:04] [Client thread/TRACE] [Squeedometer/Squeedometer]: Sent event IMCEvent to mod Squeedometer
[10:28:04] [Client thread/DEBUG] [FML/]: Bar Step: InterModComms$IMC - Squeedometer took 0.000s
[10:28:04] [Client thread/TRACE] [FML/]: Attempting to deliver 0 IMC messages to mod timechanger
[10:28:04] [Client thread/TRACE] [timechanger/timechanger]: Sending event IMCEvent to mod timechanger
[10:28:04] [Client thread/TRACE] [timechanger/timechanger]: Sent event IMCEvent to mod timechanger
[10:28:04] [Client thread/DEBUG] [FML/]: Bar Step: InterModComms$IMC - TimeChanger took 0.000s
[10:28:04] [Client thread/TRACE] [FML/]: Attempting to deliver 0 IMC messages to mod tnttime
[10:28:04] [Client thread/TRACE] [tnttime/tnttime]: Sending event IMCEvent to mod tnttime
[10:28:04] [Client thread/TRACE] [tnttime/tnttime]: Sent event IMCEvent to mod tnttime
[10:28:04] [Client thread/DEBUG] [FML/]: Bar Step: InterModComms$IMC - TNT Time took 0.000s
[10:28:04] [Client thread/DEBUG] [FML/]: Bar Finished: InterModComms$IMC took 0.003s
[10:28:04] [Client thread/INFO] [FML/]: Injecting itemstacks
[10:28:04] [Client thread/INFO] [FML/]: Itemstack injection complete
[10:28:04] [Client thread/TRACE] [mcp/mcp]: Sending event FMLPostInitializationEvent to mod mcp
[10:28:04] [Client thread/TRACE] [mcp/mcp]: Sent event FMLPostInitializationEvent to mod mcp
[10:28:04] [Client thread/DEBUG] [FML/]: Bar Step: PostInitialization - Minecraft Coder Pack took 0.000s
[10:28:04] [Client thread/TRACE] [FML/FML]: Sending event FMLPostInitializationEvent to mod FML
[10:28:04] [Client thread/TRACE] [FML/FML]: Sent event FMLPostInitializationEvent to mod FML
[10:28:04] [Client thread/DEBUG] [FML/]: Bar Step: PostInitialization - Forge Mod Loader took 0.000s
[10:28:04] [Client thread/TRACE] [Forge/Forge]: Sending event FMLPostInitializationEvent to mod Forge
[10:28:04] [Client thread/TRACE] [Forge/Forge]: Sent event FMLPostInitializationEvent to mod Forge
[10:28:04] [Client thread/DEBUG] [FML/]: Bar Step: PostInitialization - Minecraft Forge took 0.024s
[10:28:04] [Client thread/TRACE] [mousedelayfix/mousedelayfix]: Sending event FMLPostInitializationEvent to mod mousedelayfix
[10:28:04] [Client thread/TRACE] [mousedelayfix/mousedelayfix]: Sent event FMLPostInitializationEvent to mod mousedelayfix
[10:28:04] [Client thread/DEBUG] [FML/]: Bar Step: PostInitialization - MouseDelayFix took 0.000s
[10:28:04] [Client thread/TRACE] [polypatcher/polypatcher]: Sending event FMLPostInitializationEvent to mod polypatcher
[10:28:04] [Client thread/TRACE] [polypatcher/polypatcher]: Sent event FMLPostInitializationEvent to mod polypatcher
[10:28:04] [Client thread/DEBUG] [FML/]: Bar Step: PostInitialization - PolyPatcher took 0.000s
[10:28:04] [Client thread/TRACE] [essential/essential]: Sending event FMLPostInitializationEvent to mod essential
[10:28:04] [Client thread/TRACE] [essential/essential]: Sent event FMLPostInitializationEvent to mod essential
[10:28:04] [Client thread/DEBUG] [FML/]: Bar Step: PostInitialization - Essential took 0.000s
[10:28:04] [Client thread/TRACE] [oneconfig/oneconfig]: Sending event FMLPostInitializationEvent to mod oneconfig
[10:28:04] [Client thread/TRACE] [oneconfig/oneconfig]: Sent event FMLPostInitializationEvent to mod oneconfig
[10:28:04] [Client thread/DEBUG] [FML/]: Bar Step: PostInitialization - OneConfig took 0.000s
[10:28:04] [Client thread/TRACE] [bspkrscore/bspkrscore]: Sending event FMLPostInitializationEvent to mod bspkrscore
[10:28:04] [Client thread/TRACE] [bspkrscore/bspkrscore]: Sent event FMLPostInitializationEvent to mod bspkrscore
[10:28:04] [Client thread/DEBUG] [FML/]: Bar Step: PostInitialization - bspkrsCore took 0.004s
[10:28:04] [Client thread/TRACE] [statuseffecthud/statuseffecthud]: Sending event FMLPostInitializationEvent to mod statuseffecthud
[10:28:04] [Client thread/TRACE] [statuseffecthud/statuseffecthud]: Sent event FMLPostInitializationEvent to mod statuseffecthud
[10:28:04] [Client thread/DEBUG] [FML/]: Bar Step: PostInitialization - StatusEffectHUD took 0.000s
[10:28:04] [Client thread/TRACE] [blockoverlay/blockoverlay]: Sending event FMLPostInitializationEvent to mod blockoverlay
[10:28:04] [Client thread/TRACE] [blockoverlay/blockoverlay]: Sent event FMLPostInitializationEvent to mod blockoverlay
[10:28:04] [Client thread/DEBUG] [FML/]: Bar Step: PostInitialization - Block Overlay took 0.000s
[10:28:04] [Client thread/TRACE] [evergreenhud/evergreenhud]: Sending event FMLPostInitializationEvent to mod evergreenhud
[10:28:04] [Client thread/TRACE] [evergreenhud/evergreenhud]: Sent event FMLPostInitializationEvent to mod evergreenhud
[10:28:04] [Client thread/DEBUG] [FML/]: Bar Step: PostInitialization - EvergreenHUD took 0.000s
[10:28:04] [Client thread/TRACE] [hytils-reborn/hytils-reborn]: Sending event FMLPostInitializationEvent to mod hytils-reborn
[10:28:04] [Client thread/TRACE] [hytils-reborn/hytils-reborn]: Sent event FMLPostInitializationEvent to mod hytils-reborn
[10:28:04] [Client thread/DEBUG] [FML/]: Bar Step: PostInitialization - Hytils Reborn took 0.000s
[10:28:04] [Client thread/TRACE] [polyfrostkeystrokes/polyfrostkeystrokes]: Sending event FMLPostInitializationEvent to mod polyfrostkeystrokes
[10:28:04] [Client thread/TRACE] [polyfrostkeystrokes/polyfrostkeystrokes]: Sent event FMLPostInitializationEvent to mod polyfrostkeystrokes
[10:28:04] [Client thread/DEBUG] [FML/]: Bar Step: PostInitialization - Keystrokes took 0.000s
[10:28:04] [Client thread/TRACE] [polycrosshair/polycrosshair]: Sending event FMLPostInitializationEvent to mod polycrosshair
[10:28:04] [Client thread/TRACE] [polycrosshair/polycrosshair]: Sent event FMLPostInitializationEvent to mod polycrosshair
[10:28:04] [Client thread/DEBUG] [FML/]: Bar Step: PostInitialization - PolyCrosshair took 0.001s
[10:28:04] [Client thread/TRACE] [patcher/patcher]: Sending event FMLPostInitializationEvent to mod patcher
[10:28:04] [Client thread/TRACE] [patcher/patcher]: Sent event FMLPostInitializationEvent to mod patcher
[10:28:04] [Client thread/DEBUG] [FML/]: Bar Step: PostInitialization - Patcher took 0.317s
[10:28:04] [Client thread/TRACE] [polysprint/polysprint]: Sending event FMLPostInitializationEvent to mod polysprint
[10:28:04] [Client thread/DEBUG] [OneConfig Profiler/polysprint]: registering command took 0.2105ms
[10:28:04] [Client thread/TRACE] [polysprint/polysprint]: Sent event FMLPostInitializationEvent to mod polysprint
[10:28:04] [Client thread/DEBUG] [FML/]: Bar Step: PostInitialization - PolySprint took 0.002s
[10:28:04] [Client thread/TRACE] [Squeedometer/Squeedometer]: Sending event FMLPostInitializationEvent to mod Squeedometer
[10:28:04] [Client thread/TRACE] [Squeedometer/Squeedometer]: Sent event FMLPostInitializationEvent to mod Squeedometer
[10:28:04] [Client thread/DEBUG] [FML/]: Bar Step: PostInitialization - Squeedometer took 0.002s
[10:28:04] [Client thread/TRACE] [timechanger/timechanger]: Sending event FMLPostInitializationEvent to mod timechanger
[10:28:04] [Client thread/TRACE] [timechanger/timechanger]: Sent event FMLPostInitializationEvent to mod timechanger
[10:28:04] [Client thread/DEBUG] [FML/]: Bar Step: PostInitialization - TimeChanger took 0.000s
[10:28:04] [Client thread/TRACE] [tnttime/tnttime]: Sending event FMLPostInitializationEvent to mod tnttime
[10:28:04] [Client thread/TRACE] [tnttime/tnttime]: Sent event FMLPostInitializationEvent to mod tnttime
[10:28:04] [Client thread/DEBUG] [FML/]: Bar Step: PostInitialization - TNT Time took 0.000s
[10:28:04] [Client thread/DEBUG] [FML/]: Bar Finished: PostInitialization took 0.350s
[10:28:04] [Client thread/TRACE] [mcp/mcp]: Sending event FMLLoadCompleteEvent to mod mcp
[10:28:04] [Client thread/TRACE] [mcp/mcp]: Sent event FMLLoadCompleteEvent to mod mcp
[10:28:04] [Client thread/DEBUG] [FML/]: Bar Step: LoadComplete - Minecraft Coder Pack took 0.000s
[10:28:04] [Client thread/TRACE] [FML/FML]: Sending event FMLLoadCompleteEvent to mod FML
[10:28:04] [Client thread/TRACE] [FML/FML]: Sent event FMLLoadCompleteEvent to mod FML
[10:28:04] [Client thread/DEBUG] [FML/]: Bar Step: LoadComplete - Forge Mod Loader took 0.000s
[10:28:04] [Client thread/TRACE] [Forge/Forge]: Sending event FMLLoadCompleteEvent to mod Forge
[10:28:04] [Client thread/DEBUG] [FML/Forge]: Forge RecipeSorter Baking:
[10:28:04] [Client thread/DEBUG] [FML/Forge]:   14: RecipeEntry("Before", UNKNOWN, )
[10:28:04] [Client thread/DEBUG] [FML/Forge]:   13: RecipeEntry("minecraft:shaped", SHAPED, net.minecraft.item.crafting.ShapedRecipes) Before: minecraft:shapeless
[10:28:04] [Client thread/DEBUG] [FML/Forge]:   12: RecipeEntry("forge:shapedore", SHAPED, net.minecraftforge.oredict.ShapedOreRecipe) Before: minecraft:shapeless After: minecraft:shaped
[10:28:04] [Client thread/DEBUG] [FML/Forge]:   11: RecipeEntry("minecraft:mapextending", SHAPED, net.minecraft.item.crafting.RecipesMapExtending) Before: minecraft:shapeless After: minecraft:shaped
[10:28:04] [Client thread/DEBUG] [FML/Forge]:   10: RecipeEntry("minecraft:shapeless", SHAPELESS, net.minecraft.item.crafting.ShapelessRecipes) After: minecraft:shaped
[10:28:04] [Client thread/DEBUG] [FML/Forge]:   9: RecipeEntry("minecraft:repair", SHAPELESS, net.minecraft.item.crafting.RecipeRepairItem) After: minecraft:shapeless
[10:28:04] [Client thread/DEBUG] [FML/Forge]:   8: RecipeEntry("forge:shapelessore", SHAPELESS, net.minecraftforge.oredict.ShapelessOreRecipe) After: minecraft:shapeless
[10:28:04] [Client thread/DEBUG] [FML/Forge]:   7: RecipeEntry("minecraft:armordyes", SHAPELESS, net.minecraft.item.crafting.RecipesArmorDyes) After: minecraft:shapeless
[10:28:04] [Client thread/DEBUG] [FML/Forge]:   6: RecipeEntry("minecraft:fireworks", SHAPELESS, net.minecraft.item.crafting.RecipeFireworks) After: minecraft:shapeless
[10:28:04] [Client thread/DEBUG] [FML/Forge]:   5: RecipeEntry("minecraft:pattern_add", SHAPELESS, net.minecraft.item.crafting.RecipesBanners$RecipeAddPattern) After: minecraft:shapeless
[10:28:04] [Client thread/DEBUG] [FML/Forge]:   4: RecipeEntry("minecraft:pattern_dupe", SHAPELESS, net.minecraft.item.crafting.RecipesBanners$RecipeDuplicatePattern) After: minecraft:shapeless
[10:28:04] [Client thread/DEBUG] [FML/Forge]:   3: RecipeEntry("minecraft:bookcloning", SHAPELESS, net.minecraft.item.crafting.RecipeBookCloning) After: minecraft:shapeless
[10:28:04] [Client thread/DEBUG] [FML/Forge]:   2: RecipeEntry("minecraft:mapcloning", SHAPELESS, net.minecraft.item.crafting.RecipesMapCloning) After: minecraft:shapeless
[10:28:04] [Client thread/DEBUG] [FML/Forge]:   1: RecipeEntry("After", UNKNOWN, )
[10:28:04] [Client thread/DEBUG] [FML/Forge]: Sorting recipies
[10:28:04] [Client thread/TRACE] [Forge/Forge]: Sent event FMLLoadCompleteEvent to mod Forge
[10:28:04] [Client thread/DEBUG] [FML/]: Bar Step: LoadComplete - Minecraft Forge took 0.004s
[10:28:04] [Client thread/TRACE] [mousedelayfix/mousedelayfix]: Sending event FMLLoadCompleteEvent to mod mousedelayfix
[10:28:04] [Client thread/TRACE] [mousedelayfix/mousedelayfix]: Sent event FMLLoadCompleteEvent to mod mousedelayfix
[10:28:04] [Client thread/DEBUG] [FML/]: Bar Step: LoadComplete - MouseDelayFix took 0.000s
[10:28:04] [Client thread/TRACE] [polypatcher/polypatcher]: Sending event FMLLoadCompleteEvent to mod polypatcher
[10:28:04] [Client thread/TRACE] [polypatcher/polypatcher]: Sent event FMLLoadCompleteEvent to mod polypatcher
[10:28:04] [Client thread/DEBUG] [FML/]: Bar Step: LoadComplete - PolyPatcher took 0.000s
[10:28:04] [Client thread/TRACE] [essential/essential]: Sending event FMLLoadCompleteEvent to mod essential
[10:28:04] [Client thread/TRACE] [essential/essential]: Sent event FMLLoadCompleteEvent to mod essential
[10:28:04] [Client thread/DEBUG] [FML/]: Bar Step: LoadComplete - Essential took 0.000s
[10:28:04] [Client thread/TRACE] [oneconfig/oneconfig]: Sending event FMLLoadCompleteEvent to mod oneconfig
[10:28:04] [Client thread/TRACE] [oneconfig/oneconfig]: Sent event FMLLoadCompleteEvent to mod oneconfig
[10:28:04] [Client thread/DEBUG] [FML/]: Bar Step: LoadComplete - OneConfig took 0.000s
[10:28:04] [Client thread/TRACE] [bspkrscore/bspkrscore]: Sending event FMLLoadCompleteEvent to mod bspkrscore
[10:28:04] [Client thread/TRACE] [bspkrscore/bspkrscore]: Sent event FMLLoadCompleteEvent to mod bspkrscore
[10:28:04] [Client thread/DEBUG] [FML/]: Bar Step: LoadComplete - bspkrsCore took 0.000s
[10:28:04] [Client thread/TRACE] [statuseffecthud/statuseffecthud]: Sending event FMLLoadCompleteEvent to mod statuseffecthud
[10:28:04] [Client thread/TRACE] [statuseffecthud/statuseffecthud]: Sent event FMLLoadCompleteEvent to mod statuseffecthud
[10:28:04] [Client thread/DEBUG] [FML/]: Bar Step: LoadComplete - StatusEffectHUD took 0.000s
[10:28:04] [Client thread/TRACE] [blockoverlay/blockoverlay]: Sending event FMLLoadCompleteEvent to mod blockoverlay
[10:28:04] [Client thread/TRACE] [blockoverlay/blockoverlay]: Sent event FMLLoadCompleteEvent to mod blockoverlay
[10:28:04] [Client thread/DEBUG] [FML/]: Bar Step: LoadComplete - Block Overlay took 0.000s
[10:28:04] [Client thread/TRACE] [evergreenhud/evergreenhud]: Sending event FMLLoadCompleteEvent to mod evergreenhud
[10:28:04] [Client thread/TRACE] [evergreenhud/evergreenhud]: Sent event FMLLoadCompleteEvent to mod evergreenhud
[10:28:04] [Client thread/DEBUG] [FML/]: Bar Step: LoadComplete - EvergreenHUD took 0.000s
[10:28:04] [Client thread/TRACE] [hytils-reborn/hytils-reborn]: Sending event FMLLoadCompleteEvent to mod hytils-reborn
[10:28:04] [Client thread/TRACE] [hytils-reborn/hytils-reborn]: Sent event FMLLoadCompleteEvent to mod hytils-reborn
[10:28:04] [Client thread/DEBUG] [FML/]: Bar Step: LoadComplete - Hytils Reborn took 0.000s
[10:28:04] [Client thread/TRACE] [polyfrostkeystrokes/polyfrostkeystrokes]: Sending event FMLLoadCompleteEvent to mod polyfrostkeystrokes
[10:28:04] [Client thread/TRACE] [polyfrostkeystrokes/polyfrostkeystrokes]: Sent event FMLLoadCompleteEvent to mod polyfrostkeystrokes
[10:28:04] [Client thread/DEBUG] [FML/]: Bar Step: LoadComplete - Keystrokes took 0.000s
[10:28:04] [Client thread/TRACE] [polycrosshair/polycrosshair]: Sending event FMLLoadCompleteEvent to mod polycrosshair
[10:28:04] [Client thread/TRACE] [polycrosshair/polycrosshair]: Sent event FMLLoadCompleteEvent to mod polycrosshair
[10:28:04] [Client thread/DEBUG] [FML/]: Bar Step: LoadComplete - PolyCrosshair took 0.000s
[10:28:04] [Client thread/TRACE] [patcher/patcher]: Sending event FMLLoadCompleteEvent to mod patcher
[10:28:04] [Client thread/TRACE] [club.sk1er.patcher.config.PatcherConfig/patcher]: Saving config for PolyPatcher...
[10:28:04] [Client thread/TRACE] [club.sk1er.patcher.config.PatcherConfig/patcher]: Saving to:
	OneConfig\profiles\Default Profile\patcher.json
	OneConfig\config\patcher.json
[10:28:04] [Client thread/INFO] [Patcher/patcher]: Minecraft started in 9587ms.
[10:28:04] [Client thread/TRACE] [patcher/patcher]: Sent event FMLLoadCompleteEvent to mod patcher
[10:28:04] [Client thread/DEBUG] [FML/]: Bar Step: LoadComplete - Patcher took 0.006s
[10:28:04] [Client thread/TRACE] [polysprint/polysprint]: Sending event FMLLoadCompleteEvent to mod polysprint
[10:28:04] [Client thread/TRACE] [polysprint/polysprint]: Sent event FMLLoadCompleteEvent to mod polysprint
[10:28:04] [Client thread/DEBUG] [FML/]: Bar Step: LoadComplete - PolySprint took 0.000s
[10:28:04] [Client thread/TRACE] [Squeedometer/Squeedometer]: Sending event FMLLoadCompleteEvent to mod Squeedometer
[10:28:04] [Client thread/TRACE] [Squeedometer/Squeedometer]: Sent event FMLLoadCompleteEvent to mod Squeedometer
[10:28:04] [Client thread/DEBUG] [FML/]: Bar Step: LoadComplete - Squeedometer took 0.000s
[10:28:04] [Client thread/TRACE] [timechanger/timechanger]: Sending event FMLLoadCompleteEvent to mod timechanger
[10:28:04] [Client thread/TRACE] [timechanger/timechanger]: Sent event FMLLoadCompleteEvent to mod timechanger
[10:28:04] [Client thread/DEBUG] [FML/]: Bar Step: LoadComplete - TimeChanger took 0.000s
[10:28:04] [Client thread/TRACE] [tnttime/tnttime]: Sending event FMLLoadCompleteEvent to mod tnttime
[10:28:04] [Client thread/TRACE] [tnttime/tnttime]: Sent event FMLLoadCompleteEvent to mod tnttime
[10:28:04] [Client thread/DEBUG] [FML/]: Bar Step: LoadComplete - TNT Time took 0.000s
[10:28:04] [Client thread/DEBUG] [FML/]: Bar Finished: LoadComplete took 0.011s
[10:28:04] [Client thread/DEBUG] [FML/]: Freezing block and item id maps
[10:28:04] [Client thread/INFO] [FML/]: Forge Mod Loader has successfully loaded 19 mods
[10:28:04] [Client thread/DEBUG] [FML/]: Bar Step: Loading Resources - Essential Assets took 0.000s
[10:28:04] [Client thread/DEBUG] [FML/]: Bar Step: Loading Resources - Essential (forge_1.8.9).processed.jar took 0.006s
[10:28:04] [Client thread/DEBUG] [FML/]: Bar Step: Loading Resources - Default took 0.000s
[10:28:04] [Client thread/DEBUG] [FML/]: Bar Step: Loading Resources - FMLFileResourcePack:Forge Mod Loader took 0.000s
[10:28:04] [Client thread/DEBUG] [FML/]: Bar Step: Loading Resources - FMLFileResourcePack:Minecraft Forge took 0.000s
[10:28:04] [Client thread/DEBUG] [FML/]: Bar Step: Loading Resources - FMLFileResourcePack:Essential took 0.006s
[10:28:04] [Client thread/DEBUG] [FML/]: Bar Step: Loading Resources - FMLFileResourcePack:OneConfig took 0.002s
[10:28:04] [Client thread/DEBUG] [FML/]: Bar Step: Loading Resources - FMLFileResourcePack:bspkrsCore took 0.000s
[10:28:04] [Client thread/DEBUG] [FML/]: Bar Step: Loading Resources - FMLFileResourcePack:StatusEffectHUD took 0.000s
[10:28:04] [Client thread/DEBUG] [FML/]: Bar Step: Loading Resources - FMLFileResourcePack:Block Overlay took 0.000s
[10:28:04] [Client thread/DEBUG] [FML/]: Bar Step: Loading Resources - FMLFileResourcePack:EvergreenHUD took 0.000s
[10:28:04] [Client thread/DEBUG] [FML/]: Bar Step: Loading Resources - FMLFileResourcePack:Hytils Reborn took 0.000s
[10:28:04] [Client thread/DEBUG] [FML/]: Bar Step: Loading Resources - FMLFileResourcePack:Keystrokes took 0.000s
[10:28:04] [Client thread/DEBUG] [FML/]: Bar Step: Loading Resources - FMLFileResourcePack:PolyCrosshair took 0.000s
[10:28:04] [Client thread/DEBUG] [FML/]: Bar Step: Loading Resources - FMLFileResourcePack:Patcher took 0.003s
[10:28:04] [Client thread/DEBUG] [FML/]: Bar Step: Loading Resources - FMLFileResourcePack:PolySprint took 0.000s
[10:28:04] [Client thread/DEBUG] [FML/]: Bar Step: Loading Resources - FMLFileResourcePack:Squeedometer took 0.000s
[10:28:04] [Client thread/DEBUG] [FML/]: Bar Step: Loading Resources - FMLFileResourcePack:TimeChanger took 0.000s
[10:28:04] [Client thread/DEBUG] [FML/]: Bar Step: Loading Resources - FMLFileResourcePack:TNT Time took 0.000s
[10:28:04] [Client thread/DEBUG] [FML/]: Bar Step: Loading Resources - TechProKing16x.zip took 0.003s
[10:28:04] [Client thread/INFO] [Config/]: [OptiFine] *** Reloading textures ***
[10:28:04] [Client thread/INFO] [Config/]: [OptiFine] Resource packs: TechProKing16x.zip
[10:28:05] [Client thread/INFO] [Config/]: [OptiFine] Loading textures/font/ascii.properties
[10:28:05] [Client thread/INFO] [Config/]: [OptiFine] Loading textures/font/ascii_sga.properties
[10:28:05] [Client thread/DEBUG] [FML/]: Bar Finished: ModelLoader: blocks took 0.156s
[10:28:05] [Client thread/DEBUG] [FML/]: Bar Finished: ModelLoader: items took 0.030s
[10:28:05] [Client thread/INFO] [Config/]: [OptiFine] Mipmap levels: 4
[10:28:05] [Client thread/INFO] [Config/]: [OptiFine] Multitexture: false
[10:28:05] [Client thread/INFO] [Config/]: [OptiFine] ConnectedTextures: mcpatcher/ctm/glass black/glass_black.properties
[10:28:05] [Client thread/INFO] [Config/]: [OptiFine] ConnectedTextures: mcpatcher/ctm/glass blue/glass_blue.properties
[10:28:05] [Client thread/INFO] [Config/]: [OptiFine] ConnectedTextures: mcpatcher/ctm/glass brown/glass_brown.properties
[10:28:05] [Client thread/INFO] [Config/]: [OptiFine] ConnectedTextures: mcpatcher/ctm/glass cyan/glass_cyan.properties
[10:28:05] [Client thread/INFO] [Config/]: [OptiFine] ConnectedTextures: mcpatcher/ctm/glass gray/glass_gray.properties
[10:28:05] [Client thread/INFO] [Config/]: [OptiFine] ConnectedTextures: mcpatcher/ctm/glass green/glass_green.properties
[10:28:05] [Client thread/INFO] [Config/]: [OptiFine] ConnectedTextures: mcpatcher/ctm/glass light blue/glass_light_blue.properties
[10:28:05] [Client thread/INFO] [Config/]: [OptiFine] ConnectedTextures: mcpatcher/ctm/glass light gray/glass_silver.properties
[10:28:05] [Client thread/INFO] [Config/]: [OptiFine] ConnectedTextures: mcpatcher/ctm/glass lime/glass_lime.properties
[10:28:05] [Client thread/INFO] [Config/]: [OptiFine] ConnectedTextures: mcpatcher/ctm/glass magenta/glass_magenta.properties
[10:28:05] [Client thread/INFO] [Config/]: [OptiFine] ConnectedTextures: mcpatcher/ctm/glass orange/glass_orange.properties
[10:28:05] [Client thread/INFO] [Config/]: [OptiFine] ConnectedTextures: mcpatcher/ctm/glass pink/glass_pink.properties
[10:28:05] [Client thread/INFO] [Config/]: [OptiFine] ConnectedTextures: mcpatcher/ctm/glass purple/glass_purple.properties
[10:28:05] [Client thread/INFO] [Config/]: [OptiFine] ConnectedTextures: mcpatcher/ctm/glass red/glass_red.properties
[10:28:05] [Client thread/INFO] [Config/]: [OptiFine] ConnectedTextures: mcpatcher/ctm/glass white/glass_white.properties
[10:28:05] [Client thread/INFO] [Config/]: [OptiFine] ConnectedTextures: mcpatcher/ctm/glass yellow/glass_yellow.properties
[10:28:05] [Client thread/INFO] [Config/]: [OptiFine] ConnectedTextures: mcpatcher/ctm/glass/Black Glass/glass_black.properties
[10:28:05] [Client thread/INFO] [Config/]: [OptiFine] ConnectedTextures: mcpatcher/ctm/glass/Blue Glass/glass_blue.properties
[10:28:05] [Client thread/INFO] [Config/]: [OptiFine] ConnectedTextures: mcpatcher/ctm/glass/Brown Glass/glass_brown.properties
[10:28:05] [Client thread/INFO] [Config/]: [OptiFine] ConnectedTextures: mcpatcher/ctm/glass/Cyan Glass/glass_cyan.properties
[10:28:05] [Client thread/INFO] [Config/]: [OptiFine] ConnectedTextures: mcpatcher/ctm/glass/Green Glass/glass_green.properties
[10:28:05] [Client thread/INFO] [Config/]: [OptiFine] ConnectedTextures: mcpatcher/ctm/glass/Grey Glass/glass_gray.properties
[10:28:05] [Client thread/INFO] [Config/]: [OptiFine] ConnectedTextures: mcpatcher/ctm/glass/Light Blue Glass/glass_light_blue.properties
[10:28:05] [Client thread/INFO] [Config/]: [OptiFine] ConnectedTextures: mcpatcher/ctm/glass/Light Grey Glass/glass_silver.properties
[10:28:05] [Client thread/INFO] [Config/]: [OptiFine] ConnectedTextures: mcpatcher/ctm/glass/Lime Glass/glass_lime.properties
[10:28:05] [Client thread/INFO] [Config/]: [OptiFine] ConnectedTextures: mcpatcher/ctm/glass/Magenta Glass/glass_magenta.properties
[10:28:05] [Client thread/INFO] [Config/]: [OptiFine] ConnectedTextures: mcpatcher/ctm/glass/Normal/glass.properties
[10:28:05] [Client thread/INFO] [Config/]: [OptiFine] ConnectedTextures: mcpatcher/ctm/glass/Orange Glass/glass_orange.properties
[10:28:05] [Client thread/INFO] [Config/]: [OptiFine] ConnectedTextures: mcpatcher/ctm/glass/Pink Glass/glass_pink.properties
[10:28:05] [Client thread/INFO] [Config/]: [OptiFine] ConnectedTextures: mcpatcher/ctm/glass/Purple Glass/glass_purple.properties
[10:28:05] [Client thread/INFO] [Config/]: [OptiFine] ConnectedTextures: mcpatcher/ctm/glass/Red Glass/glass_red.properties
[10:28:05] [Client thread/INFO] [Config/]: [OptiFine] ConnectedTextures: mcpatcher/ctm/glass/White Glass/glass_white.properties
[10:28:05] [Client thread/INFO] [Config/]: [OptiFine] ConnectedTextures: mcpatcher/ctm/glass/Yellow Glass/glass_yellow.properties
[10:28:05] [Client thread/INFO] [Config/]: [OptiFine] ConnectedTextures: mcpatcher/ctm/glass/glass.properties
[10:28:05] [Client thread/INFO] [Config/]: [OptiFine] ConnectedTextures: mcpatcher/ctm/glass_clear/glass.properties
[10:28:05] [Client thread/INFO] [Config/]: [OptiFine] Multipass connected textures: false
[10:28:05] [Client thread/INFO] [Config/]: [OptiFine] Multipass connected textures: false
[10:28:05] [Client thread/INFO] [Config/]: [OptiFine] BetterGrass: Parsing default configuration optifine/bettergrass.properties
[10:28:05] [Client thread/INFO] [Config/]: [OptiFine] Custom loader sprites: 1
[10:28:05] [Client thread/INFO] [Config/]: [OptiFine] Custom loader sprites (skipped): 1
[10:28:05] [Client thread/INFO] [Config/]: [OptiFine] Animated sprites: 18
[10:28:06] [Client thread/INFO] [Patcher/]: Saved 86ms by skipping first model baking.
[10:28:06] [Client thread/TRACE] [club.sk1er.patcher.config.PatcherSoundConfig/]: Generating option list for Patcher Sounds... (targetting=club.sk1er.patcher.config.PatcherSoundConfig)
[10:28:06] [Client thread/TRACE] [club.sk1er.patcher.config.PatcherSoundConfig/]: Generating option list for Patcher Sounds... (targetting=cc.polyfrost.oneconfig.config.Config)
[10:28:06] [Client thread/TRACE] [club.sk1er.patcher.config.PatcherSoundConfig/]: Finished generating option list for Patcher Sounds (targetting=cc.polyfrost.oneconfig.config.Config)
[10:28:06] [Client thread/TRACE] [club.sk1er.patcher.config.PatcherSoundConfig/]: Finished generating option list for Patcher Sounds (targetting=club.sk1er.patcher.config.PatcherSoundConfig)
[10:28:06] [Client thread/DEBUG] [FML/]: Bar Finished: Reloading took 1.063s
[10:28:06] [Client thread/DEBUG] [FML/]: Bar Step: Loading Resources - Reloading listeners took 1.063s
[10:28:06] [Client thread/DEBUG] [FML/]: Bar Finished: Loading Resources took 1.084s
[10:28:06] [Client thread/DEBUG] [Forge Mod Loader/]: Mod Forge Mod Loader is missing a pack.mcmeta file, substituting a dummy one
[10:28:06] [Client thread/DEBUG] [Minecraft Forge/]: Mod Minecraft Forge is missing a pack.mcmeta file, substituting a dummy one
[10:28:06] [Client thread/DEBUG] [bspkrsCore/]: Mod bspkrsCore is missing a pack.mcmeta file, substituting a dummy one
[10:28:06] [Client thread/DEBUG] [StatusEffectHUD/]: Mod StatusEffectHUD is missing a pack.mcmeta file, substituting a dummy one
[10:28:06] [Client thread/DEBUG] [Block Overlay/]: Mod Block Overlay is missing a pack.mcmeta file, substituting a dummy one
[10:28:06] [Client thread/DEBUG] [EvergreenHUD/]: Mod EvergreenHUD is missing a pack.mcmeta file, substituting a dummy one
[10:28:06] [Client thread/DEBUG] [Hytils Reborn/]: Mod Hytils Reborn is missing a pack.mcmeta file, substituting a dummy one
[10:28:06] [Client thread/DEBUG] [Keystrokes/]: Mod Keystrokes is missing a pack.mcmeta file, substituting a dummy one
[10:28:06] [Client thread/DEBUG] [PolyCrosshair/]: Mod PolyCrosshair is missing a pack.mcmeta file, substituting a dummy one
[10:28:06] [Client thread/DEBUG] [Squeedometer/]: Mod Squeedometer is missing a pack.mcmeta file, substituting a dummy one
[10:28:06] [Client thread/DEBUG] [TimeChanger/]: Mod TimeChanger is missing a pack.mcmeta file, substituting a dummy one
[10:28:06] [Client thread/DEBUG] [TNT Time/]: Mod TNT Time is missing a pack.mcmeta file, substituting a dummy one
[10:28:06] [Client thread/DEBUG] [mixin/]: Mixing features.optifine.GuiOverlayDebugMixin_SimplifyFpsCounter from mixins.patcher.json into net.minecraft.client.gui.GuiOverlayDebug
[10:28:06] [Client thread/DEBUG] [mixin/]: Mixing features.optifine.GuiOverlayDebugMixin_VanillaMetricsRenderer from mixins.patcher.json into net.minecraft.client.gui.GuiOverlayDebug
[10:28:06] [Client thread/DEBUG] [mixin/]: Mixing client.gui.Mixin_ChatPeek from mixins.essential.json into net.minecraft.client.gui.GuiNewChat
[10:28:06] [Client thread/DEBUG] [mixin/]: Mixing client.gui.Mixin_RemoveChatLimit from mixins.essential.json into net.minecraft.client.gui.GuiNewChat
[10:28:06] [Client thread/DEBUG] [mixin/]: Mixing client.gui.MixinGuiNewChat from mixins.essential.json into net.minecraft.client.gui.GuiNewChat
[10:28:06] [Client thread/TRACE] [mixin/]: Added class metadata for gg/essential/mixins/impl/client/gui/GuiNewChatHook to metadata cache
[10:28:06] [Client thread/TRACE] [mixin/]: Added class metadata for gg/essential/event/network/chat/ChatEvent to metadata cache
[10:28:06] [Client thread/INFO] [mixin/]: Mixing GuiNewChatAccessor from mixins.hytils.json into net.minecraft.client.gui.GuiNewChat
[10:28:06] [Client thread/INFO] [mixin/]: Mixing GuiNewChatMixin_LocrawHider from mixins.hytils.json into net.minecraft.client.gui.GuiNewChat
[10:28:06] [Client thread/TRACE] [mixin/]: Added class metadata for net/minecraft/client/gui/ChatLine to metadata cache
[10:28:06] [Client thread/INFO] [mixin/]: Mixing lineseparator.GuiNewChatMixin from mixins.hytils.json into net.minecraft.client.gui.GuiNewChat
[10:28:06] [Client thread/TRACE] [mixin/]: Added class metadata for org/polyfrost/hytils/hooks/LineSeparatorEnhancements to metadata cache
[10:28:06] [Client thread/DEBUG] [mixin/]: Mixing accessors.GuiNewChatAccessor from mixins.patcher.json into net.minecraft.client.gui.GuiNewChat
[10:28:06] [Client thread/DEBUG] [mixin/]: Mixing bugfixes.GuiNewChat_RemoveChatLimit from mixins.patcher.json into net.minecraft.client.gui.GuiNewChat
[10:28:06] [Client thread/DEBUG] [mixin/]: Mixing bugfixes.GuiNewChatMixin_ChatComponentBoundary from mixins.patcher.json into net.minecraft.client.gui.GuiNewChat
[10:28:06] [Client thread/DEBUG] [mixin/]: Mixing bugfixes.GuiNewChatMixin_NullChatLineFix from mixins.patcher.json into net.minecraft.client.gui.GuiNewChat
[10:28:06] [Client thread/DEBUG] [mixin/]: Mixing features.GuiNewChatMixin_ChatDelay from mixins.patcher.json into net.minecraft.client.gui.GuiNewChat
[10:28:06] [Client thread/TRACE] [mixin/]: Added class metadata for club/sk1er/patcher/hooks/GuiNewChatHook to metadata cache
[10:28:06] [Client thread/TRACE] [mixin/]: Added class metadata for java/util/Deque to metadata cache
[10:28:06] [Client thread/TRACE] [mixin/]: Added class metadata for java/util/Queue to metadata cache
[10:28:06] [Client thread/DEBUG] [mixin/]: Mixing features.GuiNewChatMixin_CompactChat from mixins.patcher.json into net.minecraft.client.gui.GuiNewChat
[10:28:06] [Client thread/TRACE] [mixin/]: Added class metadata for net/minecraft/entity/player/EntityPlayer$EnumChatVisibility to metadata cache
[10:28:06] [Client thread/DEBUG] [mixin/]: Unexpected: Registered method getDrawnChatLines()Ljava/util/List; in net.minecraft.client.gui.GuiNewChat was not merged
[10:28:06] [Client thread/DEBUG] [mixin/]: Unexpected: Registered method getChatLines()Ljava/util/List; in net.minecraft.client.gui.GuiNewChat was not merged
[10:28:06] [Client thread/DEBUG] [mixin/]: Mixing client.gui.MixinGuiPlayerTabOverlay from mixins.essential.json into net.minecraft.client.gui.GuiPlayerTabOverlay
[10:28:06] [Client thread/INFO] [mixin/]: Mixing GuiPlayerTabOverlayMixin_HidePing from mixins.hytils.json into net.minecraft.client.gui.GuiPlayerTabOverlay
[10:28:06] [Client thread/TRACE] [mixin/]: Added class metadata for org/polyfrost/hytils/handlers/lobby/tab/TabChanger to metadata cache
[10:28:06] [Client thread/INFO] [mixin/]: Mixing GuiPlayerTabOverlayMixin_HideNPCs from mixins.hytils.json into net.minecraft.client.gui.GuiPlayerTabOverlay
[10:28:06] [Client thread/TRACE] [mixin/]: Added class metadata for org/polyfrost/hytils/handlers/lobby/npc/NPCHandler to metadata cache
[10:28:06] [Client thread/INFO] [mixin/]: Mixing GuiPlayerTabOverlayMixin_RemoveAds from mixins.hytils.json into net.minecraft.client.gui.GuiPlayerTabOverlay
[10:28:06] [Client thread/TRACE] [mixin/]: Added class metadata for net/minecraft/util/EnumChatFormatting to metadata cache
[10:28:06] [Client thread/TRACE] [mixin/]: Added class metadata for net/minecraft/scoreboard/IScoreObjectiveCriteria$EnumRenderType to metadata cache
[10:28:06] [Client thread/DEBUG] [mixin/]: Mixing bugfixes.GuiOptionsMixin_SaveSettings from mixins.patcher.json into net.minecraft.client.gui.GuiOptions
[10:28:06] [Client thread/TRACE] [mixin/]: Added class metadata for net/minecraft/client/gui/GuiOptionButton to metadata cache
[10:28:06] [Client thread/DEBUG] [mixin/]: Mixing bugfixes.GuiLanguageMixin_ResetUnicodeFont from mixins.patcher.json into net.minecraft.client.gui.GuiLanguage
[10:28:06] [Client thread/TRACE] [mixin/]: Added class metadata for net/minecraftforge/fml/client/IModGuiFactory to metadata cache
[10:28:06] [Client thread/DEBUG] [mixin/]: Mixing features.GuiModListMixin_RemoveDummyPatcherMod from mixins.patcher.json into net.minecraftforge.fml.client.GuiModList
[10:28:06] [Client thread/DEBUG] [mixin/]: Renaming synthetic method lambda$patcher$removeDummyPatcherMod$0(Lnet/minecraftforge/fml/common/ModContainer;)Z to md7ca026$lambda$patcher$removeDummyPatcherMod$0$0 in mixins.patcher.json:features.GuiModListMixin_RemoveDummyPatcherMod
[10:28:06] [Client thread/DEBUG] [FML/]: Bar Finished: Loading took 5.221s
[10:28:06] [Client thread/TRACE] [cc.polyfrost.oneconfig.internal.config.Preferences/]: Generating option list for Preferences... (targetting=cc.polyfrost.oneconfig.internal.config.Preferences)
[10:28:06] [Client thread/TRACE] [cc.polyfrost.oneconfig.internal.config.Preferences/]: Generating option list for Preferences... (targetting=cc.polyfrost.oneconfig.internal.config.InternalConfig)
[10:28:06] [Client thread/TRACE] [cc.polyfrost.oneconfig.internal.config.Preferences/]: Generating option list for Preferences... (targetting=cc.polyfrost.oneconfig.config.Config)
[10:28:06] [Client thread/TRACE] [cc.polyfrost.oneconfig.internal.config.Preferences/]: Finished generating option list for Preferences (targetting=cc.polyfrost.oneconfig.config.Config)
[10:28:06] [Client thread/TRACE] [cc.polyfrost.oneconfig.internal.config.Preferences/]: Finished generating option list for Preferences (targetting=cc.polyfrost.oneconfig.internal.config.InternalConfig)
[10:28:06] [Client thread/TRACE] [cc.polyfrost.oneconfig.internal.config.Preferences/]: Finished generating option list for Preferences (targetting=cc.polyfrost.oneconfig.internal.config.Preferences)
[10:28:06] [Client thread/DEBUG] [OneConfig Profiler/]: registering command took 1.5809ms
[10:28:06] [Essential Discord IPC Polling/DEBUG] [mixin/]: Mixing feature.per_server_privacy.Mixin_AddPerServerPrivacyButton from mixins.essential.json into net.minecraft.client.gui.GuiScreenAddServer
[10:28:06] [Essential Discord IPC Polling/TRACE] [mixin/]: Added class metadata for gg/essential/elementa/font/DefaultFonts to metadata cache
[10:28:06] [Essential Discord IPC Polling/TRACE] [mixin/]: Added class metadata for gg/essential/elementa/utils/TextKt to metadata cache
[10:28:06] [Essential Discord IPC Polling/DEBUG] [mixin/]: Mixing bugfixes.GuiScreenAddServerMixin_RemoveSpaces from mixins.patcher.json into net.minecraft.client.gui.GuiScreenAddServer
[10:28:06] [Essential Discord IPC Polling/TRACE] [mixin/]: Added class metadata for gg/essential/elementa/font/FontProvider to metadata cache
[10:28:06] [Essential Discord IPC Polling/DEBUG] [mixin/]: Mixing bugfixes.GuiScreenResourcePacksMixin_ChangeTextPosition from mixins.patcher.json into net.minecraft.client.gui.GuiScreenResourcePacks
[10:28:06] [Essential Discord IPC Polling/DEBUG] [mixin/]: Mixing bugfixes.GuiScreenResourcePacksMixin_ClearHandles from mixins.patcher.json into net.minecraft.client.gui.GuiScreenResourcePacks
[10:28:06] [Essential Discord IPC Polling/DEBUG] [mixin/]: Mixing bugfixes.GuiScreenResourcePacksMixin_FixOpenPackFolder from mixins.patcher.json into net.minecraft.client.gui.GuiScreenResourcePacks
[10:28:06] [Essential Discord IPC Polling/TRACE] [mixin/]: Added class metadata for cc/polyfrost/oneconfig/libs/universal/UDesktop to metadata cache
[10:28:06] [Essential Discord IPC Polling/DEBUG] [mixin/]: Mixing bugfixes.GuiScreenServerListMixin_RemoveSpaces from mixins.patcher.json into net.minecraft.client.gui.GuiScreenServerList
[10:28:06] [Essential Discord IPC Polling/DEBUG] [mixin/]: Mixing features.GuiScreenServerListMixin_FakeServerListDirectConnect from mixins.patcher.json into net.minecraft.client.gui.GuiScreenServerList
[10:28:06] [Essential Discord IPC Polling/TRACE] [mixin/]: Added class metadata for club/sk1er/patcher/screen/FakeMultiplayerMenu to metadata cache
[10:28:06] [Essential Thread 8/TRACE] [gg.essential.lib.websocket.WebSocketImpl/]: send frame: Framedata{ opcode:BINARY, fin:true, rsv1:false, rsv2:false, rsv3:false, payload length:[pos:0, len:247], payload:      $e2ee1f09-2acc-4312-9a99-8557af9301f3   Ç{"key":"HARDWARE_V2","metadata":{"os":"Windows 11","osVersion":"10.0","cpu":"AMD Ryzen 9 9950X 16-Core Processor            ","gpu":"NVIDIA GeForce RTX 4080 SUPER/PCIe/SSE2","allocatedMemory":28444}}}
[10:28:06] [Essential Thread 8/TRACE] [gg.essential.lib.websocket.drafts.Draft_6455/]: afterEnconding(247):       $e2ee1f09-2acc-4312-9a99-8557af9301f3   Ç{"key":"HARDWARE_V2","metadata":{"os":"Windows 11","osVersion":"10.0","cpu":"AMD Ryzen 9 9950X 16-Core Processor            ","gpu":"NVIDIA GeForce RTX 4080 SUPER/PCIe/SSE2","allocatedMemory":28444}}
[10:28:06] [Essential Thread 8/TRACE] [gg.essential.lib.websocket.WebSocketImpl/]: write(255): ‚þ ÷³?ã†³?ã‰³?ã¢Ö¢†ã‚öÓ¿ž¢‚åÐ½×µ‚¢Î¿Ò©Ú«‹¥Ö±ÒöÚµƒ¡…µ³?ãAÈ²ˆãÊ²Ù¤ûÑ±ÂäÑ±ÃìÆÑ¤Ÿ²ŽãÇñ‡çÇñÁ¼È²Œõ‘ªÁÑÚþ‡éÄãÃ·‚²Ï¤ÜãµãÁãŠéÝ²Ù¤‚ Í¶‘¼ÁåÃåÁ¼‘Ñ®Â“ÂšüÖþÃ¿“©Ú³ƒÈÃ·…½ éÁõÃÖÁÿ€ãÀãŒô“°Ã¦“°Ã¦“°Ã¦‘¼ÁáÃåÁ¼‘ÞµÏ÷Ù¢¦ôõ¥éÁó†¦áÄ»¦‡ Û¶“Ã¶ÖöÂÌÖðÙ†©àÃ¦´‘¼ÁçßüŒåÒä†âþõŽéÁéÁ¼?¨×²‡íž
[10:28:06] [DefaultDispatcher-worker-5/DEBUG] [KDiscordIPC/]: Encoding: {"nonce":"","cmd":"","v":1,"client_id":"894984875755597825","opcode":0}
[10:28:06] [Client thread/DEBUG] [OneConfig Profiler/]: registering command took 0.7543ms
[10:28:06] [Client thread/INFO] [net.optifine.Log/]: [OptiFine] (Reflector) Class not present: mods.betterfoliage.client.BetterFoliageClient
[10:28:06] [WebSocketConnectReadThread-121/TRACE] [gg.essential.lib.websocket.WebSocketImpl/]: process(60): (‚:      $e2ee1f09-2acc-4312-9a99-8557af9301f3   
{"a":true})
[10:28:06] [WebSocketConnectReadThread-121/TRACE] [gg.essential.lib.websocket.drafts.Draft_6455/]: afterDecoding(58):       $e2ee1f09-2acc-4312-9a99-8557af9301f3   
{"a":true}
[10:28:06] [WebSocketConnectReadThread-121/TRACE] [gg.essential.lib.websocket.WebSocketImpl/]: matched frame: Framedata{ opcode:BINARY, fin:true, rsv1:false, rsv2:false, rsv3:false, payload length:[pos:0, len:58], payload:      $e2ee1f09-2acc-4312-9a99-8557af9301f3   
{"a":true}}
[10:28:06] [Client thread/DEBUG] [mixin/]: Mixing performance.forge.ExtendedBlockStateMixin_FasterCreateState from mixins.patcher.json into net.minecraftforge.common.property.ExtendedBlockState
[10:28:06] [Client thread/TRACE] [mixin/]: Added class metadata for net/minecraft/block/state/BlockState to metadata cache
[10:28:06] [Client thread/TRACE] [mixin/]: Added class metadata for club/sk1er/patcher/util/forge/ExtendedStateImplementation to metadata cache
[10:28:06] [Client thread/TRACE] [mixin/]: Added class metadata for net/minecraft/block/state/BlockStateBase to metadata cache
[10:28:06] [Client thread/TRACE] [mixin/]: Added class metadata for net/minecraftforge/common/property/IExtendedBlockState to metadata cache
[10:28:06] [Client thread/TRACE] [mixin/]: Added class metadata for net/minecraft/block/properties/IProperty to metadata cache
[10:28:06] [Client thread/DEBUG] [mixin/]: Mixing client.gui.MixinServerListEntryNormal from mixins.essential.json into net.minecraft.client.gui.ServerListEntryNormal
[10:28:06] [Client thread/TRACE] [mixin/]: Added class metadata for gg/essential/mixins/ext/client/gui/ServerListEntryNormalExt to metadata cache
[10:28:06] [Client thread/TRACE] [mixin/]: Added class metadata for gg/essential/gui/multiplayer/FriendsIndicator to metadata cache
[10:28:06] [Client thread/TRACE] [mixin/]: Added class metadata for java/lang/Character to metadata cache
[10:28:06] [Client thread/TRACE] [mixin/]: Added class metadata for java/util/concurrent/CompletableFuture to metadata cache
[10:28:06] [Client thread/TRACE] [mixin/]: Added class metadata for gg/essential/gui/EssentialPalette to metadata cache
[10:28:06] [Client thread/TRACE] [mixin/]: Added class metadata for gg/essential/gui/image/ImageFactory to metadata cache
[10:28:06] [Client thread/TRACE] [mixin/]: Added class metadata for gg/essential/elementa/components/UIImage to metadata cache
[10:28:06] [Client thread/DEBUG] [mixin/]: Mixing client.gui.ServerListEntryNormalAccessor from mixins.essential.json into net.minecraft.client.gui.ServerListEntryNormal
[10:28:06] [Client thread/DEBUG] [mixin/]: Mixing bugfixes.ServerListEntryNormalMixin_BufferFix from mixins.patcher.json into net.minecraft.client.gui.ServerListEntryNormal
[10:28:06] [Client thread/DEBUG] [mixin/]: Renaming synthetic method lambda$patcher$drawEntry$2(Ljava/util/concurrent/Future;)V to md7ca026$lambda$patcher$drawEntry$2$0 in mixins.patcher.json:bugfixes.ServerListEntryNormalMixin_BufferFix
[10:28:06] [Client thread/DEBUG] [mixin/]: Renaming synthetic method lambda$patcher$drawEntry$1()V to md7ca026$lambda$patcher$drawEntry$1$1 in mixins.patcher.json:bugfixes.ServerListEntryNormalMixin_BufferFix
[10:28:06] [Client thread/DEBUG] [mixin/]: Renaming synthetic method lambda$patcher$getPingTask$0()V to md7ca026$lambda$patcher$getPingTask$0$2 in mixins.patcher.json:bugfixes.ServerListEntryNormalMixin_BufferFix
[10:28:06] [Client thread/TRACE] [mixin/]: Added class metadata for java/util/concurrent/Executors to metadata cache
[10:28:06] [Client thread/TRACE] [mixin/]: Added class metadata for cc/polyfrost/oneconfig/libs/universal/ChatColor to metadata cache
[10:28:06] [Client thread/TRACE] [mixin/]: Added class metadata for java/util/concurrent/ThreadPoolExecutor to metadata cache
[10:28:06] [Client thread/TRACE] [mixin/]: Added class metadata for java/util/concurrent/AbstractExecutorService to metadata cache
[10:28:06] [Client thread/TRACE] [mixin/]: Added class metadata for com/google/common/util/concurrent/ThreadFactoryBuilder to metadata cache
[10:28:06] [Client thread/TRACE] [mixin/]: Added class metadata for java/util/concurrent/ScheduledThreadPoolExecutor to metadata cache
[10:28:06] [Client thread/DEBUG] [mixin/]: Mixing bugfixes.crashes.ServerListEntryNormalMixin_ResolveCrash from mixins.patcher.json into net.minecraft.client.gui.ServerListEntryNormal
[10:28:06] [Client thread/TRACE] [mixin/]: Added class metadata for java/util/concurrent/TimeoutException to metadata cache
[10:28:06] [Client thread/TRACE] [mixin/]: Added class metadata for java/net/UnknownHostException to metadata cache
[10:28:06] [Client thread/TRACE] [mixin/]: Added class metadata for net/minecraft/client/gui/ServerListEntryNormal$1 to metadata cache
[10:28:06] [Client thread/TRACE] [mixin/]: Added class metadata for uz to metadata cache
[10:28:06] [Client thread/TRACE] [mixin/]: Added class metadata for uy to metadata cache
[10:28:06] [Client thread/TRACE] [mixin/]: Added class metadata for uf to metadata cache
[10:28:06] [Client thread/TRACE] [mixin/]: Added class metadata for um to metadata cache
[10:28:06] [Client thread/TRACE] [mixin/]: Added class metadata for vj to metadata cache
[10:28:06] [Client thread/TRACE] [mixin/]: Added class metadata for ux to metadata cache
[10:28:06] [Client thread/TRACE] [mixin/]: Added class metadata for xb to metadata cache
[10:28:06] [Client thread/TRACE] [mixin/]: Added class metadata for net/minecraft/entity/projectile/EntityThrowable to metadata cache
[10:28:06] [Client thread/TRACE] [mixin/]: Added class metadata for xc to metadata cache
[10:28:06] [Client thread/TRACE] [mixin/]: Added class metadata for wz to metadata cache
[10:28:06] [Client thread/TRACE] [mixin/]: Added class metadata for xd to metadata cache
[10:28:06] [Client thread/TRACE] [mixin/]: Added class metadata for net/minecraft/entity/projectile/EntityFireball to metadata cache
[10:28:06] [Client thread/TRACE] [mixin/]: Added class metadata for ww to metadata cache
[10:28:06] [Client thread/TRACE] [mixin/]: Added class metadata for wu to metadata cache
[10:28:06] [Client thread/TRACE] [mixin/]: Added class metadata for wt to metadata cache
[10:28:06] [Client thread/TRACE] [mixin/]: Added class metadata for wr to metadata cache
[10:28:06] [Client thread/TRACE] [mixin/]: Added class metadata for xa to metadata cache
[10:28:06] [Client thread/TRACE] [mixin/]: Added class metadata for up to metadata cache
[10:28:06] [Client thread/TRACE] [mixin/]: Added class metadata for net/minecraft/entity/EntityHanging to metadata cache
[10:28:06] [Client thread/TRACE] [mixin/]: Added class metadata for uo to metadata cache
[10:28:06] [Client thread/TRACE] [mixin/]: Added class metadata for wx to metadata cache
[10:28:06] [Client thread/TRACE] [mixin/]: Added class metadata for wq to metadata cache
[10:28:06] [Client thread/TRACE] [mixin/]: Added class metadata for ur to metadata cache
[10:28:06] [Client thread/TRACE] [mixin/]: Added class metadata for va to metadata cache
[10:28:06] [Client thread/TRACE] [mixin/]: Added class metadata for bew to metadata cache
[10:28:06] [Client thread/TRACE] [mixin/]: Added class metadata for pr to metadata cache
[10:28:06] [Client thread/TRACE] [mixin/]: Added class metadata for aln to metadata cache
[10:28:06] [Client thread/TRACE] [mixin/]: Added class metadata for akw to metadata cache
[10:28:06] [Client thread/TRACE] [mixin/]: Added class metadata for auq$a to metadata cache
[10:28:06] [Client thread/DEBUG] [mixin/]: Mixing client.network.Mixin_JoinEvent from mixins.essential.json into net.minecraft.client.network.NetHandlerPlayClient
[10:28:06] [Client thread/TRACE] [mixin/]: Added class metadata for gg/essential/event/network/server/ServerJoinEvent to metadata cache
[10:28:06] [Client thread/TRACE] [mixin/]: Added class metadata for gg/essential/event/network/server/SingleplayerJoinEvent to metadata cache
[10:28:06] [Client thread/DEBUG] [mixin/]: Mixing client.network.Mixin_RegisterEssentialChannel from mixins.essential.json into net.minecraft.client.network.NetHandlerPlayClient
[10:28:06] [Client thread/TRACE] [mixin/]: Added class metadata for java/nio/charset/StandardCharsets to metadata cache
[10:28:06] [Client thread/DEBUG] [mixin/]: Mixing client.network.Mixin_SendChatEvents from mixins.essential.json into net.minecraft.client.network.NetHandlerPlayClient
[10:28:06] [Client thread/TRACE] [mixin/]: Added class metadata for gg/essential/event/network/chat/SendCommandEvent to metadata cache
[10:28:06] [Client thread/TRACE] [mixin/]: Added class metadata for gg/essential/event/network/chat/SendChatMessageEvent to metadata cache
[10:28:06] [Client thread/DEBUG] [mixin/]: Mixing client.network.Mixin_TabListNameIdCache from mixins.essential.json into net.minecraft.client.network.NetHandlerPlayClient
[10:28:06] [Client thread/TRACE] [mixin/]: Added class metadata for gg/essential/mixins/ext/client/network/NetHandlerPlayClientExt to metadata cache
[10:28:06] [Client thread/TRACE] [mixin/]: Added class metadata for net/minecraft/network/play/server/S38PacketPlayerListItem to metadata cache
[10:28:06] [Client thread/DEBUG] [mixin/]: Mixing bugfixes.NetHandlerPlayClientMixin_FixHandleSpawnPlayerNPE from mixins.patcher.json into net.minecraft.client.network.NetHandlerPlayClient
[10:28:06] [Client thread/TRACE] [mixin/]: Added class metadata for net/minecraft/network/play/server/S0CPacketSpawnPlayer to metadata cache
[10:28:06] [Client thread/DEBUG] [mixin/]: Mixing bugfixes.NetHandlerPlayClientMixin_FixTileEntityNPE from mixins.patcher.json into net.minecraft.client.network.NetHandlerPlayClient
[10:28:06] [Client thread/DEBUG] [mixin/]: Mixing bugfixes.network.NetHandlerPlayClientMixin_ResourceExploitFix from mixins.patcher.json into net.minecraft.client.network.NetHandlerPlayClient
[10:28:06] [Client thread/TRACE] [mixin/]: Added class metadata for club/sk1er/patcher/hooks/NetHandlerPlayClientHook to metadata cache
[10:28:06] [Client thread/DEBUG] [mixin/]: Mixing bugfixes.network.NetHandlerPlayClientMixin_SignChatSpam from mixins.patcher.json into net.minecraft.client.network.NetHandlerPlayClient
[10:28:06] [Client thread/DEBUG] [mixin/]: Mixing features.network.NetHandlerPlayClientMixin_ChatDelay from mixins.patcher.json into net.minecraft.client.network.NetHandlerPlayClient
[10:28:06] [Client thread/DEBUG] [mixin/]: Mixing performance.NetHandlerPlayClientMixin_InstantDimensionSwapping from mixins.patcher.json into net.minecraft.client.network.NetHandlerPlayClient
[10:28:06] [Client thread/TRACE] [mixin/]: Added class metadata for net/minecraft/network/play/INetHandlerPlayClient to metadata cache
[10:28:06] [Client thread/TRACE] [mixin/]: Added class metadata for net/minecraft/network/INetHandler to metadata cache
[10:28:06] [Client thread/TRACE] [mixin/]: Added class metadata for net/minecraft/network/play/server/S01PacketJoinGame to metadata cache
[10:28:06] [Client thread/TRACE] [mixin/]: Added class metadata for net/minecraft/network/play/server/S35PacketUpdateTileEntity to metadata cache
[10:28:06] [Client thread/TRACE] [mixin/]: Added class metadata for net/minecraft/network/play/server/S48PacketResourcePackSend to metadata cache
[10:28:06] [Client thread/TRACE] [mixin/]: Added class metadata for net/minecraft/network/play/server/S02PacketChat to metadata cache
[10:28:06] [Client thread/TRACE] [mixin/]: Added class metadata for net/minecraft/entity/item/EntityEnderCrystal to metadata cache
[10:28:06] [Client thread/TRACE] [mixin/]: Added class metadata for net/minecraft/entity/item/EntityArmorStand to metadata cache
[10:28:06] [Client thread/TRACE] [mixin/]: Added class metadata for net/minecraft/entity/item/EntityTNTPrimed to metadata cache
[10:28:06] [Client thread/TRACE] [mixin/]: Added class metadata for net/minecraft/entity/item/EntityBoat to metadata cache
[10:28:06] [Client thread/TRACE] [mixin/]: Added class metadata for net/minecraft/entity/item/EntityExpBottle to metadata cache
[10:28:06] [Client thread/TRACE] [mixin/]: Added class metadata for net/minecraft/entity/projectile/EntityPotion to metadata cache
[10:28:06] [Client thread/TRACE] [mixin/]: Added class metadata for net/minecraft/entity/projectile/EntityEgg to metadata cache
[10:28:06] [Client thread/TRACE] [mixin/]: Added class metadata for net/minecraft/entity/projectile/EntityWitherSkull to metadata cache
[10:28:06] [Client thread/TRACE] [mixin/]: Added class metadata for net/minecraft/entity/projectile/EntitySmallFireball to metadata cache
[10:28:06] [Client thread/TRACE] [mixin/]: Added class metadata for net/minecraft/entity/projectile/EntityLargeFireball to metadata cache
[10:28:06] [Client thread/TRACE] [mixin/]: Added class metadata for net/minecraft/entity/item/EntityFireworkRocket to metadata cache
[10:28:06] [Client thread/TRACE] [mixin/]: Added class metadata for net/minecraft/entity/item/EntityEnderEye to metadata cache
[10:28:06] [Client thread/TRACE] [mixin/]: Added class metadata for net/minecraft/entity/item/EntityEnderPearl to metadata cache
[10:28:06] [Client thread/TRACE] [mixin/]: Added class metadata for net/minecraft/entity/EntityLeashKnot to metadata cache
[10:28:06] [Client thread/TRACE] [mixin/]: Added class metadata for net/minecraft/entity/projectile/EntitySnowball to metadata cache
[10:28:06] [Client thread/TRACE] [mixin/]: Added class metadata for net/minecraft/entity/item/EntityMinecart to metadata cache
[10:28:06] [Client thread/TRACE] [mixin/]: Added class metadata for net/minecraft/tileentity/TileEntitySign to metadata cache
[10:28:06] [Client thread/TRACE] [mixin/]: Added class metadata for net/minecraft/scoreboard/Team$EnumVisible to metadata cache
[10:28:06] [Client thread/INFO] [mixin/]: Mixing ForgeHooksMixin from mixins.evergreenhud.json into net.minecraftforge.common.ForgeHooks
[10:28:06] [Client thread/TRACE] [mixin/]: Added class metadata for org/polyfrost/evergreenhud/ClientPlaceBlockEvent to metadata cache
[10:28:06] [Client thread/TRACE] [mixin/]: Added class metadata for net/minecraftforge/event/world/BlockEvent$MultiPlaceEvent to metadata cache
[10:28:06] [Client thread/TRACE] [mixin/]: Added class metadata for net/minecraftforge/event/world/BlockEvent$PlaceEvent to metadata cache
[10:28:06] [DefaultDispatcher-worker-5/DEBUG] [KDiscordIPC/]: Decoding: {"cmd":"DISPATCH","data":{"v":1,"config":{"cdn_host":"cdn.discordapp.com","api_endpoint":"//discord.com/api","environment":"production"},"user":{"id":"835241971773079634","username":"techproking","discriminator":"0","global_name":"TechPro","avatar":"f9e67b776ef7ff6de19ee02486f17fb4","avatar_decoration_data":null,"bot":false,"flags":160,"premium_type":0}},"evt":"READY","nonce":null}
[10:28:06] [Client thread/TRACE] [mixin/]: Added class metadata for fb to metadata cache
[10:28:06] [Client thread/DEBUG] [mixin/]: Mixing bugfixes.ContainerMixin_PlaySound from mixins.patcher.json into net.minecraft.inventory.Container
[10:28:06] [Client thread/TRACE] [mixin/]: Added class metadata for cc/polyfrost/oneconfig/libs/universal/USound to metadata cache
[10:28:06] [Client thread/DEBUG] [mixin/]: Mixing features.fullbright.ChunkMixin_Fullbright from mixins.patcher.json into net.minecraft.world.chunk.Chunk
[10:28:06] [Client thread/DEBUG] [mixin/]: Mixing performance.ChunkMixin_Optimization from mixins.patcher.json into net.minecraft.world.chunk.Chunk
[10:28:06] [Client thread/TRACE] [mixin/]: Added class metadata for club/sk1er/patcher/hooks/ChunkHook to metadata cache
[10:28:06] [Client thread/DEBUG] [mixin/]: Mixing performance.ChunkMixin_TileEntityUnload from mixins.patcher.json into net.minecraft.world.chunk.Chunk
[10:28:06] [Client thread/TRACE] [mixin/]: Added class metadata for com/google/common/collect/Iterators to metadata cache
[10:28:06] [Client thread/DEBUG] [mixin/]: Mixing bugfixes.ScoreboardMixin_FixLogSpam from mixins.patcher.json into net.minecraft.scoreboard.Scoreboard
[10:28:06] [Client thread/TRACE] [mixin/]: Added class metadata for net/minecraft/scoreboard/ScorePlayerTeam to metadata cache
[10:28:06] [Client thread/TRACE] [mixin/]: Added class metadata for net/minecraft/scoreboard/ScoreObjective to metadata cache
[10:28:06] [Essential Thread 7/TRACE] [gg.essential.lib.websocket.WebSocketImpl/]: send frame: Framedata{ opcode:BINARY, fin:true, rsv1:false, rsv2:false, rsv3:false, payload length:[pos:0, len:55], payload:           +{"a":"mod.ClientModsAnnouncePacket","b":17}}
[10:28:06] [Essential Thread 7/TRACE] [gg.essential.lib.websocket.drafts.Draft_6455/]: afterEnconding(55):            +{"a":"mod.ClientModsAnnouncePacket","b":17}
[10:28:06] [Essential Thread 7/TRACE] [gg.essential.lib.websocket.WebSocketImpl/]: write(61): ‚·å5–å5–å5–å5–2ž÷;ßûv?ÕuŒPøm¨Zòj¤[øv?[õ|µTõr€A´5ÇW´#Ôë
[10:28:06] [Essential Thread 7/TRACE] [gg.essential.lib.websocket.WebSocketImpl/]: send frame: Framedata{ opcode:BINARY, fin:true, rsv1:false, rsv2:false, rsv3:false, payload length:[pos:0, len:544], payload:         {"b":"1.8.9","a":["c0909a329582f4a244686ec832346350","8e82733d69db0da7dda02707c38ee663","bfe73f7052363144913681a7d5032653","04fc407a7e3eab7f356d5227f8babd27","b41e79d2d5f817e94a3498929411cdfc","87dbae6bed2bab940eb44220ada193d4","c45ab12b44c85218cc5728cec32073b8","008d699af183a14bdd6fdad143cf8de9","2eab1eb120298246c3fc7e06de5d2541","7a98383ee3455d5b5bf21b40ea309f34","3074496a92b892c607872ad97c40b167","fde3755fca8b1dbf849332d3d990d79e","157240f650762d46394b2cc1f052758b","0319acf44a552bc39c92ff84cec85929"],"c":"FORGE","d":"2318"}}
[10:28:06] [Essential Thread 7/TRACE] [gg.essential.lib.websocket.drafts.Draft_6455/]: afterEnconding(544):          {"b":"1.8.9","a":["c0909a329582f4a244686ec832346350","8e82733d69db0da7dda02707c38ee663","bfe73f7052363144913681a7d5032653","04fc407a7e3eab7f356d5227f8babd27","b41e79d2d5f817e94a3498929411cdfc","87dbae6bed2bab940eb44220ada193d4","c45ab12b44c85218cc5728cec32073b8","008d699af183a14bdd6fdad143cf8de9","2eab1eb120298246c3fc7e06de5d2541","7a98383ee3455d5b5bf21b40ea309f34","3074496a92b892c607872ad97c40b167","fde3755fca8b1dbf849332d3d990d79e","157240f650762d46394b2cc1f052758b","0319acf44a552bc39c92ff84cec85929"],"c":"FORGE","d":"2318"}
[10:28:06] [Essential Thread 7/TRACE] [gg.essential.lib.websocket.WebSocketImpl/]: write(552): ‚þ ×èIœ×èI?×èIœ×èKˆ¬Ê+¾íÊx²ïÆp¾ûÊ(¾í³kÿçÑy¥¶Û{¥âÐ{úã‰{¨ãÞqª²‹q¯åÛ}ªäÝy¾ûÊqùïÚ~¯äŒ¥³Šyø¶ß-ø¶Ø{«çß*¯ï?,ªáÛk°õŠ/ùàÛ/«çÝ{¯áÛx¨ãÑx¯áÐxýàŒ|¬äÚ©äÊe¾çÜ/ÿãØ~ýà?zù¶Š~úäÝøâÚ{«±Ð+ýµŒ{«õÄkþãÙ,«îŒ{øâŽq­à?p¨¶Û}¥ïÑ{¥ãÙxÿ³Ž*¾ûÊq«³Š(ùáŠ,øåŠ(þîÜyùµÜ}®åØ(ø¶Ùp¯³Ük°õ‹}©¶Šx®µÜ}ÿïÝ{­ï‹*©àÚqÿ²‹z®çßzþïÊe¾çØqøáÑpý±Ùq¯¶Ù}þ³Œú³‰-­ãÛ*úïŒ,¥õÄk®²‰+­²Šx®çÚp¤åÜÿäŽ*«²Øø²Ý-®âÜx¾ûÊ~ýîÐz¤ä?,¯ãÝ|øâŠ|þ±ÚxþãØ,ýäØpúäÜk°õÛy«ãÜpª¶Ñ{þïÑ{ÿáØ~¤àÚ(øîß*¨çŠxªàÊe¾±Œ,¯àÝ|ú´‰qþæŒ+úïÜp¯äÚ-¯³Ñp¬³ßpùõÄk­âß{¨çŽ©çß®³Ü¯îÜ+®´‹xúçÝ{«âÐ+¾ûÊy¯æÑ(ÿ±Ü}ýâÝ{þ´ÛpÿîÚ/úïÜ*ù´Ð|¥åÑkÁûÊ*¾íÊÓ…¯¾ûÊ-¾íÊ{¯æÐká
[10:28:06] [Client thread/DEBUG] [mixin/]: Mixing performance.forge.LightUtilMixin_OptimizeNormals from mixins.patcher.json into net.minecraftforge.client.model.pipeline.LightUtil
[10:28:06] [Client thread/DEBUG] [mixin/]: Renaming synthetic method lambda$mapFormats$0(Lorg/apache/commons/lang3/tuple/Pair;)[I to md7ca026$lambda$mapFormats$0$0 in mixins.patcher.json:performance.forge.LightUtilMixin_OptimizeNormals
[10:28:06] [Client thread/TRACE] [mixin/]: Added class metadata for java/util/concurrent/ConcurrentMap to metadata cache
[10:28:06] [Client thread/TRACE] [mixin/]: Added class metadata for net/minecraft/client/renderer/vertex/VertexFormatElement to metadata cache
[10:28:06] [Client thread/TRACE] [mixin/]: Added class metadata for club/sk1er/patcher/hooks/VertexLighterFlatHook to metadata cache
[10:28:06] [Client thread/DEBUG] [mixin/]: Mixing accessors.MinecraftForgeClientAccessor from mixins.patcher.json into net.minecraftforge.client.MinecraftForgeClient
[10:28:06] [Client thread/DEBUG] [mixin/]: Renaming @Accessor method getRegionCache()Lcom/google/common/cache/LoadingCache; to getRegionCache_$md$7ca026$0 in mixins.patcher.json:accessors.MinecraftForgeClientAccessor
[10:28:06] [Client thread/DEBUG] [mixin/]: Mixing bugfixes.optifine.RegionRenderCacheMixin_FixConnectedTextures from mixins.patcher.json into net.minecraft.client.renderer.RegionRenderCache
[10:28:06] [Client thread/TRACE] [mixin/]: Added class metadata for net/minecraft/world/ChunkCache to metadata cache
[10:28:06] [DefaultDispatcher-worker-1/INFO] [Essential Logger/]: Connected to Discord as techproking
[10:28:06] [Client thread/DEBUG] [mixin/]: Mixing features.InventoryPlayerTransformer_HotbarScrolling from mixins.patcher.json into net.minecraft.entity.player.InventoryPlayer
[10:28:06] [Client thread/TRACE] [mixin/]: Added class metadata for net/minecraft/inventory/IInventory to metadata cache
[10:28:06] [Client thread/TRACE] [mixin/]: Added class metadata for net/minecraft/world/IWorldNameable to metadata cache
[10:28:06] [DefaultDispatcher-worker-1/DEBUG] [KDiscordIPC/]: Encoding: {"opcode":1,"cmd":"SUBSCRIBE","args":{},"nonce":"1ca8cbc2-ab19-453d-87a3-617724baad02","evt":"ACTIVITY_JOIN_REQUEST"}
[10:28:06] [Client thread/INFO] [Config/]: [OptiFine] *** Reloading custom textures ***
[10:28:07] [Client thread/INFO] [Config/]: [OptiFine] Natural Textures: Parsing default configuration "optifine/natural.properties"
[10:28:07] [Client thread/INFO] [Config/]: [OptiFine] Natural Textures: Valid only for textures from default resource pack
[10:28:07] [Client thread/DEBUG] [mixin/]: Mixing accessors.optifine.CustomColorsAccessor from mixins.patcher.json into net.optifine.CustomColors
[10:28:07] [Client thread/DEBUG] [mixin/]: Renaming @Invoker method invokeGetTextColor(II)I to invokeGetTextColor_$md$7ca026$0 in mixins.patcher.json:accessors.optifine.CustomColorsAccessor
[10:28:07] [Client thread/TRACE] [mixin/]: Added class metadata for java/io/FileNotFoundException to metadata cache
[10:28:07] [Client thread/TRACE] [mixin/]: Added class metadata for net/optifine/CustomColors$IColorizer to metadata cache
[10:28:07] [Client thread/TRACE] [mixin/]: Added class metadata for net/optifine/CustomColormap to metadata cache
[10:28:07] [Client thread/INFO] [Config/]: [OptiFine] CustomColors: Loading mcpatcher/color.properties
[10:28:07] [Client thread/INFO] [Config/]: [OptiFine] CustomColors: drop.water = ffffff
[10:28:07] [Client thread/INFO] [Config/]: [OptiFine] CustomColors: lilypad = 577119
[10:28:07] [Client thread/INFO] [Config/]: [OptiFine] CustomColors: text.xpbar = 00ebeb
[10:28:07] [Client thread/INFO] [Config/]: [OptiFine] CustomColors: text.boss = c338ff
[10:28:07] [Client thread/INFO] [Config/]: [OptiFine] CustomSky properties: mcpatcher/sky/world0/sky1.properties
[10:28:07] [Client thread/INFO] [Config/]: [OptiFine] CustomSky: Texture not found: minecraft:mcpatcher/sky/world0/starfield.png
[10:28:07] [Client thread/INFO] [Config/]: [OptiFine] CustomSky properties: mcpatcher/sky/world0/sky2.properties
[10:28:07] [DefaultDispatcher-worker-7/DEBUG] [KDiscordIPC/]: Decoding: {"cmd":"SUBSCRIBE","data":{"evt":"ACTIVITY_JOIN_REQUEST"},"evt":null,"nonce":"1ca8cbc2-ab19-453d-87a3-617724baad02"}
[10:28:07] [DefaultDispatcher-worker-7/DEBUG] [KDiscordIPC/]: Encoding: {"opcode":1,"cmd":"SUBSCRIBE","args":{},"nonce":"eca6b9f3-b125-4edf-b939-46438909768d","evt":"ACTIVITY_JOIN"}
[10:28:07] [DefaultDispatcher-worker-3/DEBUG] [KDiscordIPC/]: Decoding: {"cmd":"SUBSCRIBE","data":{"evt":"ACTIVITY_JOIN"},"evt":null,"nonce":"eca6b9f3-b125-4edf-b939-46438909768d"}
[10:28:07] [DefaultDispatcher-worker-3/DEBUG] [KDiscordIPC/]: Encoding: {"opcode":1,"cmd":"SUBSCRIBE","args":{},"nonce":"2f32129a-96d4-447a-99ca-112e563fc73e","evt":"ACTIVITY_INVITE"}
[10:28:07] [DefaultDispatcher-worker-6/DEBUG] [KDiscordIPC/]: Decoding: {"cmd":"SUBSCRIBE","data":{"evt":"ACTIVITY_INVITE"},"evt":null,"nonce":"2f32129a-96d4-447a-99ca-112e563fc73e"}
[10:28:07] [DefaultDispatcher-worker-6/DEBUG] [KDiscordIPC/]: Encoding: {"opcode":1,"cmd":"SUBSCRIBE","args":{},"nonce":"74c5b415-567c-436a-9e8f-1698f440996c","evt":"ACTIVITY_SPECTATE"}
[10:28:07] [Client thread/INFO] [Config/]: [OptiFine] CustomSky properties: mcpatcher/sky/world0/sky3.properties
[10:28:07] [DefaultDispatcher-worker-7/DEBUG] [KDiscordIPC/]: Decoding: {"cmd":"SUBSCRIBE","data":{"evt":"ACTIVITY_SPECTATE"},"evt":null,"nonce":"74c5b415-567c-436a-9e8f-1698f440996c"}
[10:28:07] [DefaultDispatcher-worker-7/DEBUG] [KDiscordIPC/]: Encoding: {"args":{"pid":101344,"activity":{"details":"Playing Minecraft 1.8.9","state":"Looking at the main menu","assets":{"large_image":"icon","small_image":"https://crafthead.net/helm/55ec3042-107a-413f-a189-3a26292be9df","small_text":"TechProKing"},"instance":false}},"cmd":"SET_ACTIVITY","opcode":1,"nonce":"e597c51d-7740-44b8-b6fa-7bc22a0455ff"}
[10:28:07] [DefaultDispatcher-worker-1/DEBUG] [KDiscordIPC/]: Decoding: {"cmd":"SET_ACTIVITY","data":{"details":"Playing Minecraft 1.8.9","state":"Looking at the main menu","assets":{"large_image":"1245708130927640691","small_image":"mp:external/6tXS4fp4OHmE79BgCdT9Ix2g9T8J6b__iH3xgXubpZs/https/crafthead.net/helm/55ec3042-107a-413f-a189-3a26292be9df","small_text":"TechProKing"},"name":"Essential","application_id":"894984875755597825","type":0,"metadata":{}},"evt":null,"nonce":"e597c51d-7740-44b8-b6fa-7bc22a0455ff"}
[10:28:07] [Client thread/INFO] [Config/]: [OptiFine] CustomSky properties: mcpatcher/sky/world0/sky4.properties
[10:28:07] [Client thread/INFO] [Config/]: [OptiFine] CustomSky properties: mcpatcher/sky/world0/sky5.properties
[10:28:07] [Client thread/INFO] [Config/]: [OptiFine] CustomSky properties: mcpatcher/sky/world0/sky6.properties
[10:28:07] [Client thread/INFO] [Config/]: [OptiFine] CustomSky: Texture not found: minecraft:mcpatcher/sky/world0/starfield01.png
[10:28:07] [Client thread/INFO] [Config/]: [OptiFine] CustomSky properties: mcpatcher/sky/world0/sky7.properties
[10:28:07] [Client thread/INFO] [Config/]: [OptiFine] CustomSky: Texture not found: minecraft:mcpatcher/sky/world0/galaxies.png
[10:28:07] [Client thread/INFO] [Config/]: [OptiFine] CustomSky properties: mcpatcher/sky/world0/sky8.properties
[10:28:07] [Client thread/INFO] [Config/]: [OptiFine] CustomSky: Texture not found: minecraft:mcpatcher/sky/world0/depth.png
[10:28:07] [Client thread/INFO] [Config/]: [OptiFine] CustomSky properties: mcpatcher/sky/world0/sky9.properties
[10:28:07] [Client thread/INFO] [Config/]: [OptiFine] CustomSky: Texture not found: minecraft:mcpatcher/sky/world0/aurora.png
[10:28:07] [Client thread/INFO] [Config/]: [OptiFine] CustomSky properties: mcpatcher/sky/world0/sky10.properties
[10:28:07] [Client thread/INFO] [Config/]: [OptiFine] CustomSky: Texture not found: minecraft:mcpatcher/sky/world0/stardust.png
[10:28:07] [Client thread/INFO] [Config/]: [OptiFine] CustomSky properties: mcpatcher/sky/world0/sky11.properties
[10:28:07] [Client thread/INFO] [Config/]: [OptiFine] CustomSky: Texture not found: minecraft:mcpatcher/sky/world0/sunrisecloud.png
[10:28:07] [Client thread/INFO] [Config/]: [OptiFine] CustomSky properties: mcpatcher/sky/world0/sky12.properties
[10:28:07] [Client thread/INFO] [Config/]: [OptiFine] CustomSky: Texture not found: minecraft:mcpatcher/sky/world0/sky_nightmagic.png
[10:28:07] [Client thread/INFO] [Config/]: [OptiFine] CustomSky properties: mcpatcher/sky/world0/sky13.properties
[10:28:07] [Client thread/INFO] [Config/]: [OptiFine] CustomSky: Texture not found: minecraft:mcpatcher/sky/world0/sky_nightmagic2.png
[10:28:07] [Client thread/INFO] [Config/]: [OptiFine] CustomSky properties: mcpatcher/sky/world0/sky14.properties
[10:28:07] [Client thread/INFO] [Config/]: [OptiFine] CustomSky: Texture not found: minecraft:mcpatcher/sky/world0/shootingstar.png
[10:28:07] [Client thread/INFO] [Config/]: [OptiFine] CustomSky properties: mcpatcher/sky/world0/sky15.properties
[10:28:07] [Client thread/INFO] [Config/]: [OptiFine] CustomSky: Texture not found: minecraft:mcpatcher/sky/world0/shootingstar.png
[10:28:07] [Client thread/INFO] [Config/]: [OptiFine] CustomSky properties: mcpatcher/sky/world0/sky16.properties
[10:28:07] [Client thread/INFO] [Config/]: [OptiFine] CustomSky: Texture not found: minecraft:mcpatcher/sky/world0/sky_shootingstar.png
[10:28:07] [Client thread/INFO] [Config/]: [OptiFine] CustomSky properties: mcpatcher/sky/world0/sky17.properties
[10:28:07] [Client thread/INFO] [Config/]: [OptiFine] CustomSky: Texture not found: minecraft:mcpatcher/sky/world0/sky_shootingstar.png
[10:28:07] [Client thread/INFO] [Config/]: [OptiFine] CustomSky properties: mcpatcher/sky/world0/sky18.properties
[10:28:07] [Client thread/INFO] [Config/]: [OptiFine] CustomSky: Texture not found: minecraft:mcpatcher/sky/world0/sky_shootingstar.png
[10:28:07] [Client thread/INFO] [Config/]: [OptiFine] CustomSky properties: mcpatcher/sky/world0/sky19.properties
[10:28:07] [Client thread/INFO] [Config/]: [OptiFine] CustomSky: Texture not found: minecraft:mcpatcher/sky/world0/sky_shootingstar2.png
[10:28:07] [Client thread/INFO] [Config/]: [OptiFine] CustomSky properties: mcpatcher/sky/world0/sky20.properties
[10:28:07] [Client thread/INFO] [Config/]: [OptiFine] CustomSky: Texture not found: minecraft:mcpatcher/sky/world0/sky_shootingstar2.png
[10:28:07] [Client thread/INFO] [Config/]: [OptiFine] CustomSky properties: mcpatcher/sky/world0/sky21.properties
[10:28:07] [Client thread/INFO] [Config/]: [OptiFine] CustomSky: Texture not found: minecraft:mcpatcher/sky/world0/sky_shootingstar2.png
[10:28:07] [Client thread/INFO] [Config/]: [OptiFine] CustomSky properties: mcpatcher/sky/world0/sky22.properties
[10:28:07] [Client thread/INFO] [Config/]: [OptiFine] CustomSky: Texture not found: minecraft:mcpatcher/sky/world0/sky_shootingstar3.png
[10:28:07] [Client thread/INFO] [Config/]: [OptiFine] CustomSky properties: mcpatcher/sky/world0/sky23.properties
[10:28:07] [Client thread/INFO] [Config/]: [OptiFine] CustomSky: Texture not found: minecraft:mcpatcher/sky/world0/sky_shootingstar3.png
[10:28:07] [Client thread/INFO] [Config/]: [OptiFine] CustomSky properties: mcpatcher/sky/world0/sky24.properties
[10:28:07] [Client thread/INFO] [Config/]: [OptiFine] CustomSky: Texture not found: minecraft:mcpatcher/sky/world0/sky_shootingstar3.png
[10:28:07] [Client thread/INFO] [Config/]: [OptiFine] CustomSky properties: mcpatcher/sky/world0/sky25.properties
[10:28:07] [Client thread/INFO] [Config/]: [OptiFine] CustomSky: Texture not found: minecraft:mcpatcher/sky/world0/sky_shootingstar4.png
[10:28:07] [Client thread/INFO] [Config/]: [OptiFine] CustomSky properties: mcpatcher/sky/world0/sky26.properties
[10:28:07] [Client thread/INFO] [Config/]: [OptiFine] CustomSky: Texture not found: minecraft:mcpatcher/sky/world0/sky_shootingstar4.png
[10:28:07] [Client thread/INFO] [Config/]: [OptiFine] CustomSky properties: mcpatcher/sky/world0/sky27.properties
[10:28:07] [Client thread/INFO] [Config/]: [OptiFine] CustomSky: Texture not found: minecraft:mcpatcher/sky/world0/sky_shootingstar4.png
[10:28:07] [Client thread/INFO] [Config/]: [OptiFine] CustomSky properties: mcpatcher/sky/world0/sky28.properties
[10:28:07] [Client thread/INFO] [Config/]: [OptiFine] CustomSky: Texture not found: minecraft:mcpatcher/sky/world0/sky_shootingstar5.png
[10:28:07] [Client thread/INFO] [Config/]: [OptiFine] CustomSky properties: mcpatcher/sky/world0/sky29.properties
[10:28:07] [Client thread/INFO] [Config/]: [OptiFine] CustomSky: Texture not found: minecraft:mcpatcher/sky/world0/sky_shootingstar5.png
[10:28:07] [Client thread/INFO] [Config/]: [OptiFine] CustomSky properties: mcpatcher/sky/world0/sky30.properties
[10:28:07] [Client thread/INFO] [Config/]: [OptiFine] CustomSky: Texture not found: minecraft:mcpatcher/sky/world0/sky_shootingstar5.png
[10:28:07] [Client thread/INFO] [Config/]: [OptiFine] CustomSky properties: mcpatcher/sky/world0/sky31.properties
[10:28:07] [Client thread/INFO] [Config/]: [OptiFine] CustomSky: Texture not found: minecraft:mcpatcher/sky/world0/sky_shootingstar6.png
[10:28:07] [Client thread/INFO] [Config/]: [OptiFine] CustomSky properties: mcpatcher/sky/world0/sky32.properties
[10:28:07] [Client thread/INFO] [Config/]: [OptiFine] CustomSky: Texture not found: minecraft:mcpatcher/sky/world0/sky_northstar.png
[10:28:07] [Client thread/INFO] [Config/]: [OptiFine] CustomSky properties: mcpatcher/sky/world0/sky33.properties
[10:28:07] [Client thread/INFO] [Config/]: [OptiFine] CustomSky: Texture not found: minecraft:mcpatcher/sky/world0/sky_northstarnight.png
[10:28:07] [Client thread/INFO] [Config/]: [OptiFine] CustomSky properties: mcpatcher/sky/world0/sky34.properties
[10:28:07] [Client thread/INFO] [Config/]: [OptiFine] CustomSky: Texture not found: minecraft:mcpatcher/sky/world0/rainbow.png
[10:28:07] [Client thread/INFO] [Config/]: [OptiFine] CustomSky properties: mcpatcher/sky/world0/sky35.properties
[10:28:07] [Client thread/INFO] [Config/]: [OptiFine] CustomSky properties: mcpatcher/sky/world0/sky36.properties
[10:28:07] [Client thread/INFO] [Config/]: [OptiFine] CustomSky properties: mcpatcher/sky/world0/sky37.properties
[10:28:07] [Client thread/INFO] [Config/]: [OptiFine] CustomSky: Texture not found: minecraft:mcpatcher/sky/world0/starfield02.png
[10:28:07] [Client thread/INFO] [Config/]: [OptiFine] CustomSky properties: mcpatcher/sky/world0/sky38.properties
[10:28:07] [Client thread/INFO] [Config/]: [OptiFine] CustomSky properties: mcpatcher/sky/world0/sky39.properties
[10:28:07] [Client thread/INFO] [Config/]: [OptiFine] CustomSky properties: mcpatcher/sky/world0/sky40.properties
[10:28:07] [Client thread/INFO] [Config/]: [OptiFine] CustomSky properties: mcpatcher/sky/world0/sky41.properties
[10:28:07] [Client thread/INFO] [Config/]: [OptiFine] CustomSky: Texture not found: minecraft:mcpatcher/sky/world0/stars_galaxy.png
[10:28:07] [Client thread/INFO] [Config/]: [OptiFine] CustomSky properties: mcpatcher/sky/world0/sky42.properties
[10:28:07] [Client thread/INFO] [Config/]: [OptiFine] CustomSky: Texture not found: minecraft:mcpatcher/sky/world0/sky_earth.png
[10:28:07] [Client thread/INFO] [Config/]: [OptiFine] CustomSky properties: mcpatcher/sky/world0/sky43.properties
[10:28:07] [Client thread/INFO] [Config/]: [OptiFine] CustomSky properties: mcpatcher/sky/world0/sky44.properties
[10:28:07] [Client thread/INFO] [Config/]: [OptiFine] CustomSky: Texture not found: minecraft:mcpatcher/sky/world0/sky_boxsunsetrays2.png
[10:28:07] [Client thread/INFO] [Config/]: [OptiFine] CustomSky properties: mcpatcher/sky/world0/sky45.properties
[10:28:07] [Client thread/INFO] [Config/]: [OptiFine] CustomSky: Texture not found: minecraft:mcpatcher/sky/world0/sky_boxsunsetraysdown1.png
[10:28:07] [Client thread/INFO] [Config/]: [OptiFine] CustomSky properties: mcpatcher/sky/world0/sky46.properties
[10:28:07] [Client thread/INFO] [Config/]: [OptiFine] CustomSky: Texture not found: minecraft:mcpatcher/sky/world0/sky_boxsunsetrays2.png
[10:28:07] [Client thread/INFO] [Config/]: [OptiFine] CustomSky properties: mcpatcher/sky/world0/sky47.properties
[10:28:07] [Client thread/INFO] [Config/]: [OptiFine] CustomSky: Texture not found: minecraft:mcpatcher/sky/world0/sky_boxsunsetrays.png
[10:28:07] [Client thread/DEBUG] [mixin/]: Mixing performance.TileEntityRendererDispatcherMixin_RemoveInvalidEntities from mixins.patcher.json into net.minecraft.client.renderer.tileentity.TileEntityRendererDispatcher
[10:28:07] [Client thread/WARN] [mixin/]: Static binding violation: PRIVATE @Overwrite method func_147547_b in mixins.patcher.json:performance.TileEntityRendererDispatcherMixin_RemoveInvalidEntities cannot reduce visibiliy of PUBLIC target method, visibility will be upgraded.
[10:28:07] [Client thread/DEBUG] [mixin/]: Mixing bugfixes.TileEntityRendererDispatcherMixin_EnableLighting from mixins.patcher.json into net.minecraft.client.renderer.tileentity.TileEntityRendererDispatcher
[10:28:07] [Client thread/TRACE] [mixin/]: Added class metadata for net/minecraft/client/renderer/RenderHelper to metadata cache
[10:28:07] [Client thread/DEBUG] [mixin/]: Mixing performance.TileEntityRendererDispatcherMixin_BatchDraw from mixins.patcher.json into net.minecraft.client.renderer.tileentity.TileEntityRendererDispatcher
[10:28:07] [Client thread/DEBUG] [mixin/]: Mixing performance.TileEntityMobSpawnerRendererMixin_EntityCulling from mixins.patcher.json into net.minecraft.client.renderer.tileentity.TileEntityMobSpawnerRenderer
[10:28:07] [Client thread/DEBUG] [mixin/]: Mixing features.TileEntityEndPortalRendererMixins_CancelRender from mixins.patcher.json into net.minecraft.client.renderer.tileentity.TileEntityEndPortalRenderer
[10:28:07] [Client thread/INFO] [Config/]: [OptiFine] Enable face culling: acacia_leaves, birch_leaves, dark_oak_leaves, jungle_leaves, oak_leaves, spruce_leaves
[10:28:07] [Client thread/DEBUG] [FML/]: Bar Finished: Loading Resource - TextureUtils$1 took 0.724s
[10:28:09] [WebSocketConnectReadThread-121/TRACE] [gg.essential.lib.websocket.WebSocketImpl/]: process(81): (‚?           3{"a":"connection.ConnectionKeepAlivePacket","b":33}‚   !       {})
[10:28:09] [WebSocketConnectReadThread-121/TRACE] [gg.essential.lib.websocket.drafts.Draft_6455/]: afterDecoding(63):            3{"a":"connection.ConnectionKeepAlivePacket","b":33}
[10:28:09] [WebSocketConnectReadThread-121/TRACE] [gg.essential.lib.websocket.drafts.Draft_6455/]: afterDecoding(14):    !       {}
[10:28:09] [WebSocketConnectReadThread-121/TRACE] [gg.essential.lib.websocket.WebSocketImpl/]: matched frame: Framedata{ opcode:BINARY, fin:true, rsv1:false, rsv2:false, rsv3:false, payload length:[pos:0, len:63], payload:           3{"a":"connection.ConnectionKeepAlivePacket","b":33}}
[10:28:09] [WebSocketConnectReadThread-121/TRACE] [gg.essential.lib.websocket.WebSocketImpl/]: matched frame: Framedata{ opcode:BINARY, fin:true, rsv1:false, rsv2:false, rsv3:false, payload length:[pos:0, len:14], payload:   !       {}}
[10:28:09] [Essential Thread 10/TRACE] [gg.essential.lib.websocket.WebSocketImpl/]: send frame: Framedata{ opcode:BINARY, fin:true, rsv1:false, rsv2:false, rsv3:false, payload length:[pos:0, len:63], payload:           3{"a":"connection.ConnectionKeepAlivePacket","b":18}}
[10:28:09] [Essential Thread 10/TRACE] [gg.essential.lib.websocket.drafts.Draft_6455/]: afterEnconding(63):            3{"a":"connection.ConnectionKeepAlivePacket","b":18}
[10:28:09] [Essential Thread 10/TRACE] [gg.essential.lib.websocket.WebSocketImpl/]: write(69): ‚¿ð˜6½ð˜6½ð˜6½ð˜6Ž‹ºWŸÊºUÒžöSÞ„ñYÓÞÛYÓžýUÉ™÷Xö•ýFüœñ@Ø ùUÖ•ì‘Òú‡Á K
[10:28:09] [Essential Thread 10/TRACE] [gg.essential.lib.websocket.WebSocketImpl/]: send frame: Framedata{ opcode:BINARY, fin:true, rsv1:false, rsv2:false, rsv3:false, payload length:[pos:0, len:14], payload:          {}}
[10:28:09] [Essential Thread 10/TRACE] [gg.essential.lib.websocket.drafts.Draft_6455/]: afterEnconding(14):           {}
[10:28:09] [Essential Thread 10/TRACE] [gg.essential.lib.websocket.WebSocketImpl/]: write(20): ‚Ž?ƒjª?ƒj¸?ƒjª?ƒj¨æþ
[10:28:10] [Client thread/DEBUG] [mixin/]: Mixing bugfixes.network.packet.EntityPacketsMixin_ResolveNpe from mixins.patcher.json into net.minecraft.network.play.server.S14PacketEntity
[10:28:10] [Client thread/DEBUG] [mixin/]: Mixing bugfixes.network.packet.EntityPacketsMixin_ResolveNpe from mixins.patcher.json into net.minecraft.network.play.server.S19PacketEntityHeadLook
[10:28:10] [Client thread/DEBUG] [mixin/]: Mixing bugfixes.network.packet.EntityPacketsMixin_ResolveNpe from mixins.patcher.json into net.minecraft.network.play.server.S19PacketEntityStatus
[10:28:10] [Client thread/DEBUG] [mixin/]: Mixing features.network.packet.S2EPacketCloseWindowMixin_NoCloseMyChat from mixins.patcher.json into net.minecraft.network.play.server.S2EPacketCloseWindow
[10:28:10] [Client thread/DEBUG] [mixin/]: Mixing performance.network.packet.S3FPacketCustomPayloadMixin_MemoryLeak from mixins.patcher.json into net.minecraft.network.play.server.S3FPacketCustomPayload
[10:28:10] [Client thread/DEBUG] [mixin/]: Mixing client.network.CPacketChatMessageAccessor from mixins.essential.json into net.minecraft.network.play.client.C01PacketChatMessage
[10:28:10] [Client thread/DEBUG] [mixin/]: Mixing features.network.packet.C01PacketChatMessageMixin_ExtendedChatLength from mixins.patcher.json into net.minecraft.network.play.client.C01PacketChatMessage
[10:28:10] [Client thread/DEBUG] [mixin/]: Mixing performance.network.packet.C17PacketCustomPayloadMixin_MemoryLeak from mixins.patcher.json into net.minecraft.network.play.client.C17PacketCustomPayload
[10:28:10] [Client thread/TRACE] [mixin/]: Added class metadata for net/minecraft/network/play/INetHandlerPlayServer to metadata cache
[10:28:10] [Client thread/DEBUG] [mixin/]: Mixing bugfixes.GuiScreenBookMixin_AddBackground from mixins.patcher.json into net.minecraft.client.gui.GuiScreenBook
[10:28:10] [Client thread/DEBUG] [mixin/]: Mixing bugfixes.GuiScreenBookMixin_ResolveRenderLayer from mixins.patcher.json into net.minecraft.client.gui.GuiScreenBook
[10:28:10] [Client thread/DEBUG] [mixin/]: Mixing bugfixes.gui.GuiScreenBookMixin from mixins.patcher.json into net.minecraft.client.gui.GuiScreenBook
[10:28:10] [Client thread/TRACE] [mixin/]: Added class metadata for com/google/gson/JsonParseException to metadata cache
[10:28:10] [Client thread/DEBUG] [mixin/]: Mixing client.gui.Mixin_BypassModCompat_Gui from mixins.essential.json into net.minecraft.client.gui.GuiDisconnected
[10:28:10] [Client thread/DEBUG] [mixin/]: Mixing client.gui.MixinGuiDisconnected_AddInvalidSessionRefreshGui from mixins.essential.json into net.minecraft.client.gui.GuiDisconnected
[10:28:10] [Client thread/TRACE] [mixin/]: Added class metadata for gg/essential/gui/multiplayer/disconnect/InvalidSessionRefreshGui to metadata cache
[10:28:10] [Client thread/TRACE] [mixin/]: Added class metadata for gg/essential/util/ServerConnectionUtil to metadata cache
[10:28:10] [Client thread/DEBUG] [mixin/]: Mixing compatibility.vanilla.serverdatareset.Mixin_FixServerDataNotReset_OnDisconnect from mixins.essential.json into net.minecraft.client.gui.GuiDisconnected
[10:28:10] [Client thread/TRACE] [mixin/]: Added class metadata for gg/essential/util/ServerDataInfo to metadata cache
[10:28:10] [Client thread/DEBUG] [mixin/]: Mixing performance.EntityOtherPlayerMPMixin_UselessAnimations from mixins.patcher.json into net.minecraft.client.entity.EntityOtherPlayerMP
[10:28:10] [Client thread/DEBUG] [mixin/]: Mixing feature.gamerules.MixinGameRulesValueAccessor from mixins.essential.json into net.minecraft.world.GameRules$Value
[10:28:10] [Client thread/DEBUG] [mixin/]: Mixing performance.GameRulesValueMixin_Optimization from mixins.patcher.json into net.minecraft.world.GameRules$Value
[10:28:10] [Client thread/DEBUG] [mixin/]: Mixing forge.Mixin_FixRaceConditionInServerHandshake from mixins.essential.json into net.minecraftforge.fml.common.network.handshake.NetworkDispatcher
[10:28:10] [Client thread/DEBUG] [mixin/]: Renaming synthetic method lambda$safelySetConnectionState$0(Lnet/minecraft/network/NetworkManager;Lnet/minecraft/network/EnumConnectionState;Ljava/util/concurrent/CompletableFuture;)V to md7ca026$lambda$safelySetConnectionState$0$0 in mixins.essential.json:forge.Mixin_FixRaceConditionInServerHandshake
[10:28:10] [Client thread/TRACE] [mixin/]: Added class metadata for io/netty/util/concurrent/EventExecutor to metadata cache
[10:28:10] [Client thread/TRACE] [mixin/]: Added class metadata for java/util/concurrent/CompletionStage to metadata cache
[10:28:10] [Client thread/TRACE] [mixin/]: Added class metadata for net/minecraft/network/EnumConnectionState to metadata cache
[10:28:10] [Client thread/TRACE] [mixin/]: Added class metadata for net/minecraftforge/fml/common/network/handshake/NetworkDispatcher$MultiPartCustomPayload to metadata cache
[10:28:10] [Client thread/DEBUG] [mixin/]: Mixing client.renderer.MixinPlayerSkinTexture from mixins.essential.json into net.minecraft.client.renderer.ThreadDownloadImageData
[10:28:10] [Client thread/TRACE] [mixin/]: Added class metadata for gg/essential/mixins/ext/client/renderer/PlayerSkinTextureExt to metadata cache
[10:28:10] [Client thread/TRACE] [mixin/]: Added class metadata for gg/essential/universal/UImage to metadata cache
[10:28:10] [Client thread/DEBUG] [mixin/]: Mixing features.ImageBufferDownloadMixin_ImprovedHeadRendering from mixins.patcher.json into net.minecraft.client.renderer.ImageBufferDownload
[10:28:10] [Client thread/TRACE] [mixin/]: Added class metadata for java/awt/image/WritableRaster to metadata cache
[10:28:10] [Client thread/TRACE] [mixin/]: Added class metadata for java/awt/image/Raster to metadata cache
[10:28:10] [Client thread/TRACE] [mixin/]: Added class metadata for java/awt/image/DataBufferInt to metadata cache
[10:28:10] [Client thread/TRACE] [mixin/]: Added class metadata for club/sk1er/patcher/hooks/EarsModHook to metadata cache
[10:28:10] [Client thread/TRACE] [mixin/]: Added class metadata for net/minecraft/client/renderer/IImageBuffer to metadata cache
[10:28:10] [Client thread/WARN] [mixin/]: Injection warning: LVT in net/minecraft/client/renderer/ImageBufferDownload::func_78432_a(Ljava/awt/image/BufferedImage;)Ljava/awt/image/BufferedImage; has incompatible changes at opcode 671 in callback mixins.patcher.json:features.ImageBufferDownloadMixin_ImprovedHeadRendering->@Inject::patcher$callPreprocess(Ljava/awt/image/BufferedImage;Lorg/spongepowered/asm/mixin/injection/callback/CallbackInfoReturnable;Ljava/awt/image/BufferedImage;Ljava/awt/Graphics;)V.
 Expected: [Ljava/awt/image/BufferedImage;, Ljava/awt/Graphics;]
    Found: [Ljava/awt/image/BufferedImage;, I]
Available: [Ljava/awt/image/BufferedImage;, I, I, I, Ljava/awt/image/BufferedImage;, Ljava/awt/Graphics;]
[10:28:10] [Snooper Timer/DEBUG] [mixin/]: Mixing feature.sps.Mixin_ResolveSpsResourcePackUrl from mixins.essential.json into net.minecraft.util.HttpUtil
[10:28:10] [Snooper Timer/TRACE] [mixin/]: Added class metadata for java/net/URL to metadata cache
[10:28:10] [Snooper Timer/TRACE] [mixin/]: Added class metadata for gg/essential/sps/quic/jvm/UtilKt to metadata cache
[10:28:10] [Essential Thread 1/TRACE] [gg.essential.lib.websocket.WebSocketImpl/]: send frame: Framedata{ opcode:BINARY, fin:true, rsv1:false, rsv2:false, rsv3:false, payload length:[pos:0, len:108], payload:      $59db2305-0ce8-4215-ac41-8c7c965e7769   <{"key":"PARTNERED_MODS","metadata":{"partnered_mod_ids":[]}}}
[10:28:10] [Essential Thread 1/TRACE] [gg.essential.lib.websocket.drafts.Draft_6455/]: afterEnconding(108):       $59db2305-0ce8-4215-ac41-8c7c965e7769   <{"key":"PARTNERED_MODS","metadata":{"partnered_mod_ids":[]}}
[10:28:10] [Essential Thread 1/TRACE] [gg.essential.lib.websocket.WebSocketImpl/]: write(114): ‚ìÓ›ŠÓ›…Ó›®æ¢èá¨+¿þ«xïë¶/¸â®6ë°¯*§ëø,éê­.ïä¬-³Ó›¶¨¹pïª¹!¨ƒÚIÞ?ÞIÏ—ÄVÅ—È9¦ñö~þ²ÿzþ²¹!ññëzø§õ~ø¶ÿDç¼ÿDã·è9°ˆÆf÷
[10:28:10] [WebSocketConnectReadThread-121/TRACE] [gg.essential.lib.websocket.WebSocketImpl/]: process(60): (‚:      $59db2305-0ce8-4215-ac41-8c7c965e7769   
{"a":true})
[10:28:10] [WebSocketConnectReadThread-121/TRACE] [gg.essential.lib.websocket.drafts.Draft_6455/]: afterDecoding(58):       $59db2305-0ce8-4215-ac41-8c7c965e7769   
{"a":true}
[10:28:10] [WebSocketConnectReadThread-121/TRACE] [gg.essential.lib.websocket.WebSocketImpl/]: matched frame: Framedata{ opcode:BINARY, fin:true, rsv1:false, rsv2:false, rsv3:false, payload length:[pos:0, len:58], payload:      $59db2305-0ce8-4215-ac41-8c7c965e7769   
{"a":true}}
[10:28:10] [Essential Thread 4/TRACE] [gg.essential.lib.websocket.WebSocketImpl/]: send frame: Framedata{ opcode:BINARY, fin:true, rsv1:false, rsv2:false, rsv3:false, payload length:[pos:0, len:126], payload:      $8baa169e-8586-4c7c-9ac0-b8eaf9378c06   N{"key":"COSMETICS_SALE_BANNER_IMPRESSION","metadata":{"sale_name":"20% off!"}}}
[10:28:10] [Essential Thread 4/TRACE] [gg.essential.lib.websocket.drafts.Draft_6455/]: afterEnconding(126):       $8baa169e-8586-4c7c-9ac0-b8eaf9378c06   N{"key":"COSMETICS_SALE_BANNER_IMPRESSION","metadata":{"sale_name":"20% off!"}}
[10:28:10] [Essential Thread 4/TRACE] [gg.essential.lib.websocket.WebSocketImpl/]: write(134): ‚þ ~?u¹ƒ?u¹Œ?u¹§¥Øâ¬C€æ°MŒ»«X?àª”ºü‰®ÿMÜâûLŠ´¥‰µ?u¹ÍæWÒæäWƒ¡Þ:êÎØ!ðÀÎ*êÂÑ0æÁÜ;÷ÆÏ*ðÎÍ'üÐÎ<öÍ¿Y›îøØçüØ¡§›ðüÜÜóÔæ¿O›±­P™ìû˜¡à
[10:28:10] [WebSocketConnectReadThread-121/TRACE] [gg.essential.lib.websocket.WebSocketImpl/]: process(60): (‚:      $8baa169e-8586-4c7c-9ac0-b8eaf9378c06   
{"a":true})
[10:28:10] [WebSocketConnectReadThread-121/TRACE] [gg.essential.lib.websocket.drafts.Draft_6455/]: afterDecoding(58):       $8baa169e-8586-4c7c-9ac0-b8eaf9378c06   
{"a":true}
[10:28:10] [WebSocketConnectReadThread-121/TRACE] [gg.essential.lib.websocket.WebSocketImpl/]: matched frame: Framedata{ opcode:BINARY, fin:true, rsv1:false, rsv2:false, rsv3:false, payload length:[pos:0, len:58], payload:      $8baa169e-8586-4c7c-9ac0-b8eaf9378c06   
{"a":true}}
[10:28:16] [Client thread/DEBUG] [mixin/]: Mixing accessors.PositionedSoundAccessor from mixins.patcher.json into net.minecraft.client.audio.PositionedSound
[10:28:17] [Client thread/DEBUG] [mixin/]: Mixing client.gui.Mixin_SelectionListDividers_GuiList from mixins.essential.json into net.minecraft.client.gui.GuiSlot
[10:28:17] [Client thread/TRACE] [mixin/]: Added class metadata for gg/essential/mixins/ext/client/gui/SelectionListWithDividers to metadata cache
[10:28:17] [Client thread/TRACE] [mixin/]: Added class metadata for java/util/TreeMap to metadata cache
[10:28:17] [Client thread/TRACE] [mixin/]: Added class metadata for java/util/SortedMap to metadata cache
[10:28:17] [Client thread/DEBUG] [mixin/]: Mixing features.smoothscrolling.GuiSlotMixin from mixins.patcher.json into net.minecraft.client.gui.GuiSlot
[10:28:17] [Client thread/TRACE] [mixin/]: Added class metadata for cc/polyfrost/oneconfig/gui/animations/DummyAnimation to metadata cache
[10:28:17] [Client thread/TRACE] [mixin/]: Added class metadata for cc/polyfrost/oneconfig/gui/animations/Animation to metadata cache
[10:28:17] [Client thread/TRACE] [mixin/]: Added class metadata for club/sk1er/patcher/util/animation/EaseOutQuart to metadata cache
[10:28:19] [WebSocketConnectReadThread-121/TRACE] [gg.essential.lib.websocket.WebSocketImpl/]: process(16): (‚   !       {})
[10:28:19] [WebSocketConnectReadThread-121/TRACE] [gg.essential.lib.websocket.drafts.Draft_6455/]: afterDecoding(14):    !       {}
[10:28:19] [WebSocketConnectReadThread-121/TRACE] [gg.essential.lib.websocket.WebSocketImpl/]: matched frame: Framedata{ opcode:BINARY, fin:true, rsv1:false, rsv2:false, rsv3:false, payload length:[pos:0, len:14], payload:   !       {}}
[10:28:19] [Essential Thread 6/TRACE] [gg.essential.lib.websocket.WebSocketImpl/]: send frame: Framedata{ opcode:BINARY, fin:true, rsv1:false, rsv2:false, rsv3:false, payload length:[pos:0, len:14], payload:          {}}
[10:28:19] [Essential Thread 6/TRACE] [gg.essential.lib.websocket.drafts.Draft_6455/]: afterEnconding(14):           {}
[10:28:19] [Essential Thread 6/TRACE] [gg.essential.lib.websocket.WebSocketImpl/]: write(20): ‚Ž+âÏ+âÝ+âÏ+âÍPo
[10:28:20] [Essential Thread 10/TRACE] [gg.essential.lib.websocket.WebSocketImpl/]: send frame: Framedata{ opcode:BINARY, fin:true, rsv1:false, rsv2:false, rsv3:false, payload length:[pos:0, len:60], payload:           0{"a":"upnp.ClientUPnPSessionClosePacket","b":19}}
[10:28:20] [Essential Thread 10/TRACE] [gg.essential.lib.websocket.drafts.Draft_6455/]: afterEnconding(60):            0{"a":"upnp.ClientUPnPSessionClosePacket","b":19}
[10:28:20] [Essential Thread 10/TRACE] [gg.essential.lib.websocket.WebSocketImpl/]: write(66): ‚¼úøJúøJúøJúøJO?Ú+]ÀÚ?”ˆd<–‘/Ž­ª«/‰‘%¹”%Ÿ¨+‘?>]ÖÚ(]ÀÉs
[10:28:20] [Essential Thread 10/TRACE] [gg.essential.lib.websocket.WebSocketImpl/]: send frame: Framedata{ opcode:BINARY, fin:true, rsv1:false, rsv2:false, rsv3:false, payload length:[pos:0, len:50], payload:      $6cacbab0-0195-4c09-942f-335e5fd397e3   {}}
[10:28:20] [Essential Thread 10/TRACE] [gg.essential.lib.websocket.drafts.Draft_6455/]: afterEnconding(50):       $6cacbab0-0195-4c09-942f-335e5fd397e3   {}
[10:28:20] [Essential Thread 10/TRACE] [gg.essential.lib.websocket.WebSocketImpl/]: write(56): ‚²’óo.’óo=’óo
¤?Mð’¿Ã^§Þ[M¢ÊB¦Á	¡ÀZK§•«Ä
’óo,éŽ
[10:28:20] [WebSocketConnectReadThread-121/TRACE] [gg.essential.lib.websocket.WebSocketImpl/]: process(159): (‚=           1{"a":"upnp.ServerUPnPSessionRemovePacket","b":34}‚^   "   $6cacbab0-0195-4c09-942f-335e5fd397e3   .{"a":["55ec3042-107a-413f-a189-3a26292be9df"]})
[10:28:20] [WebSocketConnectReadThread-121/TRACE] [gg.essential.lib.websocket.drafts.Draft_6455/]: afterDecoding(61):            1{"a":"upnp.ServerUPnPSessionRemovePacket","b":34}
[10:28:20] [WebSocketConnectReadThread-121/TRACE] [gg.essential.lib.websocket.drafts.Draft_6455/]: afterDecoding(94):    "   $6cacbab0-0195-4c09-942f-335e5fd397e3   .{"a":["55ec3042-107a-413f-a189-3a26292be9df"]}
[10:28:20] [WebSocketConnectReadThread-121/TRACE] [gg.essential.lib.websocket.WebSocketImpl/]: matched frame: Framedata{ opcode:BINARY, fin:true, rsv1:false, rsv2:false, rsv3:false, payload length:[pos:0, len:61], payload:           1{"a":"upnp.ServerUPnPSessionRemovePacket","b":34}}
[10:28:20] [WebSocketConnectReadThread-121/TRACE] [gg.essential.lib.websocket.WebSocketImpl/]: matched frame: Framedata{ opcode:BINARY, fin:true, rsv1:false, rsv2:false, rsv3:false, payload length:[pos:0, len:94], payload:   "   $6cacbab0-0195-4c09-942f-335e5fd397e3   .{"a":["55ec3042-107a-413f-a189-3a26292be9df"]}}
